Date,EM EUROPE & MIDDLE EAST ESG LEADERS
2007-09-28,1000.0
2007-10-01,1011.1059520995447
2007-10-02,1017.3663265580311
2007-10-03,1013.0753461967785
2007-10-04,1015.4908594546094
2007-10-05,1033.4528157940495
2007-10-08,1030.3896200820477
2007-10-09,1041.24856843604
2007-10-10,1037.3270811486786
2007-10-11,1066.7814996532286
2007-10-12,1057.4348227222674
2007-10-15,1063.085938635833
2007-10-16,1037.5654851228683
2007-10-17,1047.5223014089386
2007-10-18,1040.384169333774
2007-10-19,1038.5226754099103
2007-10-22,1020.4776628815105
2007-10-23,1047.9940150020075
2007-10-24,1042.241614943501
2007-10-25,1062.8709453883073
2007-10-26,1080.9705894952676
2007-10-29,1096.1510052868337
2007-10-30,1092.7348301611833
2007-10-31,1097.4224182681787
2007-11-01,1092.7198545079382
2007-11-02,1089.245869634349
2007-11-05,1083.9952708308374
2007-11-06,1101.9233963369813
2007-11-07,1093.4074288378474
2007-11-08,1092.41914695926
2007-11-09,1076.9228444743067
2007-11-12,1048.1568076838307
2007-11-13,1057.9139683634628
2007-11-14,1067.4307005101443
2007-11-15,1052.3046301856043
2007-11-16,1046.183851799544
2007-11-19,1042.6134565453171
2007-11-20,1056.2778717524889
2007-11-21,1046.8939819704106
2007-11-22,1039.3896470714428
2007-11-23,1038.563940525305
2007-11-26,1040.9603979453432
2007-11-27,1014.42051498366
2007-11-28,1040.7083682644095
2007-11-29,1049.9786180565013
2007-11-30,1060.9763105998554
2007-12-03,1044.214791427823
2007-12-04,1051.665821301226
2007-12-05,1086.537147390326
2007-12-06,1100.9439676100492
2007-12-07,1114.911317709238
2007-12-10,1134.7797112135283
2007-12-11,1121.756150450553
2007-12-12,1127.8170058640853
2007-12-13,1099.6362521815358
2007-12-14,1075.279141584012
2007-12-17,1044.1562541533324
2007-12-18,1046.048829917562
2007-12-19,1037.6021048860216
2007-12-20,1035.3779251113817
2007-12-21,1034.3834188979954
2007-12-24,1039.6750749802322
2007-12-25,1040.3693796691643
2007-12-26,1043.7939067142936
2007-12-27,1064.291313153975
2007-12-28,1065.0551229213272
2007-12-31,1063.132613518506
2008-01-01,1063.132613518506
2008-01-02,1069.2448540408154
2008-01-03,1074.0120207169375
2008-01-04,1059.6877815235155
2008-01-07,1043.621737733012
2008-01-08,1066.9316547136782
2008-01-09,1042.2802094733831
2008-01-10,1028.9695807818316
2008-01-11,1027.0598650757006
2008-01-14,1031.2720659131007
2008-01-15,1001.4646832978245
2008-01-16,946.4261637807483
2008-01-17,942.691357608838
2008-01-18,947.4085667054791
2008-01-21,873.9870536026358
2008-01-22,884.2822377668132
2008-01-23,858.949170994914
2008-01-24,926.2803949125351
2008-01-25,929.3912127169139
2008-01-28,903.12464768167
2008-01-29,914.0471988853116
2008-01-30,918.2959708325225
2008-01-31,891.3478937562738
2008-02-01,919.124371450053
2008-02-04,938.4683909923613
2008-02-05,902.6289975672963
2008-02-06,899.2039539141714
2008-02-07,862.7552919345403
2008-02-08,864.4464416896542
2008-02-11,876.2610610729699
2008-02-12,921.9114653370756
2008-02-13,939.0624975273287
2008-02-14,947.2591034696427
2008-02-15,928.5450546876556
2008-02-18,948.3785380199786
2008-02-19,952.6160783602674
2008-02-20,942.4624649703403
2008-02-21,956.5527005925817
2008-02-22,946.982692862657
2008-02-25,963.403148082951
2008-02-26,968.6084387765509
2008-02-27,982.8579616172036
2008-02-28,980.6207105848173
2008-02-29,956.1106908394581
2008-03-03,940.7602939442253
2008-03-04,923.606848867067
2008-03-05,947.6269634126127
2008-03-06,929.1385972100345
2008-03-07,907.9547139941402
2008-03-10,909.8412419531371
2008-03-11,948.5377917408432
2008-03-12,970.8859196077027
2008-03-13,946.4553017844822
2008-03-14,947.3053401704079
2008-03-17,913.0563447126088
2008-03-18,946.9331491420971
2008-03-19,949.6488890964288
2008-03-20,912.4609200468699
2008-03-21,915.0246064729012
2008-03-24,921.5606309579331
2008-03-25,954.0572794319753
2008-03-26,963.1383089999661
2008-03-27,982.1361387942238
2008-03-28,974.6519813662098
2008-03-31,963.1148092532686
2008-04-01,976.2139367171176
2008-04-02,979.8394897930001
2008-04-03,977.4160027156807
2008-04-04,984.4054465388505
2008-04-07,1004.1193174040793
2008-04-08,995.042190655502
2008-04-09,1004.4074530716782
2008-04-10,991.7914900404647
2008-04-11,970.295911982152
2008-04-14,967.3445400387857
2008-04-15,970.050277351344
2008-04-16,978.6414253506947
2008-04-17,979.2023563997777
2008-04-18,989.5561846556595
2008-04-21,992.6174466430548
2008-04-22,990.9495632531787
2008-04-23,977.4033582459147
2008-04-24,969.629532857298
2008-04-25,968.6309116885345
2008-04-28,978.6130095226852
2008-04-29,955.1086621154872
2008-04-30,958.7190861395575
2008-05-01,949.8998579539548
2008-05-02,960.9807474906497
2008-05-05,979.338983623297
2008-05-06,986.4148099306431
2008-05-07,1005.7581076457599
2008-05-08,996.3214073069217
2008-05-09,991.875287783619
2008-05-12,996.8922565467016
2008-05-13,1010.4228966079282
2008-05-14,1020.8987177201843
2008-05-15,1022.3144345555706
2008-05-16,1048.8848988580487
2008-05-19,1050.8247358230794
2008-05-20,1042.4853586252445
2008-05-21,1039.8077876627526
2008-05-22,1032.7829095946813
2008-05-23,1026.137926958612
2008-05-26,1027.8048171799537
2008-05-27,1020.8467366715396
2008-05-28,1023.3100092259549
2008-05-29,1024.924029965031
2008-05-30,1031.968252509454
2008-06-02,1028.4035414980583
2008-06-03,1024.4106078601628
2008-06-04,1009.0730723605978
2008-06-05,1020.7687920922498
2008-06-06,1020.0250237814315
2008-06-09,1012.7253827270015
2008-06-10,980.8662253863935
2008-06-11,984.5929646837906
2008-06-12,986.8501972545457
2008-06-13,990.0937714860997
2008-06-16,994.5377078988568
2008-06-17,1016.346746949495
2008-06-18,1011.6324486924539
2008-06-19,1018.9069852616959
2008-06-20,1009.8751703038682
2008-06-23,990.0676013882139
2008-06-24,982.2409149708492
2008-06-25,992.2054841293224
2008-06-26,990.5405329951095
2008-06-27,985.980458871682
2008-06-30,990.8559109053557
2008-07-01,987.982782593015
2008-07-02,996.1352689930616
2008-07-03,972.3529089437686
2008-07-04,956.505766299248
2008-07-07,971.2919887545567
2008-07-08,974.0779965725386
2008-07-09,1003.3075430230716
2008-07-10,1005.2422293527519
2008-07-11,1004.5075617297947
2008-07-14,1017.3790161215406
2008-07-15,999.2406263772184
2008-07-16,996.1095747930185
2008-07-17,1027.4722659116512
2008-07-18,1019.361719952821
2008-07-21,1030.7796719149962
2008-07-22,1025.4631734082316
2008-07-23,1013.1510939040951
2008-07-24,990.5489001877197
2008-07-25,973.6906083159001
2008-07-28,985.6282274549735
2008-07-29,980.3619705303671
2008-07-30,1011.495181746126
2008-07-31,1031.8411912438794
2008-08-01,1015.3728179966178
2008-08-04,1002.4004335324394
2008-08-05,984.1720035317511
2008-08-06,972.5590701172338
2008-08-07,963.8559851225941
2008-08-08,915.6885613022896
2008-08-11,927.7334301344812
2008-08-12,938.8726809764478
2008-08-13,924.5015739444175
2008-08-14,931.0744237912177
2008-08-15,917.3761584045732
2008-08-18,922.4846522411359
2008-08-19,891.7452672419827
2008-08-20,905.6245615504023
2008-08-21,907.1415083554763
2008-08-22,917.8549089125153
2008-08-25,908.5855960784532
2008-08-26,877.0154005726857
2008-08-27,876.0339717251292
2008-08-28,893.2454454335084
2008-08-29,904.2557769284042
2008-09-01,891.3609020476238
2008-09-02,896.619167431535
2008-09-03,871.6262884362384
2008-09-04,853.2679661541196
2008-09-05,800.4576048276224
2008-09-08,827.493873811541
2008-09-09,806.53627976028
2008-09-10,782.708118380209
2008-09-11,755.2478484373337
2008-09-12,784.9540972010293
2008-09-15,748.5037579067508
2008-09-16,699.2703422526189
2008-09-17,694.4929573996094
2008-09-18,707.9826235892688
2008-09-19,810.9925402272711
2008-09-22,827.773147886763
2008-09-23,801.3995412313193
2008-09-24,795.2827274422351
2008-09-25,816.0524785114392
2008-09-26,807.3219578275445
2008-09-29,747.969387838348
2008-09-30,739.1704368861077
2008-10-01,752.4136416609314
2008-10-02,712.8459678427402
2008-10-03,697.4715361862536
2008-10-06,605.1913137893039
2008-10-07,613.683826332572
2008-10-08,577.0184389406784
2008-10-09,573.6095939825262
2008-10-10,512.4768674500767
2008-10-13,544.2034894214439
2008-10-14,599.414151596537
2008-10-15,541.6565415960182
2008-10-16,493.5328816842841
2008-10-17,462.61501062797595
2008-10-20,461.92744153308297
2008-10-21,459.55610751331017
2008-10-22,414.6679136759243
2008-10-23,409.33755647614896
2008-10-24,372.48997823790387
2008-10-27,358.69368768003017
2008-10-28,384.18027482933024
2008-10-29,455.12235808024485
2008-10-30,471.32992002924794
2008-10-31,482.6855442724952
2008-11-03,482.8003455679949
2008-11-04,526.1597017897708
2008-11-05,506.5104082992356
2008-11-06,461.6518749918103
2008-11-07,465.69540521137736
2008-11-10,463.14820922044635
2008-11-11,423.66561999764235
2008-11-12,400.5167710809155
2008-11-13,387.42478670945513
2008-11-14,405.0741732508853
2008-11-17,390.9891491824533
2008-11-18,369.46221400959456
2008-11-19,363.93436721421705
2008-11-20,333.37363882450705
2008-11-21,339.50227549846
2008-11-24,389.6440677290643
2008-11-25,405.0416616264095
2008-11-26,399.633214457372
2008-11-27,405.26401674247694
2008-11-28,407.5946252090134
2008-12-01,389.68482505991994
2008-12-02,397.9847055817595
2008-12-03,391.37623878200696
2008-12-04,405.7612845776118
2008-12-05,387.9942303005609
2008-12-08,413.6893401111603
2008-12-09,411.5310970819617
2008-12-10,415.5742133738618
2008-12-11,418.3303284931543
2008-12-12,401.6503195443228
2008-12-15,418.404084845714
2008-12-16,421.92062622182124
2008-12-17,435.367462071871
2008-12-18,436.80430171393914
2008-12-19,423.1552696613437
2008-12-22,417.494963472752
2008-12-23,424.5213918414884
2008-12-24,423.500487837914
2008-12-25,423.5846369190894
2008-12-26,422.0343557929484
2008-12-29,429.85772301850307
2008-12-30,426.9880946673811
2008-12-31,421.06011833565225
2009-01-01,421.06011833565225
2009-01-02,423.35060736961725
2009-01-05,436.8220632065841
2009-01-06,454.8254502270469
2009-01-07,444.71782636851134
2009-01-08,434.9867850063737
2009-01-09,423.6339487890703
2009-01-12,407.7890233438831
2009-01-13,400.6215179179226
2009-01-14,381.5299404356791
2009-01-15,369.0535927234921
2009-01-16,375.67612818217003
2009-01-19,357.54581680730547
2009-01-20,346.79061219213986
2009-01-21,348.2165578517734
2009-01-22,337.8459949506167
2009-01-23,329.4725076938849
2009-01-26,357.24704492523796
2009-01-27,348.55108722482663
2009-01-28,360.95194095080745
2009-01-29,352.7434862912706
2009-01-30,340.3318591019412
2009-02-02,328.4824398657301
2009-02-03,321.12004210772443
2009-02-04,324.3596407797101
2009-02-05,318.56073685154445
2009-02-06,330.7514176914755
2009-02-09,352.75191919658306
2009-02-10,346.12467897472743
2009-02-11,330.78164155505584
2009-02-12,316.2213962007165
2009-02-13,323.5640131814299
2009-02-16,304.3302077668543
2009-02-17,273.04235346046545
2009-02-18,274.51036969847115
2009-02-19,292.78325544181143
2009-02-20,284.2845722934715
2009-02-23,291.3499154899762
2009-02-24,287.41576642868694
2009-02-25,283.73980630987774
2009-02-26,290.6581738574928
2009-02-27,286.7374352239581
2009-03-02,277.3330467483319
2009-03-03,278.4371191047839
2009-03-04,287.5088043096233
2009-03-05,275.67904882997425
2009-03-06,284.397597664649
2009-03-09,284.1634122377177
2009-03-10,302.15829662548794
2009-03-11,304.7754672976474
2009-03-12,306.8982673433325
2009-03-13,314.0883112948004
2009-03-16,320.11285865987594
2009-03-17,312.75239087757114
2009-03-18,312.1339832613645
2009-03-19,333.0709794022961
2009-03-20,337.6016587125796
2009-03-23,350.2131028621353
2009-03-24,350.8185569921763
2009-03-25,365.78072899793506
2009-03-26,368.3754542933344
2009-03-27,349.3442703063007
2009-03-30,326.6460461591253
2009-03-31,335.7845908731337
2009-04-01,344.7621462180355
2009-04-02,378.81874552367805
2009-04-03,383.20775552887875
2009-04-06,386.2534717328006
2009-04-07,371.49454973720907
2009-04-08,386.4319902450844
2009-04-09,407.2045456062494
2009-04-10,407.86201600195255
2009-04-13,408.69084421468756
2009-04-14,408.1011813481517
2009-04-15,406.9477040189874
2009-04-16,416.2761277120144
2009-04-17,407.6550145436552
2009-04-20,386.26101926043526
2009-04-21,383.41201541812814
2009-04-22,397.34192371037
2009-04-23,397.90750390002995
2009-04-24,412.32219369056054
2009-04-27,401.5718206819322
2009-04-28,396.33561925434526
2009-04-29,422.6734666803683
2009-04-30,432.969548144429
2009-05-01,435.40202980275643
2009-05-04,452.4641755479308
2009-05-05,458.2489911414027
2009-05-06,457.4381893801314
2009-05-07,466.93751765721606
2009-05-08,472.6379403740908
2009-05-11,470.9552650765737
2009-05-12,484.8293289824584
2009-05-13,461.8044033475091
2009-05-14,459.0371068723645
2009-05-15,463.3860209680241
2009-05-18,471.8104446776161
2009-05-19,491.697345303136
2009-05-20,515.3910013341806
2009-05-21,492.8489025463211
2009-05-22,501.39890797340496
2009-05-25,503.10557149777463
2009-05-26,498.2002163425309
2009-05-27,504.86858709853266
2009-05-28,499.11421221684475
2009-05-29,511.87666566673255
2009-06-01,541.9309979765575
2009-06-02,548.4218590598337
2009-06-03,524.7428458256214
2009-06-04,523.2248346538813
2009-06-05,525.6161349524479
2009-06-08,513.434462336691
2009-06-09,531.726768829489
2009-06-10,542.4011049391194
2009-06-11,545.8442832257278
2009-06-12,546.7446136834106
2009-06-15,526.3003617614805
2009-06-16,529.1569541301662
2009-06-17,508.88289215968
2009-06-18,516.4537063323337
2009-06-19,526.0885292843938
2009-06-22,497.6021241621767
2009-06-23,489.6245603007889
2009-06-24,507.6063570697962
2009-06-25,501.7679556029434
2009-06-26,511.7216521668031
2009-06-29,516.478321855968
2009-06-30,511.6553313746859
2009-07-01,529.1460610213528
2009-07-02,512.9647423298508
2009-07-03,509.6095201791905
2009-07-06,495.20050681242094
2009-07-07,498.31659136552827
2009-07-08,485.4770885532415
2009-07-09,488.31490022950754
2009-07-10,478.51456441683405
2009-07-13,484.4161179738679
2009-07-14,502.4993749686022
2009-07-15,522.358684870179
2009-07-16,518.1526814818354
2009-07-17,515.4944367178973
2009-07-20,541.8066137901556
2009-07-21,546.4319101471652
2009-07-22,537.1008812934372
2009-07-23,557.2068089146449
2009-07-24,563.2383844979232
2009-07-27,571.0905915327247
2009-07-28,558.3637642700576
2009-07-29,554.9437176663998
2009-07-30,583.5375330460903
2009-07-31,599.7232521189181
2009-08-03,629.0275180424251
2009-08-04,624.9585326337503
2009-08-05,616.738829033465
2009-08-06,617.860942956544
2009-08-07,619.8625720252874
2009-08-10,625.8199382915993
2009-08-11,600.5896378301803
2009-08-12,609.6189428462017
2009-08-13,625.6966648989614
2009-08-14,612.963193215123
2009-08-17,587.3919539676854
2009-08-18,596.2975040780847
2009-08-19,600.0657771777841
2009-08-20,612.6643915344351
2009-08-21,627.4583698647767
2009-08-24,649.6703987441618
2009-08-25,656.1224899111744
2009-08-26,631.0341261002695
2009-08-27,619.0720278012709
2009-08-28,636.9465551181324
2009-08-31,630.2251328613428
2009-09-01,624.3919585952261
2009-09-02,596.7724707381649
2009-09-03,604.7090820899068
2009-09-04,607.6070046315018
2009-09-07,627.3688667661381
2009-09-08,639.3256539327602
2009-09-09,643.7903092029167
2009-09-10,635.6389621351898
2009-09-11,641.9172099950819
2009-09-14,633.2261021559698
2009-09-15,635.0442273673973
2009-09-16,656.4733041940643
2009-09-17,665.1610106012296
2009-09-18,659.9377603152491
2009-09-21,644.7347878145121
2009-09-22,670.6523060856742
2009-09-23,679.5552170540886
2009-09-24,677.4149456861688
2009-09-25,671.6184071795767
2009-09-28,676.6405496320187
2009-09-29,668.5667840515104
2009-09-30,666.600203261993
2009-10-01,670.8181543352174
2009-10-02,650.7821183561156
2009-10-05,652.2112102898494
2009-10-06,678.0707476649644
2009-10-07,664.0822774054238
2009-10-08,677.9436037359268
2009-10-09,683.4630175131505
2009-10-12,704.3923251765797
2009-10-13,694.4267505843806
2009-10-14,717.3922964110232
2009-10-15,709.6953974051155
2009-10-16,699.732050737038
2009-10-19,716.9992732713007
2009-10-20,727.1597649269454
2009-10-21,729.9574524330467
2009-10-22,722.8466799733364
2009-10-23,735.8534334950449
2009-10-26,726.1856123534559
2009-10-27,699.573790166135
2009-10-28,667.3141196544392
2009-10-29,687.00130167494
2009-10-30,673.6565784312455
2009-11-02,675.1317949958061
2009-11-03,649.4493074072644
2009-11-04,677.7618450773128
2009-11-05,694.7304209462533
2009-11-06,688.1565967742201
2009-11-09,719.4756601801245
2009-11-10,729.3976586434346
2009-11-11,736.3773571580749
2009-11-12,734.2478529105229
2009-11-13,727.0591906948945
2009-11-16,752.0137231606996
2009-11-17,739.7894727681316
2009-11-18,744.4173091578095
2009-11-19,722.1083731102965
2009-11-20,719.20419725844
2009-11-23,744.2937601447295
2009-11-24,728.2952156449769
2009-11-25,730.9776489198307
2009-11-26,703.4478587229734
2009-11-27,710.0115013884816
2009-11-30,719.8903737168195
2009-12-01,733.3596513810088
2009-12-02,737.4703482579494
2009-12-03,747.1416941676507
2009-12-04,757.4605003799405
2009-12-07,743.9886421917796
2009-12-08,716.4862143529283
2009-12-09,702.2985582990375
2009-12-10,701.8813045359159
2009-12-11,703.0350289889952
2009-12-14,705.7093764689173
2009-12-15,696.6687847535952
2009-12-16,707.5354162955089
2009-12-17,685.7580564508461
2009-12-18,677.6614069311711
2009-12-21,690.4263329061483
2009-12-22,688.2750632047719
2009-12-23,695.7010874831434
2009-12-24,697.2491380323215
2009-12-25,698.2006131968803
2009-12-28,704.2051591230927
2009-12-29,705.4075734440489
2009-12-30,700.2951089942563
2009-12-31,706.2639004793523
2010-01-01,706.2639004793523
2010-01-04,726.1431528732273
2010-01-05,737.5580769058533
2010-01-06,739.3880513981165
2010-01-07,732.5907860392622
2010-01-08,738.1315820884023
2010-01-11,766.4578947099523
2010-01-12,760.6170723501274
2010-01-13,767.2832834134962
2010-01-14,773.0599510785497
2010-01-15,761.631676129016
2010-01-18,773.1231902757337
2010-01-19,779.4680139713678
2010-01-20,763.2047426996943
2010-01-21,751.5693949409513
2010-01-22,735.1624785308014
2010-01-25,738.9805253042781
2010-01-26,724.4659966659068
2010-01-27,720.9539775548337
2010-01-28,719.4255198650814
2010-01-29,726.7957337458498
2010-02-01,730.1487928840102
2010-02-02,732.0949249610832
2010-02-03,728.569291512515
2010-02-04,690.6682181444608
2010-02-05,654.9631960784691
2010-02-08,651.737237081924
2010-02-09,662.0767244234893
2010-02-10,662.7673170794307
2010-02-11,660.4642626095012
2010-02-12,660.9661164897119
2010-02-15,669.8760713009411
2010-02-16,683.4290802645374
2010-02-17,691.2594737269825
2010-02-18,682.4980269541113
2010-02-19,680.8969492946445
2010-02-22,689.3568407740877
2010-02-23,675.9708868696976
2010-02-24,668.0836564967415
2010-02-25,651.5118953339099
2010-02-26,669.3562713346795
2010-03-01,674.5291000550613
2010-03-02,690.0025205800534
2010-03-03,701.2864444325795
2010-03-04,694.3893642383784
2010-03-05,709.4767029877337
2010-03-08,718.5063077588462
2010-03-09,716.4138003634278
2010-03-10,725.8790256610355
2010-03-11,726.1010336546874
2010-03-12,733.5776301898043
2010-03-15,724.6237711035117
2010-03-16,749.6576296160873
2010-03-17,757.90460607668
2010-03-18,746.6003666822512
2010-03-19,734.5645409993587
2010-03-22,735.8158756451827
2010-03-23,738.2649176129139
2010-03-24,730.4751662680911
2010-03-25,749.7682101102819
2010-03-26,748.3667953419733
2010-03-29,748.9795983327231
2010-03-30,747.9331845340621
2010-03-31,750.8872370097449
2010-04-01,768.9353301741761
2010-04-02,771.2559321154744
2010-04-05,772.1298516066904
2010-04-06,773.7016073221644
2010-04-07,772.3456805453771
2010-04-08,759.1051652174763
2010-04-09,775.9037552589709
2010-04-12,792.390147558827
2010-04-13,787.4427489992341
2010-04-14,802.7758442207547
2010-04-15,797.0733102021552
2010-04-16,784.8904195181403
2010-04-19,765.1169933689274
2010-04-20,776.0272390699778
2010-04-21,774.38068902584
2010-04-22,756.648608986353
2010-04-23,771.6561446152053
2010-04-26,786.1355315832708
2010-04-27,767.8716199219336
2010-04-28,747.2719390381401
2010-04-29,763.623756220241
2010-04-30,765.1454028343953
2010-05-03,758.312336535721
2010-05-04,724.324012536326
2010-05-05,688.1685563802416
2010-05-06,666.0387787093738
2010-05-07,632.6416859244675
2010-05-10,694.4433273521591
2010-05-11,681.701380901107
2010-05-12,700.2793285283029
2010-05-13,700.5330098648514
2010-05-14,669.4551029541922
2010-05-17,669.3561978963739
2010-05-18,678.0065551261334
2010-05-19,646.6974909482907
2010-05-20,618.4803969586667
2010-05-21,628.6830265345244
2010-05-24,635.1276278371058
2010-05-25,593.2981801725276
2010-05-26,621.7005208499622
2010-05-27,637.7176342878274
2010-05-28,654.637685735709
2010-05-31,654.7624268335293
2010-06-01,642.0512002384226
2010-06-02,642.9453123471521
2010-06-03,643.6370199068913
2010-06-04,615.729707277267
2010-06-07,603.1251780354131
2010-06-08,599.9225116077052
2010-06-09,609.2926852771463
2010-06-10,623.2417265457229
2010-06-11,626.34561172113
2010-06-14,641.7743583252704
2010-06-15,650.2893832872738
2010-06-16,648.638169251559
2010-06-17,651.7128819709285
2010-06-18,658.8005110620302
2010-06-21,672.0263228907695
2010-06-22,660.6241804504452
2010-06-23,646.3327902964202
2010-06-24,637.6079668671662
2010-06-25,629.7952786522076
2010-06-28,633.3716754871855
2010-06-29,611.1377231713403
2010-06-30,616.1740465035215
2010-07-01,615.7009961299257
2010-07-02,635.5483632953521
2010-07-05,635.6622092084635
2010-07-06,650.6453731734431
2010-07-07,649.4911110064658
2010-07-08,656.3317926079488
2010-07-09,653.8037490543581
2010-07-12,659.4711130243533
2010-07-13,669.7620904139172
2010-07-14,670.9476016413786
2010-07-15,675.741483824805
2010-07-16,669.3262110196303
2010-07-19,665.5550095560848
2010-07-20,662.3647388733616
2010-07-21,676.3774060474445
2010-07-22,691.4882080494124
2010-07-23,684.5158589207384
2010-07-26,700.485903073105
2010-07-27,706.7762298859245
2010-07-28,706.141383269333
2010-07-29,714.3440407855438
2010-07-30,709.234691072087
2010-08-02,739.4852898251517
2010-08-03,738.4962750009548
2010-08-04,741.6795092382459
2010-08-05,737.7697328641038
2010-08-06,740.0135531940776
2010-08-09,735.961906186904
2010-08-10,718.0191983811135
2010-08-11,697.7471745494983
2010-08-12,695.1121254756606
2010-08-13,692.8896347814219
2010-08-16,707.13700273377
2010-08-17,714.8959591296397
2010-08-18,710.136162394868
2010-08-19,707.4366599752352
2010-08-20,694.8282239727877
2010-08-23,693.787411756214
2010-08-24,676.7292469916715
2010-08-25,667.4363221743131
2010-08-26,681.5183588277519
2010-08-27,687.2608803741143
2010-08-30,684.767766472859
2010-08-31,687.4676566021681
2010-09-01,705.2416475711406
2010-09-02,708.7977062983441
2010-09-03,715.9989858116907
2010-09-06,720.3750031021158
2010-09-07,706.7383798580636
2010-09-08,718.4028998607512
2010-09-09,721.6635756772463
2010-09-10,722.4519540991622
2010-09-13,741.4559099196427
2010-09-14,744.5429379661075
2010-09-15,745.4941042508532
2010-09-16,742.5246203847418
2010-09-17,741.9800562445878
2010-09-20,751.00267359093
2010-09-21,755.0365860722299
2010-09-22,764.1232835244253
2010-09-23,754.1531261369632
2010-09-24,767.115808013517
2010-09-27,768.5020224429212
2010-09-28,767.694780131972
2010-09-29,769.4654260370187
2010-09-30,783.1652229656202
2010-10-01,790.3556728660986
2010-10-04,793.1493418716907
2010-10-05,812.0865453034506
2010-10-06,821.447289468629
2010-10-07,815.6262115532722
2010-10-08,808.2893261676566
2010-10-11,817.9366533098456
2010-10-12,813.9608510417041
2010-10-13,833.8458433134525
2010-10-14,834.6345108751401
2010-10-15,826.0529035738102
2010-10-18,825.6839196971935
2010-10-19,806.3541061776876
2010-10-20,814.1376355832335
2010-10-21,827.2020765195599
2010-10-22,822.0966955746848
2010-10-25,833.3372121732581
2010-10-26,825.8960235485147
2010-10-27,808.7815770559306
2010-10-28,821.3050194670461
2010-10-29,825.4828409865173
2010-11-01,828.7528680327408
2010-11-02,842.0839416396411
2010-11-03,843.6002869415178
2010-11-04,872.5461838143292
2010-11-05,864.5361612368218
2010-11-08,857.9885456932878
2010-11-09,888.0625660910625
2010-11-10,856.8446227086233
2010-11-11,850.2671858829793
2010-11-12,849.2161240571905
2010-11-15,843.737818890852
2010-11-16,823.715904548889
2010-11-17,821.8270617348297
2010-11-18,834.4880971344929
2010-11-19,834.3230619994617
2010-11-22,818.7363910889444
2010-11-23,798.4991946165155
2010-11-24,809.0076831308969
2010-11-25,804.9675546704283
2010-11-26,787.4634585725621
2010-11-29,765.0700541007521
2010-11-30,764.9166113969076
2010-12-01,789.3885396614571
2010-12-02,805.2961349178333
2010-12-03,828.5910721577657
2010-12-06,829.1479720111349
2010-12-07,842.1918471423921
2010-12-08,828.9753635441127
2010-12-09,824.7263058513338
2010-12-10,823.6780985699489
2010-12-13,837.2396226106033
2010-12-14,841.5546034675775
2010-12-15,840.6237230372584
2010-12-16,833.1935856041039
2010-12-17,828.8605775139607
2010-12-20,823.1883423672652
2010-12-21,836.0541547842862
2010-12-22,837.8348007123944
2010-12-23,841.9508266361051
2010-12-24,842.9652601574544
2010-12-27,842.8202924840975
2010-12-28,837.5254606948909
2010-12-29,845.404566996518
2010-12-30,852.3707505752386
2010-12-31,855.4048638373912
2011-01-03,861.4234744461584
2011-01-04,860.0449186310917
2011-01-05,853.0789908162894
2011-01-06,853.6365712817608
2011-01-07,842.5844607619323
2011-01-10,827.209392554956
2011-01-11,840.3392831038418
2011-01-12,868.8812079688864
2011-01-13,879.6727170816622
2011-01-14,877.5574609163009
2011-01-17,881.9497656883005
2011-01-18,901.8555422016117
2011-01-19,899.5644771884135
2011-01-20,874.895064763639
2011-01-21,895.9165522520893
2011-01-24,891.043178792867
2011-01-25,879.7807239763234
2011-01-26,889.184882364857
2011-01-27,895.7765345859967
2011-01-28,868.3864879324343
2011-01-31,871.6641196083193
2011-02-01,899.0169070939578
2011-02-02,896.7694059131396
2011-02-03,890.97238360202
2011-02-04,897.8990230978177
2011-02-07,897.4578104504096
2011-02-08,890.9057893944753
2011-02-09,891.3012027599608
2011-02-10,866.6221537118607
2011-02-11,873.397672751771
2011-02-14,867.001050087271
2011-02-15,869.9215142803761
2011-02-16,874.3468692003759
2011-02-17,866.9876836263484
2011-02-18,873.7605599845468
2011-02-21,870.4866059776546
2011-02-22,864.2280055235844
2011-02-23,863.0736810421131
2011-02-24,857.1431501748559
2011-02-25,870.5584932066562
2011-02-28,887.8870647152769
2011-03-01,879.4176378358142
2011-03-02,883.7348205045944
2011-03-03,893.7238723854139
2011-03-04,902.6806527931261
2011-03-07,907.6416075215195
2011-03-08,898.8456099918604
2011-03-09,897.3215382747982
2011-03-10,877.7887963255068
2011-03-11,876.2270435727322
2011-03-14,881.8090840414064
2011-03-15,871.4051550318682
2011-03-16,864.4455949763809
2011-03-17,887.2922362842784
2011-03-18,895.5773735000749
2011-03-21,911.1613977218035
2011-03-22,910.7715798944533
2011-03-23,913.4972742647973
2011-03-24,926.2776198917816
2011-03-25,935.5159718793992
2011-03-28,936.5713187318444
2011-03-29,925.5515227878548
2011-03-30,930.4105763218265
2011-03-31,935.6096805270575
2011-04-01,954.2063340831317
2011-04-04,969.583295441118
2011-04-05,971.0851773689155
2011-04-06,994.3703111579149
2011-04-07,993.9977041407832
2011-04-08,996.2904345416121
2011-04-11,993.1105900738263
2011-04-12,978.6040883841353
2011-04-13,995.3155612583028
2011-04-14,985.1070856617339
2011-04-15,988.5228571613526
2011-04-18,948.950967133432
2011-04-19,974.0330511226869
2011-04-20,999.9445088143252
2011-04-21,1007.3261824158875
2011-04-22,1007.410227768174
2011-04-25,1003.4448165155081
2011-04-26,1008.7491768978202
2011-04-27,1008.318866135189
2011-04-28,1021.6385637724254
2011-04-29,1017.9223671713972
2011-05-02,1024.4793997575061
2011-05-03,1010.4543353297413
2011-05-04,1000.1868813971265
2011-05-05,980.4364552694587
2011-05-06,984.2182874328622
2011-05-09,962.1872163877998
2011-05-10,979.5580352267893
2011-05-11,973.9308548779214
2011-05-12,953.6456466848321
2011-05-13,949.7401972024807
2011-05-16,952.3495808912911
2011-05-17,940.4590959248511
2011-05-18,951.096480573595
2011-05-19,952.070479017589
2011-05-20,946.8004807612024
2011-05-23,924.4884099453093
2011-05-24,938.614855268451
2011-05-25,932.9378393996116
2011-05-26,933.3188493329911
2011-05-27,952.1638061695086
2011-05-30,950.9214019621484
2011-05-31,972.4176710430175
2011-06-01,976.7560904732502
2011-06-02,982.1688698853123
2011-06-03,988.3330574712712
2011-06-06,988.391265637865
2011-06-07,1002.4446905439861
2011-06-08,989.9726107021985
2011-06-09,987.9780650580416
2011-06-10,976.3444016181536
2011-06-13,977.0012163805359
2011-06-14,987.1303565569273
2011-06-15,972.9597850479579
2011-06-16,950.2453129464735
2011-06-17,955.4450486820274
2011-06-20,944.1961848327918
2011-06-21,960.3756986310435
2011-06-22,959.1032377788019
2011-06-23,927.9916382672669
2011-06-24,936.2855971591728
2011-06-27,937.1040614206223
2011-06-28,944.2123030505414
2011-06-29,960.9698958067631
2011-06-30,969.1715160077063
2011-07-01,984.875823171092
2011-07-04,982.8890416825132
2011-07-05,986.6838574348627
2011-07-06,977.529836368738
2011-07-07,996.777680498369
2011-07-08,980.932124263967
2011-07-11,948.457131165168
2011-07-12,936.3582140965855
2011-07-13,961.0719580040371
2011-07-14,954.8181700753585
2011-07-15,948.8850370851643
2011-07-18,921.1035799578308
2011-07-19,931.452728935715
2011-07-20,942.7907207526396
2011-07-21,973.9570002265368
2011-07-22,978.8209131494817
2011-07-25,968.1516432936643
2011-07-26,972.1249673461328
2011-07-27,955.9572751259421
2011-07-28,966.886172200367
2011-07-29,969.1420671821081
2011-08-01,962.0975296504141
2011-08-02,951.7178070221344
2011-08-03,915.7320190639805
2011-08-04,883.6733875884026
2011-08-05,867.2784232177904
2011-08-08,821.1525132241097
2011-08-09,804.8760758115801
2011-08-10,759.0300537532784
2011-08-11,785.2329052492735
2011-08-12,793.388298570747
2011-08-15,815.3980837106855
2011-08-16,812.7386403330383
2011-08-17,823.8179700090868
2011-08-18,778.6996264379176
2011-08-19,777.8064172449298
2011-08-22,785.6401513897301
2011-08-23,788.3450221100752
2011-08-24,798.1227643464051
2011-08-25,792.6875271192104
2011-08-26,792.9238460928482
2011-08-29,817.9318968214759
2011-08-30,828.8965097132178
2011-08-31,854.1251147733386
2011-09-01,842.063256527026
2011-09-02,819.4682563499771
2011-09-05,785.5985175972611
2011-09-06,785.0109656893891
2011-09-07,812.3039530431917
2011-09-08,819.7795015416276
2011-09-09,775.0747425831065
2011-09-12,748.6351833948158
2011-09-13,758.6459850550369
2011-09-14,754.6798895471998
2011-09-15,787.5947484880941
2011-09-16,786.3153039912423
2011-09-19,754.9036431565336
2011-09-20,774.015770439489
2011-09-21,760.0452955219134
2011-09-22,688.4281614572877
2011-09-23,670.2287777750895
2011-09-26,674.9378998393017
2011-09-27,714.1739106359487
2011-09-28,711.2810668242905
2011-09-29,713.1009781785702
2011-09-30,687.4137910971336
2011-10-03,663.0381708062941
2011-10-04,637.8732760092355
2011-10-05,648.5986639592778
2011-10-06,676.8583849322121
2011-10-07,696.9797119208712
2011-10-10,728.85090904255
2011-10-11,720.9123214073506
2011-10-12,749.8958926851012
2011-10-13,736.3281029554089
2011-10-14,757.1694988678054
2011-10-17,741.4556726389527
2011-10-18,738.9105738103004
2011-10-19,743.2463069408732
2011-10-20,718.1143594629074
2011-10-21,751.2962522904849
2011-10-24,773.7389340562654
2011-10-25,769.8523838728439
2011-10-26,772.7630379776685
2011-10-27,822.2818112183896
2011-10-28,823.602765492709
2011-10-31,793.3556652111581
2011-11-01,758.9469263042105
2011-11-02,775.3726940957762
2011-11-03,791.9756186855375
2011-11-04,787.7108783744146
2011-11-07,787.2336951938466
2011-11-08,792.7665583353421
2011-11-09,756.6085799025833
2011-11-10,750.4179466429356
2011-11-11,768.3618355120904
2011-11-14,769.4780324686214
2011-11-15,760.9470818676797
2011-11-16,764.714742741461
2011-11-17,756.2912408597977
2011-11-18,743.3540325329385
2011-11-21,707.7265587222538
2011-11-22,710.5251970165061
2011-11-23,686.6496853256068
2011-11-24,688.7977899190189
2011-11-25,688.9269708983476
2011-11-28,713.2040105030237
2011-11-29,708.9550981972269
2011-11-30,749.5735541663842
2011-12-01,743.7821397286317
2011-12-02,746.3588168235672
2011-12-05,753.8309710865867
2011-12-06,720.7963234741144
2011-12-07,714.8825541144251
2011-12-08,697.2402903445264
2011-12-09,692.0737295401227
2011-12-12,663.3654414804029
2011-12-13,667.0454817885251
2011-12-14,657.4045584948263
2011-12-15,669.3871870662438
2011-12-16,669.2378989943686
2011-12-19,661.9205255621264
2011-12-20,683.8355541523451
2011-12-21,681.5591643126278
2011-12-22,684.1279751026102
2011-12-23,682.3944094157002
2011-12-26,685.1690274819351
2011-12-27,689.9813193002021
2011-12-28,674.2821743056254
2011-12-29,672.988379691467
2011-12-30,672.4053941545072
2012-01-02,679.3405411375061
2012-01-03,694.6391359282982
2012-01-04,680.0301692603564
2012-01-05,667.1627632654673
2012-01-06,665.3367604346506
2012-01-09,666.9431395859593
2012-01-10,685.1492433894834
2012-01-11,673.1362668080603
2012-01-12,687.4416107654876
2012-01-13,679.1488198972876
2012-01-16,684.9222697971445
2012-01-17,698.0289038515193
2012-01-18,707.6822779149279
2012-01-19,712.6763239751781
2012-01-20,717.07282406098
2012-01-23,727.6149996649254
2012-01-24,722.7305892243485
2012-01-25,717.1021556939511
2012-01-26,746.1859792340797
2012-01-27,750.7858456568426
2012-01-30,746.0404948914397
2012-01-31,756.6567214058134
2012-02-01,786.3161071672148
2012-02-02,788.2541387806956
2012-02-03,798.2281748392069
2012-02-06,802.9916241839783
2012-02-07,805.6450327891206
2012-02-08,803.7865380691828
2012-02-09,789.6917470949204
2012-02-10,767.9547012542206
2012-02-13,784.1844191684551
2012-02-14,777.7111584589077
2012-02-15,783.3293314062466
2012-02-16,774.7225228518249
2012-02-17,793.1805534814109
2012-02-20,801.9925442623364
2012-02-21,798.592672983327
2012-02-22,787.813324298535
2012-02-23,784.5666101510212
2012-02-24,808.6231102093067
2012-02-27,810.4370711581885
2012-02-28,812.2543578581797
2012-02-29,814.114262789216
2012-03-01,812.6257908034884
2012-03-02,813.8801877716038
2012-03-05,802.6409303725269
2012-03-06,771.4288470824506
2012-03-07,777.3150568924679
2012-03-08,800.6904620529704
2012-03-09,797.0688684011234
2012-03-12,796.2514564853567
2012-03-13,796.0561353923805
2012-03-14,799.3166047254383
2012-03-15,803.4429487093818
2012-03-16,805.847146292887
2012-03-19,806.0958199040471
2012-03-20,791.1212941787936
2012-03-21,785.3782040551291
2012-03-22,775.548124023511
2012-03-23,788.3158717321418
2012-03-26,801.1361681213959
2012-03-27,801.683579642361
2012-03-28,784.061578879025
2012-03-29,771.4198646950506
2012-03-30,780.7263667408748
2012-04-02,786.665766841581
2012-04-03,793.1017241326531
2012-04-04,762.7607074702759
2012-04-05,762.4782638395021
2012-04-06,758.9515723400647
2012-04-09,757.7749508139177
2012-04-10,744.1389845042249
2012-04-11,753.4541190646772
2012-04-12,763.2853652832296
2012-04-13,748.3047772150027
2012-04-16,742.1592920226092
2012-04-17,751.5554250333819
2012-04-18,746.7334232354478
2012-04-19,750.128553684666
2012-04-20,750.2407603768238
2012-04-23,728.5400203847611
2012-04-24,739.7534491298852
2012-04-25,745.22936109471
2012-04-26,750.6790910154392
2012-04-27,761.530929871922
2012-04-30,754.1901065991723
2012-05-01,752.9455474444101
2012-05-02,734.4017204306139
2012-05-03,729.7513371199608
2012-05-04,715.0037786493143
2012-05-07,709.7434785028744
2012-05-08,699.686403551008
2012-05-09,690.1916451838168
2012-05-10,703.1413261472109
2012-05-11,696.7133860941868
2012-05-14,673.175811666096
2012-05-15,667.2763383085519
2012-05-16,666.60107020954
2012-05-17,648.2566068752049
2012-05-18,647.897695724545
2012-05-21,658.468642959034
2012-05-22,657.8598578763061
2012-05-23,623.9349777528298
2012-05-24,628.870165591444
2012-05-25,628.4431384696837
2012-05-28,630.8436346271541
2012-05-29,636.1644280788101
2012-05-30,621.2906103690378
2012-05-31,622.8666624884913
2012-06-01,617.3391426132076
2012-06-04,623.9209859666613
2012-06-05,621.4800193871671
2012-06-06,645.005306762901
2012-06-07,659.7753529457989
2012-06-08,656.7216671046974
2012-06-11,662.0054868244969
2012-06-12,661.4964097877787
2012-06-13,673.6100112148548
2012-06-14,673.6907415686126
2012-06-15,686.2913944490978
2012-06-18,686.2216116503974
2012-06-19,703.9175395844344
2012-06-20,697.5706507560257
2012-06-21,683.5494248015625
2012-06-22,677.7267510985915
2012-06-25,669.0812368397235
2012-06-26,679.5551485478876
2012-06-27,686.9715537435845
2012-06-28,673.4914961778212
2012-06-29,712.4533511770841
2012-07-02,710.4696170898783
2012-07-03,726.9766650945539
2012-07-04,723.9010832418678
2012-07-05,718.6989470147369
2012-07-06,707.0489537516542
2012-07-09,700.0387442811826
2012-07-10,707.7367846554788
2012-07-11,706.5845142426388
2012-07-12,692.6033941402353
2012-07-13,708.646981102571
2012-07-16,712.0952448696167
2012-07-17,717.8012917907454
2012-07-18,720.3899601683438
2012-07-19,726.825835934805
2012-07-20,718.7409346904539
2012-07-23,689.9998579560031
2012-07-24,692.5165851249526
2012-07-25,696.7728595424994
2012-07-26,715.7916975489075
2012-07-27,730.5897222986864
2012-07-30,738.8889236503761
2012-07-31,733.1611913191731
2012-08-01,733.2501426173162
2012-08-02,720.2652107179122
2012-08-03,749.1389945695382
2012-08-06,765.1095199044365
2012-08-07,760.3617206849674
2012-08-08,758.1851806006833
2012-08-09,766.8050661068042
2012-08-10,761.901073061822
2012-08-13,761.8146920902108
2012-08-14,763.6604603729253
2012-08-15,762.3342282812915
2012-08-16,772.4889200663173
2012-08-17,762.7917250360051
2012-08-20,757.5661701677656
2012-08-21,774.3986808559489
2012-08-22,765.9344655690302
2012-08-23,773.3310062602228
2012-08-24,767.4133472207155
2012-08-27,766.1495469663867
2012-08-28,761.272733296592
2012-08-29,748.6109182671048
2012-08-30,738.6733441242524
2012-08-31,754.4502536827903
2012-09-03,756.0689480612575
2012-09-04,752.0575731579067
2012-09-05,757.6309671185745
2012-09-06,779.7918979944243
2012-09-07,794.267379123601
2012-09-10,795.7141787149571
2012-09-11,801.3208763185615
2012-09-12,802.2228756080623
2012-09-13,802.7069553556012
2012-09-14,841.911026421856
2012-09-17,836.063982390509
2012-09-18,826.1655567058295
2012-09-19,821.9192939775256
2012-09-20,813.4526820944658
2012-09-21,818.8900485427029
2012-09-24,814.2493363167189
2012-09-25,820.9105777618213
2012-09-26,795.3146125726834
2012-09-27,804.2695068419098
2012-09-28,802.611835627017
2012-10-01,822.4206099959919
2012-10-02,822.9914073146738
2012-10-03,814.5182897851445
2012-10-04,815.9296190283642
2012-10-05,831.3353205370875
2012-10-08,825.0984113866483
2012-10-09,819.6089031296199
2012-10-10,820.281572382137
2012-10-11,825.9894251772752
2012-10-12,820.8183810184238
2012-10-15,820.1099372448177
2012-10-16,830.2742226633069
2012-10-17,838.1686585282291
2012-10-18,834.2582872177538
2012-10-19,823.7186487103706
2012-10-22,826.5336876813606
2012-10-23,806.2029147993967
2012-10-24,805.9881092612593
2012-10-25,806.5885296973875
2012-10-26,800.4354671780262
2012-10-29,796.8144489542044
2012-10-30,806.8243714147676
2012-10-31,811.0894765202033
2012-11-01,799.1130763887386
2012-11-02,796.647075771226
2012-11-05,794.4766407317552
2012-11-06,802.5647138882694
2012-11-07,791.889871240311
2012-11-08,789.1834366243858
2012-11-09,781.7582507706413
2012-11-12,785.9938857052937
2012-11-13,785.3322472436444
2012-11-14,785.3616163740497
2012-11-15,788.688530494641
2012-11-16,781.3521774834204
2012-11-19,794.5906500911259
2012-11-20,800.4613393639744
2012-11-21,798.8666465656255
2012-11-22,798.5770350504332
2012-11-23,813.0956949597381
2012-11-26,815.8350561997169
2012-11-27,812.4732937751576
2012-11-28,802.3605706180665
2012-11-29,814.8397966979131
2012-11-30,818.4508109775542
2012-12-03,827.5219903082599
2012-12-04,831.147708708903
2012-12-05,838.4521924575071
2012-12-06,837.7930792480782
2012-12-07,832.5737183573156
2012-12-10,840.9879611637431
2012-12-11,853.6503037280407
2012-12-12,862.4423225568386
2012-12-13,862.7508567129661
2012-12-14,866.1984797552184
2012-12-17,868.040032342652
2012-12-18,880.4141952514419
2012-12-19,884.0258483212478
2012-12-20,886.2580717760328
2012-12-21,876.3342478290027
2012-12-24,875.3872567500338
2012-12-25,875.5692188530522
2012-12-26,876.9618690497549
2012-12-27,886.3313157329203
2012-12-28,883.3756871072958
2012-12-31,879.4991302871384
2013-01-01,879.4991302871384
2013-01-02,897.8023980857926
2013-01-03,893.2798349244118
2013-01-04,882.0886652204737
2013-01-07,875.7652720985819
2013-01-08,870.7030021978456
2013-01-09,877.422925019384
2013-01-10,882.6777238850603
2013-01-11,882.1932100616642
2013-01-14,886.8041979364222
2013-01-15,879.0819985680201
2013-01-16,886.297889164708
2013-01-17,895.3215737927281
2013-01-18,888.4534739984064
2013-01-21,887.8384085414173
2013-01-22,883.6073569851181
2013-01-23,887.1557589166564
2013-01-24,890.9954457119268
2013-01-25,892.1948785902485
2013-01-28,881.0676601146032
2013-01-29,886.1234959708611
2013-01-30,875.6135822679671
2013-01-31,871.3878354024955
2013-02-01,887.322636363706
2013-02-04,876.3509915481072
2013-02-05,880.4088915914292
2013-02-06,873.4362328177915
2013-02-07,864.032260847663
2013-02-08,876.4343923201134
2013-02-11,874.1409822588457
2013-02-12,876.8113649387649
2013-02-13,883.7884314416524
2013-02-14,871.4912498950142
2013-02-15,871.4200509731704
2013-02-18,871.8431257439422
2013-02-19,875.8304463259312
2013-02-20,873.2956767749539
2013-02-21,857.3441938382556
2013-02-22,857.3733807745787
2013-02-25,867.6990421664997
2013-02-26,848.1271572506461
2013-02-27,856.1243237408748
2013-02-28,854.2522239386388
2013-03-01,848.9095695190642
2013-03-04,841.3012162727155
2013-03-05,856.2303464821875
2013-03-06,858.0936295842441
2013-03-07,860.6210577821238
2013-03-08,863.5695922528024
2013-03-11,856.0825700929228
2013-03-12,854.9113141684178
2013-03-13,845.6318440315966
2013-03-14,849.2112770905576
2013-03-15,852.9887746884066
2013-03-18,836.6968734276486
2013-03-19,821.5957107644887
2013-03-20,826.8239261281241
2013-03-21,823.6535387703792
2013-03-22,823.1639031390182
2013-03-25,811.8663090989942
2013-03-26,815.4115513934378
2013-03-27,818.7992840368901
2013-03-28,822.5464896905389
2013-03-29,824.4948206292894
2013-04-01,824.4557426577181
2013-04-02,827.511906796627
2013-04-03,814.7069693215947
2013-04-04,812.2160265393351
2013-04-05,816.4447876476576
2013-04-08,822.8539872463377
2013-04-09,830.9579786109317
2013-04-10,839.26211166792
2013-04-11,848.4160162524437
2013-04-12,843.5770416195354
2013-04-15,829.2482430029544
2013-04-16,827.4699373619226
2013-04-17,814.7785695582598
2013-04-18,806.2427359129324
2013-04-19,805.2288488835604
2013-04-22,801.8539913725681
2013-04-23,800.9659613731243
2013-04-24,808.4071034710273
2013-04-25,810.0881575099023
2013-04-26,806.9952261201838
2013-04-29,813.7684241154666
2013-04-30,824.2658918223425
2013-05-01,823.4610805633533
2013-05-02,826.3376427228134
2013-05-03,833.4569514607426
2013-05-06,836.1694967850149
2013-05-07,844.1629138460762
2013-05-08,855.996423697653
2013-05-09,849.9790290642092
2013-05-10,832.7021141113777
2013-05-13,835.7269400409281
2013-05-14,841.4155290484945
2013-05-15,838.200907487066
2013-05-16,834.5765506446801
2013-05-17,834.2070779501366
2013-05-20,830.2842834429822
2013-05-21,835.2907749759992
2013-05-22,847.1456520533653
2013-05-23,838.3573844752602
2013-05-24,846.7837340024813
2013-05-27,859.098063928345
2013-05-28,862.9889323355011
2013-05-29,851.0050055967339
2013-05-30,847.7932205599923
2013-05-31,842.9363534286493
2013-06-03,822.760495033197
2013-06-04,836.4086087723741
2013-06-05,824.7998360108355
2013-06-06,813.7132764872299
2013-06-07,834.9912890525434
2013-06-10,821.571687199015
2013-06-11,812.8525114741142
2013-06-12,824.5441153408925
2013-06-13,821.6265252642627
2013-06-14,840.016016633687
2013-06-17,839.1233492299313
2013-06-18,830.372259660791
2013-06-19,824.3322456172552
2013-06-20,773.1838925293268
2013-06-21,761.4920207655074
2013-06-24,760.363031311054
2013-06-25,761.2241812430019
2013-06-26,767.3031580333807
2013-06-27,761.4106559405269
2013-06-28,776.809482112402
2013-07-01,779.3419163065231
2013-07-02,790.390539912534
2013-07-03,777.721413344901
2013-07-04,788.9059530447407
2013-07-05,772.813578219793
2013-07-08,767.5029790838742
2013-07-09,767.8408292823407
2013-07-10,771.7824098408404
2013-07-11,789.0678577579657
2013-07-12,805.1211164922729
2013-07-15,808.9399632233705
2013-07-16,814.7087339408641
2013-07-17,817.084027842876
2013-07-18,809.2573743654772
2013-07-19,810.0955875160778
2013-07-22,809.4870867589856
2013-07-23,809.5145972928237
2013-07-24,807.1682176404258
2013-07-25,796.5909158434152
2013-07-26,790.5819685631245
2013-07-29,792.0961298600952
2013-07-30,780.1393570966638
2013-07-31,774.8189806626829
2013-08-01,779.9637887077154
2013-08-02,798.2343051050645
2013-08-05,795.3475381560016
2013-08-06,788.1646014008988
2013-08-07,791.136798678824
2013-08-08,806.4404899631763
2013-08-09,810.9918575584336
2013-08-12,814.8256373412906
2013-08-13,812.5908125014452
2013-08-14,821.805163475868
2013-08-15,811.5835052645243
2013-08-16,815.4962771722388
2013-08-19,806.966144206661
2013-08-20,804.1884739117386
2013-08-21,794.1897120847592
2013-08-22,799.3426137057043
2013-08-23,803.4608129112156
2013-08-26,802.4418079737877
2013-08-27,781.4634754353846
2013-08-28,767.7302746141008
2013-08-29,768.4584067374623
2013-08-30,768.9947438118351
2013-09-02,775.8692859894362
2013-09-03,766.7820118681432
2013-09-04,757.9924900429601
2013-09-05,742.3385015731536
2013-09-06,752.2823664333464
2013-09-09,774.6056923435538
2013-09-10,803.385475551473
2013-09-11,815.2601572657
2013-09-12,820.5589909472264
2013-09-13,806.9489734834256
2013-09-16,824.0153005752678
2013-09-17,828.4295376895435
2013-09-18,824.5483263010391
2013-09-19,853.6629708983486
2013-09-20,838.4491934605919
2013-09-23,831.527895956475
2013-09-24,829.5495651392839
2013-09-25,834.7488839519308
2013-09-26,836.5776754950085
2013-09-27,834.6138631063437
2013-09-30,825.6223910883081
2013-10-01,837.1721206356519
2013-10-02,835.9986790494015
2013-10-03,841.6394312669423
2013-10-04,835.0881356179415
2013-10-07,835.6317380654156
2013-10-08,837.0130625351703
2013-10-09,830.479865291895
2013-10-10,854.7832763464897
2013-10-11,859.7351050874839
2013-10-14,861.5450298260558
2013-10-15,860.6250771536743
2013-10-16,868.260177326516
2013-10-17,870.1065752612869
2013-10-18,875.7638266917178
2013-10-21,895.1277654319115
2013-10-22,895.7742906444421
2013-10-23,884.484778960551
2013-10-24,892.3256997141043
2013-10-25,886.6648868100598
2013-10-28,886.2644319484755
2013-10-29,892.7183824383939
2013-10-30,889.1303347186144
2013-10-31,873.4580926663718
2013-11-01,863.9760795670161
2013-11-04,871.9616975800021
2013-11-05,861.8489886502625
2013-11-06,873.368211253703
2013-11-07,856.0857658994865
2013-11-08,841.1429684648882
2013-11-11,835.4945151235237
2013-11-12,836.3543892376117
2013-11-13,822.3513921695603
2013-11-14,836.1311683731788
2013-11-15,848.3218724393001
2013-11-18,869.7952483583362
2013-11-19,859.1542288142185
2013-11-20,856.7734183851153
2013-11-21,850.0910322674374
2013-11-22,858.0731885787513
2013-11-25,859.1060119396345
2013-11-26,849.7964021111453
2013-11-27,849.6062852885158
2013-11-28,848.716023366402
2013-11-29,854.707472929666
2013-12-02,844.8770171510204
2013-12-03,833.4169807107728
2013-12-04,830.3354627672428
2013-12-05,828.2324057285277
2013-12-06,834.5659088035809
2013-12-09,842.4957330967767
2013-12-10,845.5682043043065
2013-12-11,843.184226890112
2013-12-12,830.2419321783544
2013-12-13,829.9455491327077
2013-12-16,836.5263051905498
2013-12-17,823.9789419398354
2013-12-18,826.9810871729735
2013-12-19,818.86666533903
2013-12-20,820.1413452636411
2013-12-23,828.550132879307
2013-12-24,829.4919013246786
2013-12-25,824.2688478126506
2013-12-26,821.5133676611325
2013-12-27,821.14738818193
2013-12-30,829.7771766105112
2013-12-31,826.1325389012195
2014-01-01,826.1325389012195
2014-01-02,823.9477848326513
2014-01-03,812.4521019933037
2014-01-06,808.9856677557644
2014-01-07,799.931827029617
2014-01-08,797.1088186927132
2014-01-09,786.4189472915948
2014-01-10,797.735548140189
2014-01-13,809.1451057917062
2014-01-14,806.5613423495608
2014-01-15,807.0472045859049
2014-01-16,803.0306619970528
2014-01-17,796.562957917167
2014-01-20,795.763248624943
2014-01-21,799.6083942702478
2014-01-22,806.7587469780339
2014-01-23,800.3455003509638
2014-01-24,779.053664480308
2014-01-27,767.3683513552884
2014-01-28,764.6394461794558
2014-01-29,755.439542150154
2014-01-30,759.387733129365
2014-01-31,755.0631486456411
2014-02-03,756.3682197127958
2014-02-04,756.0827477908389
2014-02-05,764.921336878829
2014-02-06,790.1715854654379
2014-02-07,793.1185553444479
2014-02-10,789.2889153622779
2014-02-11,798.5621789888369
2014-02-12,809.492837699301
2014-02-13,805.91271367972
2014-02-14,813.4685039362666
2014-02-17,815.3400794917626
2014-02-18,811.7685123731152
2014-02-19,809.3920260605765
2014-02-20,799.4388297052107
2014-02-21,810.3679928945008
2014-02-24,817.3972879186048
2014-02-25,808.0174109343843
2014-02-26,793.2886403960298
2014-02-27,787.1498737297109
2014-02-28,806.2911388757052
2014-03-03,751.1532719343461
2014-03-04,778.355316619499
2014-03-05,780.2735878592403
2014-03-06,786.1123718474068
2014-03-07,775.0490496162371
2014-03-10,763.6373057259079
2014-03-11,758.8397116013891
2014-03-12,746.7464095355699
2014-03-13,737.957348015439
2014-03-14,734.1596131491674
2014-03-17,758.2554554164549
2014-03-18,768.3468307715013
2014-03-19,764.8318654510447
2014-03-20,755.7642846299403
2014-03-21,745.4262057764306
2014-03-24,744.8854531918827
2014-03-25,760.3417897036474
2014-03-26,777.4166876045085
2014-03-27,774.1329547101061
2014-03-28,784.2541757581171
2014-03-31,802.5666391142615
2014-04-01,803.3718518183032
2014-04-02,801.6571207850016
2014-04-03,795.4084851328037
2014-04-04,804.6632669673335
2014-04-07,798.0133213508072
2014-04-08,804.0611042825795
2014-04-09,802.5308238039177
2014-04-10,814.2348616894931
2014-04-11,807.3194341640695
2014-04-14,797.9974507096541
2014-04-15,782.055631668707
2014-04-16,781.1169339925036
2014-04-17,794.2270849393777
2014-04-18,795.912423476132
2014-04-21,793.8131602429982
2014-04-22,799.2026160465234
2014-04-23,797.4644882624158
2014-04-24,786.7209436590033
2014-04-25,780.445821007265
2014-04-28,791.2847901320214
2014-04-29,798.8219224449751
2014-04-30,798.164405529544
2014-05-01,800.8537436565971
2014-05-02,800.9129885706517
2014-05-05,796.7237760446834
2014-05-06,802.2950790918476
2014-05-07,814.3346039325921
2014-05-08,818.508010175956
2014-05-09,810.0257618575548
2014-05-12,815.2844031925039
2014-05-13,812.2735060438795
2014-05-14,814.2343101764324
2014-05-15,807.0307990759226
2014-05-16,809.3351791486174
2014-05-19,815.8567347447353
2014-05-20,818.6012563376437
2014-05-21,825.5313233181136
2014-05-22,838.9256074747392
2014-05-23,840.5106352230254
2014-05-26,842.2622880253293
2014-05-27,827.6481766973997
2014-05-28,826.5035546106242
2014-05-29,834.547266521745
2014-05-30,829.2368018315344
2014-06-02,827.9641334500594
2014-06-03,827.2860474885941
2014-06-04,826.4668236687654
2014-06-05,834.4881090160582
2014-06-06,848.3441793420757
2014-06-09,843.9132171354263
2014-06-10,849.8302661482547
2014-06-11,838.3541408704789
2014-06-12,837.2201327236882
2014-06-13,829.7546555456382
2014-06-16,822.8904670564569
2014-06-17,819.896662288091
2014-06-18,829.7996567700652
2014-06-19,839.0816115417472
2014-06-20,831.1959662809192
2014-06-23,838.9812540949378
2014-06-24,839.4393483155214
2014-06-25,832.331454164111
2014-06-26,822.920585973238
2014-06-27,826.6021580111399
2014-06-30,826.9502464305924
2014-07-01,818.8427966871577
2014-07-02,822.333705304071
2014-07-03,820.1656984215126
2014-07-04,815.4822627541078
2014-07-07,823.316992565959
2014-07-08,822.4609100297583
2014-07-09,822.4283431095445
2014-07-10,813.5280535698787
2014-07-11,820.1902379214073
2014-07-14,823.7603158300402
2014-07-15,822.8568914866089
2014-07-16,827.1197744843217
2014-07-17,816.0490412708763
2014-07-18,812.2715042432674
2014-07-21,808.9872152617639
2014-07-22,817.2532464761399
2014-07-23,816.7447893438379
2014-07-24,818.5245667905373
2014-07-25,817.1626660960242
2014-07-28,811.1785977684307
2014-07-29,807.3382839812389
2014-07-30,797.3856001198403
2014-07-31,784.7986389684386
2014-08-01,789.3404469244887
2014-08-04,791.4545889872978
2014-08-05,782.6849939518623
2014-08-06,771.7026997662931
2014-08-07,767.2145196333292
2014-08-08,768.3558247538114
2014-08-11,776.4969762160262
2014-08-12,775.8989386544748
2014-08-13,787.5383271708787
2014-08-14,795.7526375856085
2014-08-15,791.3270567248824
2014-08-18,797.8038473232394
2014-08-19,801.7592031261972
2014-08-20,800.5767540503831
2014-08-21,804.7191719032484
2014-08-22,797.6369984929356
2014-08-25,799.5083117324164
2014-08-26,808.8945654769698
2014-08-27,807.458635340068
2014-08-28,789.2936401864824
2014-08-29,784.2859702359724
2014-09-01,785.5342035481533
2014-09-02,786.2844490434328
2014-09-03,811.4608174486561
2014-09-04,810.3960991365603
2014-09-05,812.794073099804
2014-09-08,814.1093636340614
2014-09-09,804.3810231934131
2014-09-10,801.389624639409
2014-09-11,793.9078588436499
2014-09-12,786.789434191784
2014-09-15,785.5007142332472
2014-09-16,791.7091573727857
2014-09-17,796.8326987258744
2014-09-18,793.6831175200988
2014-09-19,790.8225488481971
2014-09-22,783.2600053685289
2014-09-23,784.1524218177639
2014-09-24,779.4452098877873
2014-09-25,771.5801944195224
2014-09-26,769.845999325442
2014-09-29,766.7012505504596
2014-09-30,767.0902368702878
2014-10-01,755.3910886264034
2014-10-02,748.2310175323582
2014-10-03,745.7625837089114
2014-10-06,758.4748928944238
2014-10-07,757.3114468927679
2014-10-08,747.4166352038222
2014-10-09,756.7074925962136
2014-10-10,738.9080077312158
2014-10-13,746.0509980810928
2014-10-14,742.6572967888118
2014-10-15,739.0244515700273
2014-10-16,733.5705855282964
2014-10-17,743.8135755816452
2014-10-20,739.5185859566075
2014-10-21,746.4591773165125
2014-10-22,742.7448903920174
2014-10-23,746.1760132914113
2014-10-24,746.2520865168842
2014-10-27,748.3221988982457
2014-10-28,757.864346666948
2014-10-29,761.5015977469469
2014-10-30,760.8072470494593
2014-10-31,761.8313818105461
2014-11-03,756.99811580515
2014-11-04,758.1665342771303
2014-11-05,741.9828955338403
2014-11-06,732.4471388780157
2014-11-07,735.5612854694408
2014-11-10,744.4958084331896
2014-11-11,743.3021590558905
2014-11-12,750.4472606864992
2014-11-13,744.758973566599
2014-11-14,747.6502383144557
2014-11-17,750.8951235110213
2014-11-18,756.8931582246047
2014-11-19,748.3794419979201
2014-11-20,754.297105517891
2014-11-21,755.2494662151886
2014-11-24,755.8405280838128
2014-11-25,753.8255738430504
2014-11-26,756.6912321142208
2014-11-27,755.6837087005943
2014-11-28,751.1629917564144
2014-12-01,747.3377281205464
2014-12-02,741.3467371306335
2014-12-03,743.9440650485818
2014-12-04,737.5244330972179
2014-12-05,732.1652671899583
2014-12-08,726.0273942079182
2014-12-09,721.8671555441778
2014-12-10,718.0129681624113
2014-12-11,706.9606040935959
2014-12-12,699.9080152733541
2014-12-15,681.9247861574507
2014-12-16,652.5482157214419
2014-12-17,669.3396357240447
2014-12-18,688.563564757866
2014-12-19,684.8601765607576
2014-12-22,699.0829373332124
2014-12-23,690.7618033838663
2014-12-24,691.2032771145394
2014-12-25,692.277204067843
2014-12-26,692.2670841525116
2014-12-29,692.4823125286786
2014-12-30,691.5162021534637
2014-12-31,684.2746567837348
2015-01-01,684.2746567837346
2015-01-02,680.8231806279716
2015-01-05,671.2748425311348
2015-01-06,666.4986376980025
2015-01-07,668.0810965147303
2015-01-08,686.9085763634524
2015-01-09,683.7748730478578
2015-01-12,673.1712840653508
2015-01-13,675.309020277526
2015-01-14,675.1958396570744
2015-01-15,655.4196849872098
2015-01-16,652.0852236532013
2015-01-19,656.846192527785
2015-01-20,653.2677581127255
2015-01-21,671.4333707404326
2015-01-22,683.0658466302336
2015-01-23,686.0030273578874
2015-01-26,678.8276599095509
2015-01-27,683.425026985512
2015-01-28,672.4188995504794
2015-01-29,664.8283403590331
2015-01-30,658.4297362785138
2015-02-02,665.6460093041616
2015-02-03,681.3459985893489
2015-02-04,675.3167045650555
2015-02-05,682.1749017997698
2015-02-06,683.6955032224943
2015-02-09,680.3429321959363
2015-02-10,673.5641542442153
2015-02-11,669.7793370816075
2015-02-12,692.2610356782617
2015-02-13,704.3763645983321
2015-02-16,701.8483593742482
2015-02-17,696.977587891235
2015-02-18,700.914665004306
2015-02-19,702.9485281228849
2015-02-20,700.6162041863744
2015-02-23,698.8797902241399
2015-02-24,701.4767956207154
2015-02-25,701.0162538252754
2015-02-26,696.0210067176592
2015-02-27,689.9066288419157
2015-03-02,689.2103850842352
2015-03-03,685.4152325916292
2015-03-04,676.53171020353
2015-03-05,675.9014406770887
2015-03-06,667.1471713635557
2015-03-09,668.3574413664373
2015-03-10,644.2083602244662
2015-03-11,643.5565534522774
2015-03-12,647.1938854076327
2015-03-13,632.079104560951
2015-03-16,635.2314563524387
2015-03-17,643.2843517885892
2015-03-18,646.7907411823253
2015-03-19,660.9171358537301
2015-03-20,675.8763268103515
2015-03-23,683.2760330268194
2015-03-24,684.6117820218304
2015-03-25,687.5623098610536
2015-03-26,675.1036084057637
2015-03-27,669.5515764281384
2015-03-30,678.8063297578043
2015-03-31,675.7183047335042
2015-04-01,684.2417972851462
2015-04-02,697.5679362996201
2015-04-03,700.2905023349907
2015-04-06,713.182277775904
2015-04-07,711.6650219146876
2015-04-08,715.3122297774368
2015-04-09,715.2594270641578
2015-04-10,716.4237124499549
2015-04-13,713.625809969099
2015-04-14,718.9850781827491
2015-04-15,719.6181441240791
2015-04-16,733.5248033307887
2015-04-17,718.2607473514482
2015-04-20,724.1241321923876
2015-04-21,731.4615175173598
2015-04-22,728.7099103358877
2015-04-23,737.1023947980416
2015-04-24,736.6346103208522
2015-04-27,750.1179149401158
2015-04-28,752.4764746334881
2015-04-29,751.3345238638881
2015-04-30,745.4104458897004
2015-05-01,742.756496928915
2015-05-04,744.6143864887196
2015-05-05,748.3128332301453
2015-05-06,754.6926840435567
2015-05-07,748.3079302464508
2015-05-08,752.584886761345
2015-05-11,748.4000918239478
2015-05-12,755.5194735866353
2015-05-13,766.8113361601914
2015-05-14,762.5485595563623
2015-05-15,769.4984906026615
2015-05-18,769.5836911229661
2015-05-19,760.6192451402073
2015-05-20,752.695176781594
2015-05-21,752.268317848693
2015-05-22,746.8504151175739
2015-05-25,740.3817901082984
2015-05-26,724.2639358426231
2015-05-27,727.1385498228004
2015-05-28,719.460987776494
2015-05-29,713.8056955686818
2015-06-01,709.3318776159126
2015-06-02,716.293550688249
2015-06-03,716.3654143421882
2015-06-04,709.981394465062
2015-06-05,697.7599912506681
2015-06-08,689.3536212300396
2015-06-09,693.506678590993
2015-06-10,707.7575728322836
2015-06-11,711.7819017471447
2015-06-12,704.7769623046137
2015-06-15,704.5794163656732
2015-06-16,707.3665134914495
2015-06-17,700.9990431801763
2015-06-18,712.7779244848664
2015-06-19,705.7523574826922
2015-06-22,725.3371100642187
2015-06-23,715.7385368715616
2015-06-24,715.7646800585029
2015-06-25,711.1764307374834
2015-06-26,711.7543838087947
2015-06-29,699.601129318129
2015-06-30,708.0827110129869
2015-07-01,700.8376296957751
2015-07-02,703.8520545923176
2015-07-03,700.5414886063679
2015-07-06,696.5656066807721
2015-07-07,679.4630374880136
2015-07-08,677.8728213039019
2015-07-09,687.8832902029129
2015-07-10,702.7746162501267
2015-07-13,706.2785743811352
2015-07-14,709.272691470604
2015-07-15,709.5615878913112
2015-07-16,714.7137024135343
2015-07-17,709.5683715757019
2015-07-20,701.8380551475005
2015-07-21,705.8735688736843
2015-07-22,696.314592028268
2015-07-23,691.4490574299499
2015-07-24,683.9260683932171
2015-07-27,683.8397815043638
2015-07-28,680.3177850242992
2015-07-29,685.9138902659795
2015-07-30,677.9263169561094
2015-07-31,692.880830748298
2015-08-03,683.0224740076014
2015-08-04,679.7429103874879
2015-08-05,680.4548792981615
2015-08-06,673.5271420728436
2015-08-07,676.2297938892458
2015-08-10,682.2703338783679
2015-08-11,687.2229582210441
2015-08-12,686.2625063717899
2015-08-13,682.5859324017816
2015-08-14,678.2003352741889
2015-08-17,670.6223735880255
2015-08-18,659.6999169337408
2015-08-19,656.7982621725309
2015-08-20,657.73780570981
2015-08-21,649.3373558240593
2015-08-24,616.9699782241229
2015-08-25,631.8832703788463
2015-08-26,629.6796595151683
2015-08-27,644.8141920995132
2015-08-28,653.4145452939882
2015-08-31,658.2176353589583
2015-09-01,644.8057067761546
2015-09-02,640.7029963251354
2015-09-03,646.8131557509117
2015-09-04,638.3618048489844
2015-09-07,631.6641390219105
2015-09-08,633.7704224585142
2015-09-09,636.5000700300276
2015-09-10,646.8794219983494
2015-09-11,647.1457121746997
2015-09-14,648.4707743451872
2015-09-15,651.9489474641965
2015-09-16,657.5377740360367
2015-09-17,660.9096655615808
2015-09-18,658.2957796785366
2015-09-21,651.2785515782753
2015-09-22,634.8531267241016
2015-09-23,630.4340101806299
2015-09-24,624.6814791846797
2015-09-25,627.4087145427056
2015-09-28,618.4705881547108
2015-09-29,621.438094939057
2015-09-30,628.7752021894443
2015-10-01,626.8150301696485
2015-10-02,625.127857434776
2015-10-05,644.8568230203916
2015-10-06,651.5144270829477
2015-10-07,660.0985137065283
2015-10-08,660.2440053135156
2015-10-09,671.3830200524449
2015-10-12,669.4951138861849
2015-10-13,662.1541672166514
2015-10-14,663.6473193767523
2015-10-15,668.7936035672138
2015-10-16,664.0486988019202
2015-10-19,660.6991431692957
2015-10-20,662.7584423631494
2015-10-21,654.3644329305642
2015-10-22,652.7301967559761
2015-10-23,652.6134427082417
2015-10-26,650.0230378099428
2015-10-27,646.7714801369627
2015-10-28,646.1336417277915
2015-10-29,631.7030884097718
2015-10-30,636.1422916685668
2015-11-02,645.1368357568103
2015-11-03,644.8823328397216
2015-11-04,643.5671080652846
2015-11-05,638.9613006829707
2015-11-06,625.4796118229856
2015-11-09,624.9297773799319
2015-11-10,622.6205977371927
2015-11-11,623.2470111333002
2015-11-12,617.571514637504
2015-11-13,609.6814632620395
2015-11-16,607.1296624254131
2015-11-17,616.4839878686909
2015-11-18,620.5304975711495
2015-11-19,622.7826262105541
2015-11-20,622.8249761605466
2015-11-23,616.4208048029265
2015-11-24,602.2471595929454
2015-11-25,602.1406748355802
2015-11-26,602.5579296661721
2015-11-27,596.8187827912814
2015-11-30,586.0884053940335
2015-12-01,588.9979858539219
2015-12-02,583.571445658878
2015-12-03,581.2897640330854
2015-12-04,574.983955473341
2015-12-07,565.6121915720624
2015-12-08,552.2504210934404
2015-12-09,554.8387060043527
2015-12-10,557.3551054818035
2015-12-11,546.0979139955423
2015-12-14,542.4723856150879
2015-12-15,550.1605913278388
2015-12-16,556.5253804660955
2015-12-17,560.8045207801027
2015-12-18,556.4177956583743
2015-12-21,559.6900954557075
2015-12-22,562.2294450422279
2015-12-23,569.7679503616379
2015-12-24,572.2050961078858
2015-12-25,571.3879558577382
2015-12-28,568.0633506000079
2015-12-29,569.3780475834407
2015-12-30,563.3694507638312
2015-12-31,559.481250977014
2016-01-01,559.4812509770139
2016-01-04,543.7382588374046
2016-01-05,544.7520754024507
2016-01-06,540.8954782314137
2016-01-07,534.4952521464081
2016-01-08,532.9058933355125
2016-01-11,519.5008828432016
2016-01-12,522.8068420995554
2016-01-13,528.2084681493956
2016-01-14,522.836894210763
2016-01-15,509.1283452898139
2016-01-18,493.2594605223198
2016-01-19,501.9104842834273
2016-01-20,483.30378386434637
2016-01-21,483.9575661103102
2016-01-22,511.0229984285414
2016-01-25,510.1120772497564
2016-01-26,509.249559249081
2016-01-27,520.3478169413381
2016-01-28,535.6505599289657
2016-01-29,548.9312740464568
2016-02-01,549.513806404345
2016-02-02,535.7706389582451
2016-02-03,537.5622219421535
2016-02-04,560.7207902723306
2016-02-05,558.3043693974575
2016-02-08,540.040926375447
2016-02-09,536.1213703788094
2016-02-10,534.4677678263461
2016-02-11,527.7886019850199
2016-02-12,532.471200649563
2016-02-15,542.0790826169153
2016-02-16,541.0200191924087
2016-02-17,558.589678051286
2016-02-18,563.0507002007733
2016-02-19,555.434813827096
2016-02-22,567.6350577824804
2016-02-23,565.3421513041382
2016-02-24,553.1607203254064
2016-02-25,560.2318389282419
2016-02-26,560.5101463306856
2016-02-29,566.7584299674995
2016-03-01,572.0262459109578
2016-03-02,572.5697257089142
2016-03-03,587.8330848157406
2016-03-04,596.2230604466062
2016-03-07,605.2686487893183
2016-03-08,604.9466175317749
2016-03-09,606.5623102115107
2016-03-10,608.994379129699
2016-03-11,616.194456228168
2016-03-14,612.4167848960509
2016-03-15,610.0807058287279
2016-03-16,610.480412407676
2016-03-17,637.0582783783533
2016-03-18,643.9178627183707
2016-03-21,641.9212550027991
2016-03-22,639.5735281224675
2016-03-23,628.0753375629158
2016-03-24,620.677541410687
2016-03-25,620.0282050161226
2016-03-28,621.2617099279661
2016-03-29,624.8300153076688
2016-03-30,644.567118961527
2016-03-31,647.8915960060679
2016-04-01,638.5565520910613
2016-04-04,644.5941753766765
2016-04-05,632.1524533764134
2016-04-06,629.8062262015573
2016-04-07,629.3426504405078
2016-04-08,639.8977935872597
2016-04-11,642.4006415996656
2016-04-12,642.1663730792119
2016-04-13,650.0391209890736
2016-04-14,647.8685284176618
2016-04-15,647.4375484751906
2016-04-18,647.4812502157617
2016-04-19,658.1274871971835
2016-04-20,659.023513802661
2016-04-21,658.1422534618591
2016-04-22,653.6589861195077
2016-04-25,648.3410297911103
2016-04-26,648.8882847955139
2016-04-27,643.0289428440664
2016-04-28,651.666803668894
2016-04-29,651.0321516311047
2016-05-02,647.1356351392405
2016-05-03,634.5520335730955
2016-05-04,623.5393728432933
2016-05-05,615.8327509091456
2016-05-06,613.407430338605
2016-05-09,614.6410181353517
2016-05-10,614.115318968495
2016-05-11,619.0421462831586
2016-05-12,621.3502328050557
2016-05-13,616.9025243319961
2016-05-16,623.206081131596
2016-05-17,624.2611234435315
2016-05-18,622.6320467479709
2016-05-19,608.0775872167372
2016-05-20,609.0688916098276
2016-05-23,604.9715029694241
2016-05-24,612.5982957727025
2016-05-25,619.4738451100989
2016-05-26,620.05814224416
2016-05-27,615.4784140375718
2016-05-30,616.008335962908
2016-05-31,604.0710395893796
2016-06-01,599.7397539546789
2016-06-02,598.4045382644011
2016-06-03,611.1852127114396
2016-06-06,619.5659258527601
2016-06-07,631.6161902780616
2016-06-08,640.0991612442025
2016-06-09,628.5062440932693
2016-06-10,618.6315729935272
2016-06-13,610.9709372269374
2016-06-14,603.1793472474099
2016-06-15,605.8027756042087
2016-06-16,594.1349894631176
2016-06-17,607.6237991954804
2016-06-20,624.5450402520644
2016-06-21,623.2251925738434
2016-06-22,625.9471585546531
2016-06-23,636.2984427911915
2016-06-24,608.7193900395145
2016-06-27,592.170123794973
2016-06-28,602.9418687057694
2016-06-29,611.5926916963515
2016-06-30,614.9778157851733
2016-07-01,617.3561061534875
2016-07-04,619.5280704995035
2016-07-05,612.7380642144086
2016-07-06,608.0685874467799
2016-07-07,615.5302770734984
2016-07-08,615.0403213262395
2016-07-11,622.0599360133555
2016-07-12,631.7094181507454
2016-07-13,628.3245216352434
2016-07-14,635.348693262325
2016-07-15,637.0718627912736
2016-07-18,634.5997813722211
2016-07-19,633.8694118749753
2016-07-20,632.1614857459061
2016-07-21,628.390102680099
2016-07-22,624.6658354875175
2016-07-25,627.8449625936044
2016-07-26,623.0370860977997
2016-07-27,623.9413682334067
2016-07-28,626.6818018720583
2016-07-29,629.1598318402949
2016-08-01,632.4423130503253
2016-08-02,628.2947018536463
2016-08-03,620.9632834543302
2016-08-04,633.461170082625
2016-08-05,633.5015674019571
2016-08-08,642.7678547975219
2016-08-09,646.3642514210184
2016-08-10,646.4144190193756
2016-08-11,650.7019763557964
2016-08-12,652.3513978865211
2016-08-15,661.7446744963681
2016-08-16,663.235050127482
2016-08-17,661.6913449308516
2016-08-18,665.2800663018596
2016-08-19,660.4773319228036
2016-08-22,658.2540046588332
2016-08-23,657.9456498182268
2016-08-24,652.4722223042445
2016-08-25,653.8036628168365
2016-08-26,654.9480073887719
2016-08-29,646.9829881881728
2016-08-30,647.4154480819483
2016-08-31,641.7473458095254
2016-09-01,637.8160349774173
2016-09-02,644.5501865829808
2016-09-05,652.3187949655946
2016-09-06,659.1257072820955
2016-09-07,659.3423334316498
2016-09-08,660.994299534931
2016-09-09,647.2817428935995
2016-09-12,641.9797198108168
2016-09-13,637.5863448496525
2016-09-14,639.3898571169683
2016-09-15,643.0552646940791
2016-09-16,633.7987183016113
2016-09-19,644.2354897744447
2016-09-20,643.3292257611931
2016-09-21,644.302558884077
2016-09-22,661.9010444919329
2016-09-23,658.1062010312004
2016-09-26,651.708142367512
2016-09-27,646.3796735899008
2016-09-28,645.4984213572832
2016-09-29,655.0708848921328
2016-09-30,649.8721348104774
2016-10-03,652.2299644442045
2016-10-04,655.8419740087247
2016-10-05,657.7037374628301
2016-10-06,658.291780988728
2016-10-07,660.0890303799562
2016-10-10,663.1406048691713
2016-10-11,659.1528286405634
2016-10-12,655.2507118738828
2016-10-13,648.0721498316203
2016-10-14,647.8227383855512
2016-10-17,643.6300597273145
2016-10-18,646.1753861114486
2016-10-19,651.9706555620602
2016-10-20,649.8980028768947
2016-10-21,648.4306669595337
2016-10-24,655.3941762119972
2016-10-25,654.9357905168679
2016-10-26,652.4128021820642
2016-10-27,653.1838209140773
2016-10-28,655.4700281242017
2016-10-31,657.3093976809788
2016-11-01,659.5713454845107
2016-11-02,644.2760073894392
2016-11-03,642.9419415494443
2016-11-04,637.2344483574434
2016-11-07,639.5377932051163
2016-11-08,645.5311702129761
2016-11-09,643.9497190482579
2016-11-10,644.9876784748271
2016-11-11,634.3243431972671
2016-11-14,622.1541326781805
2016-11-15,627.8412840880403
2016-11-16,630.4418001241064
2016-11-17,635.1274504981212
2016-11-18,629.4052931031846
2016-11-21,638.8720036055107
2016-11-22,640.6039488351846
2016-11-23,641.2023417826205
2016-11-24,642.561255995255
2016-11-25,638.8608491689077
2016-11-28,637.0109527546975
2016-11-29,632.3661575644563
2016-11-30,639.8768628818772
2016-12-01,641.1443768225042
2016-12-02,644.3720882863429
2016-12-05,658.6951754174808
2016-12-06,667.0174621890187
2016-12-07,673.0443723867166
2016-12-08,676.6630704114974
2016-12-09,675.8171702965849
2016-12-12,683.9702158759036
2016-12-13,693.3253068160546
2016-12-14,690.4673959333993
2016-12-15,681.868928519683
2016-12-16,681.5349664833742
2016-12-19,682.1387881884532
2016-12-20,687.9021383005365
2016-12-21,688.7055877236339
2016-12-22,687.4206975806748
2016-12-23,683.8977284234401
2016-12-26,685.7516009619808
2016-12-27,689.4345797549065
2016-12-28,688.782104659688
2016-12-29,696.9586145568857
2016-12-30,701.548926154461
2017-01-02,701.9105965473434
2017-01-03,709.8151488037624
2017-01-04,711.201638991617
2017-01-05,711.1580217740664
2017-01-06,711.145952805103
2017-01-09,708.1074547653241
2017-01-10,712.1200379813437
2017-01-11,704.04953110198
2017-01-12,717.5600561303138
2017-01-13,712.440227715223
2017-01-16,709.4438862900215
2017-01-17,714.3366789194429
2017-01-18,715.7920041633153
2017-01-19,707.6879717998681
2017-01-20,708.0300126518512
2017-01-23,707.8439034357287
2017-01-24,716.8126752815787
2017-01-25,722.9508624857815
2017-01-26,726.4167620595343
2017-01-27,737.9972739943072
2017-01-30,729.0802401795723
2017-01-31,727.2713500891732
2017-02-01,729.2269612205141
2017-02-02,729.6062437052949
2017-02-03,736.9574749848268
2017-02-06,736.7389410239055
2017-02-07,735.5592136298542
2017-02-08,735.1129764667877
2017-02-09,735.9632263801494
2017-02-10,740.2216696097504
2017-02-13,743.8687994373316
2017-02-14,742.7670482869005
2017-02-15,743.9427833504104
2017-02-16,751.3263140953931
2017-02-17,743.5611966771477
2017-02-20,743.3562778237729
2017-02-21,752.4383246127244
2017-02-22,749.601243790688
2017-02-23,750.9605404997825
2017-02-24,738.2656515447094
2017-02-27,736.1825450788799
2017-02-28,723.9715913889889
2017-03-01,735.3735410002166
2017-03-02,732.7339114312576
2017-03-03,733.0620751636758
2017-03-06,736.5950472625012
2017-03-07,727.2146327006142
2017-03-08,724.0535582698325
2017-03-09,707.4682096518634
2017-03-10,713.9150967963437
2017-03-13,719.6974241007646
2017-03-14,718.9058419942102
2017-03-15,719.7773998016863
2017-03-16,742.1848691481633
2017-03-17,746.1817585655477
2017-03-20,748.0588979219378
2017-03-21,747.9679071272185
2017-03-22,742.0699217839366
2017-03-23,743.4107550416257
2017-03-24,741.5972225856976
2017-03-27,737.6753998701254
2017-03-28,744.8652467802541
2017-03-29,741.4630763693788
2017-03-30,742.0543142071537
2017-03-31,729.3403975229625
2017-04-03,733.6572229269663
2017-04-04,739.546436278077
2017-04-05,750.352584029255
2017-04-06,749.7027276107971
2017-04-07,740.6376470932503
2017-04-10,732.4114492377315
2017-04-11,731.8659888935949
2017-04-12,732.7983923241836
2017-04-13,733.6121395197075
2017-04-14,730.6172596750124
2017-04-17,735.2221558569524
2017-04-18,731.6595742195223
2017-04-19,735.2612062467857
2017-04-20,737.0961818342493
2017-04-21,733.8795586280786
2017-04-24,754.8764427189536
2017-04-25,766.9820841672963
2017-04-26,765.8848759638088
2017-04-27,759.9141702241126
2017-04-28,762.5777284212089
2017-05-01,765.095436747819
2017-05-02,767.2343775850928
2017-05-03,757.65043832478
2017-05-04,756.6274212172336
2017-05-05,760.5134622939291
2017-05-08,759.2343556708497
2017-05-09,763.1936621697124
2017-05-10,769.300007582291
2017-05-11,765.1602348196938
2017-05-12,769.576616173529
2017-05-15,780.3185902418476
2017-05-16,782.1581748965481
2017-05-17,776.9055064442582
2017-05-18,769.579297674699
2017-05-19,778.9776501014436
2017-05-22,781.7396821700506
2017-05-23,781.9035894771683
2017-05-24,781.4659958025782
2017-05-25,786.1238444648428
2017-05-26,775.6538944709538
2017-05-29,778.3449418327062
2017-05-30,775.3298781774986
2017-05-31,767.3521226703564
2017-06-01,766.4768037595807
2017-06-02,772.1840239252194
2017-06-05,764.2371795668414
2017-06-06,766.6518952119342
2017-06-07,762.9136561151228
2017-06-08,769.7702722802013
2017-06-09,770.9969441339853
2017-06-12,768.1694362972646
2017-06-13,767.9151571500995
2017-06-14,767.6939565997187
2017-06-15,753.74466917531
2017-06-16,756.7037025776577
2017-06-19,763.6429486263394
2017-06-20,752.7295901366925
2017-06-21,750.9606120393535
2017-06-22,753.8022304113581
2017-06-23,758.9455927871487
2017-06-26,762.7646434702724
2017-06-27,768.0434281198487
2017-06-28,770.161277310854
2017-06-29,772.5606531461805
2017-06-30,768.0219782013854
2017-07-03,769.3172897224207
2017-07-04,768.5797901096176
2017-07-05,768.5105140471154
2017-07-06,771.5252020622784
2017-07-07,766.2388073004267
2017-07-10,769.1847619885928
2017-07-11,768.2636096160742
2017-07-12,781.6586769918911
2017-07-13,789.0759097073621
2017-07-14,795.9544931790804
2017-07-17,799.7192933887616
2017-07-18,799.25498812476
2017-07-19,802.7088539025383
2017-07-20,803.7948246055383
2017-07-21,794.6898184433876
2017-07-24,788.1740788368521
2017-07-25,787.9974711121534
2017-07-26,792.1623472567521
2017-07-27,795.511824083606
2017-07-28,793.3363361955016
2017-07-31,795.9122267615405
2017-08-01,796.5832713853081
2017-08-02,802.5845032177635
2017-08-03,808.4767808824338
2017-08-04,805.6896547328603
2017-08-07,808.581128213147
2017-08-08,814.5255154525172
2017-08-09,807.3288674611896
2017-08-10,802.8873795962643
2017-08-11,796.7443664711355
2017-08-14,799.7893675658493
2017-08-15,792.6826248066577
2017-08-16,796.0453989526945
2017-08-17,794.450037436566
2017-08-18,792.7899355362349
2017-08-21,800.8509380543135
2017-08-22,805.5165321160854
2017-08-23,807.4148036114492
2017-08-24,813.9366832736908
2017-08-25,821.3238095625289
2017-08-28,834.3513229305993
2017-08-29,828.0707216781484
2017-08-30,831.6314413356081
2017-08-31,830.8557094631502
2017-09-01,830.7330116193266
2017-09-04,828.590064612167
2017-09-05,831.0994320121501
2017-09-06,832.0014755156869
2017-09-07,832.3672775879812
2017-09-08,832.7001141951596
2017-09-11,835.528153037779
2017-09-12,833.287620661659
2017-09-13,827.6837839084267
2017-09-14,829.8162301133586
2017-09-15,832.0219512710545
2017-09-18,831.7882791741243
2017-09-19,830.2742416734403
2017-09-20,832.364532690186
2017-09-21,824.6735296609253
2017-09-22,830.6376285275346
2017-09-25,825.1067579585597
2017-09-26,819.1486115780414
2017-09-27,815.1348032365471
2017-09-28,816.6244680341434
2017-09-29,822.7719872956111
2017-10-02,820.299873985104
2017-10-03,822.7475000862516
2017-10-04,822.8498415871895
2017-10-05,825.0089755199377
2017-10-06,825.6242371516505
2017-10-09,824.2999215586955
2017-10-10,833.2950505880152
2017-10-11,842.5153721069225
2017-10-12,843.8955302171036
2017-10-13,846.5349425257771
2017-10-16,849.4248854770364
2017-10-17,840.9460653565509
2017-10-18,840.8188839977475
2017-10-19,837.0449017271171
2017-10-20,835.516537891653
2017-10-23,834.449860279309
2017-10-24,831.4653409631085
2017-10-25,831.5444279773174
2017-10-26,823.1753890627757
2017-10-27,823.7158993742893
2017-10-30,831.6422792731161
2017-10-31,832.7508997465682
2017-11-01,837.1333348791503
2017-11-02,838.5646454899039
2017-11-03,828.9410523957979
2017-11-06,832.3902377848832
2017-11-07,836.7553056314259
2017-11-08,836.2258620290494
2017-11-09,833.7785295692345
2017-11-10,829.6511347148343
2017-11-13,824.24285566141
2017-11-14,824.2657870026377
2017-11-15,812.7928658871605
2017-11-16,814.9032231519113
2017-11-17,822.4693517996539
2017-11-20,823.4339335210059
2017-11-21,830.8763980783352
2017-11-22,839.1887599375885
2017-11-23,842.4847269962127
2017-11-24,842.0249229674566
2017-11-27,841.3626793769153
2017-11-28,835.8519330151839
2017-11-29,823.0616399611766
2017-11-30,821.144872132778
2017-12-01,816.5681884930175
2017-12-04,822.0764187447124
2017-12-05,821.3307365878142
2017-12-06,819.4863714022713
2017-12-07,816.4613427971658
2017-12-08,817.1257313382335
2017-12-11,817.6566262177715
2017-12-12,823.6455509818708
2017-12-13,826.3755008985056
2017-12-14,830.4298348229319
2017-12-15,826.0074502270173
2017-12-18,834.3586232620618
2017-12-19,832.8575102689891
2017-12-20,834.2709734482936
2017-12-21,839.4084197122685
2017-12-22,840.0373838482784
2017-12-25,838.2616601357627
2017-12-26,838.2824348603458
2017-12-27,846.2273088823084
2017-12-28,852.4813651741305
2017-12-29,854.2592320718363
2018-01-01,854.1043532473029
2018-01-02,861.9336351879384
2018-01-03,871.4818312620065
2018-01-04,889.8052149903201
2018-01-05,889.5754661294029
2018-01-08,892.0011487567103
2018-01-09,888.1214498921665
2018-01-10,887.2558182419031
2018-01-11,896.1119766760843
2018-01-12,909.6693546388761
2018-01-15,911.0081777984972
2018-01-16,915.4997838334828
2018-01-17,918.6966305958975
2018-01-18,919.8647367859548
2018-01-19,921.6357729898642
2018-01-22,935.7241880850044
2018-01-23,943.6627933447301
2018-01-24,947.2369515542686
2018-01-25,948.7486551275323
2018-01-26,947.2042084856921
2018-01-29,939.2826535307315
2018-01-30,928.5578907421443
2018-01-31,931.5382933748261
2018-02-01,935.9072800545199
2018-02-02,926.0106477661919
2018-02-05,917.539341110178
2018-02-06,888.3005453756024
2018-02-07,904.572526357732
2018-02-08,887.0256296694924
2018-02-09,874.5806387021577
2018-02-12,886.0258880769102
2018-02-13,899.0199007971937
2018-02-14,906.5734941158
2018-02-15,912.6490674965855
2018-02-16,914.7022024065997
2018-02-19,910.1614113410484
2018-02-20,905.5842935054785
2018-02-21,909.020879363029
2018-02-22,908.7422443738535
2018-02-23,907.4116670551213
2018-02-26,908.9112910109563
2018-02-27,909.3333728719889
2018-02-28,895.137297433555
2018-03-01,884.735862533678
2018-03-02,880.8538184643451
2018-03-05,884.7372621070257
2018-03-06,892.8939905213506
2018-03-07,891.462951867989
2018-03-08,885.0109943052147
2018-03-09,896.6167403653811
2018-03-12,900.2990974085778
2018-03-13,897.5490119438317
2018-03-14,889.931059188611
2018-03-15,886.1216928688409
2018-03-16,884.5213812945121
2018-03-19,876.9356211673199
2018-03-20,881.3560537555076
2018-03-21,890.1851047530607
2018-03-22,885.1382135568346
2018-03-23,883.6992210877046
2018-03-26,879.4655543100943
2018-03-27,880.6744680540197
2018-03-28,869.4322702659745
2018-03-29,878.5687165924335
2018-03-30,877.2136308531237
2018-04-02,877.1270270193588
2018-04-03,879.2407779694616
2018-04-04,874.4434061904157
2018-04-05,889.4405744153764
2018-04-06,889.4521571011882
2018-04-09,855.5766391025315
2018-04-10,861.8777434787287
2018-04-11,867.8807469184125
2018-04-12,875.3345868052901
2018-04-13,870.4164130452945
2018-04-16,868.3507112377717
2018-04-17,873.9075519975779
2018-04-18,888.0429044626688
2018-04-19,888.3073758641125
2018-04-20,874.6203051683322
2018-04-23,867.8544295044222
2018-04-24,865.4004627089081
2018-04-25,858.8814619045704
2018-04-26,865.396626607621
2018-04-27,873.6730801181744
2018-04-30,867.0597803690994
2018-05-01,859.2047822534021
2018-05-02,849.9579938099291
2018-05-03,839.5061200985883
2018-05-04,841.8454669900138
2018-05-07,839.5033399254476
2018-05-08,832.8249038690361
2018-05-09,838.8044858655978
2018-05-10,849.4991971160094
2018-05-11,866.5600026640119
2018-05-14,871.6772898712035
2018-05-15,849.5720369546526
2018-05-16,851.4078120156959
2018-05-17,846.6014496666008
2018-05-18,842.5452315560395
2018-05-21,842.8724682241261
2018-05-22,845.1578956869889
2018-05-23,828.2923058627365
2018-05-24,835.5089251483474
2018-05-25,836.568201625096
2018-05-28,839.4510134911279
2018-05-29,828.7903521859059
2018-05-30,826.4865468932338
2018-05-31,827.7161180038981
2018-06-01,835.7688219798275
2018-06-04,854.4185903685762
2018-06-05,857.2450413503669
2018-06-06,862.574320862425
2018-06-07,866.8076286438572
2018-06-08,850.1286561103668
2018-06-11,850.7409697154928
2018-06-12,849.1713260098436
2018-06-13,842.128560467129
2018-06-14,838.6990520779235
2018-06-15,825.7304606855131
2018-06-18,812.8500696801611
2018-06-19,806.4050143054674
2018-06-20,816.8889594641047
2018-06-21,815.9078987528846
2018-06-22,825.6243923127464
2018-06-25,825.6144182568626
2018-06-26,823.4038470598617
2018-06-27,827.7945625283164
2018-06-28,818.9853590610733
2018-06-29,839.9302163404774
2018-07-02,833.4088078253366
2018-07-03,836.6998615144793
2018-07-04,842.4935710283701
2018-07-05,855.0351012510014
2018-07-06,852.9052775923905
2018-07-09,859.4027559776797
2018-07-10,863.5182934893322
2018-07-11,851.5960205628055
2018-07-12,842.4365954189822
2018-07-13,850.4527950765873
2018-07-16,848.9487957282017
2018-07-17,847.0112688272545
2018-07-18,847.1210261336377
2018-07-19,844.8750109433787
2018-07-20,848.3865088424718
2018-07-23,854.1131327592778
2018-07-24,859.1715790891554
2018-07-25,864.8916595446516
2018-07-26,878.490903881707
2018-07-27,879.0220641426824
2018-07-30,887.3634310815343
2018-07-31,888.3306140628315
2018-08-01,893.4157754344127
2018-08-02,878.5424688749296
2018-08-03,881.4121723275754
2018-08-06,877.3275471158281
2018-08-07,884.9172981471461
2018-08-08,880.0933338355536
2018-08-09,873.2356827006256
2018-08-10,846.3539862643084
2018-08-13,839.4956389119557
2018-08-14,847.1466292059857
2018-08-15,837.6225509873402
2018-08-16,844.92814423716
2018-08-17,835.1344944751445
2018-08-20,839.4539560272397
2018-08-21,852.988889585521
2018-08-22,859.1103599849946
2018-08-23,854.0912703658207
2018-08-24,862.3517416472489
2018-08-27,878.0397749514499
2018-08-28,885.9961953479524
2018-08-29,886.10321004563
2018-08-30,879.9941951037306
2018-08-31,880.8111856794484
2018-09-03,876.7168640096962
2018-09-04,870.3136067493733
2018-09-05,864.192216446097
2018-09-06,867.1577294628345
2018-09-07,861.9858206519782
2018-09-10,865.2047296767889
2018-09-11,866.0739843157673
2018-09-12,861.2701813380675
2018-09-13,870.9586844098925
2018-09-14,869.2484899902129
2018-09-17,861.2384900090755
2018-09-18,875.7498212933917
2018-09-19,880.5870213290194
2018-09-20,883.934691220491
2018-09-21,885.9484395365329
2018-09-24,893.4814740681238
2018-09-25,903.2938757165239
2018-09-26,900.3066508057608
2018-09-27,912.8869241319021
2018-09-28,916.036635314662
2018-10-01,913.5022537985707
2018-10-02,904.1747476118009
2018-10-03,915.2131818474237
2018-10-04,899.3237894842866
2018-10-05,895.256316532561
2018-10-08,884.2678035034322
2018-10-09,886.3777454372182
2018-10-10,877.9664831424625
2018-10-11,866.4241292607924
2018-10-12,877.8321961019673
2018-10-15,878.5427315614121
2018-10-16,889.7696443194413
2018-10-17,883.9905519233209
2018-10-18,873.5708606147819
2018-10-19,871.0393551386192
2018-10-22,869.5202048167371
2018-10-23,865.6735299517276
2018-10-24,866.5893370368425
2018-10-25,863.4616308540598
2018-10-26,846.7641045099275
2018-10-29,856.3838821330211
2018-10-30,851.857942131496
2018-10-31,868.9112666467265
2018-11-01,874.4747504930361
2018-11-02,880.2386270218258
2018-11-05,892.426488291688
2018-11-06,896.0209998747231
2018-11-07,913.7339433547949
2018-11-08,907.222419165082
2018-11-09,891.6601192890271
2018-11-12,880.3413447136055
2018-11-13,875.2177869478895
2018-11-14,883.5298339581083
2018-11-15,886.8289283608091
2018-11-16,886.9713549076189
2018-11-19,894.5778089427542
2018-11-20,881.7998742764979
2018-11-21,889.4273880406079
2018-11-22,895.8969721283635
2018-11-23,878.6221216196795
2018-11-26,871.4280950459462
2018-11-27,875.4706511385358
2018-11-28,880.4621204475266
2018-11-29,898.6436981681392
2018-11-30,890.5864707615482
2018-12-03,913.0320676760107
2018-12-04,921.21678478742
2018-12-05,920.5107269643033
2018-12-06,906.776862468039
2018-12-07,912.8023767188637
2018-12-10,895.6116083625661
2018-12-11,899.6073951773782
2018-12-12,903.5189454062394
2018-12-13,910.5704155460472
2018-12-14,906.5507939999718
2018-12-17,904.7793593350345
2018-12-18,894.9568625034661
2018-12-19,899.4763848355987
2018-12-20,890.4104603511449
2018-12-21,888.7439265741193
2018-12-24,887.1855943928763
2018-12-25,881.6206632601926
2018-12-26,880.2579854356162
2018-12-27,876.97935046543
2018-12-28,886.3348157072561
2018-12-31,890.7638437680794
2019-01-01,890.7638437680794
2019-01-02,891.0669792354382
2019-01-03,886.1940883795951
2019-01-04,903.8244405440555
2019-01-07,915.728080295034
2019-01-08,912.5270294300796
2019-01-09,921.9487137860935
2019-01-10,928.6523280415204
2019-01-11,930.1594333208636
2019-01-14,929.982458930206
2019-01-15,929.8206170197953
2019-01-16,934.586163571121
2019-01-17,936.3491451475014
2019-01-18,942.0572170383448
2019-01-21,935.9393266509172
2019-01-22,936.5572018121319
2019-01-23,948.2499111840324
2019-01-24,949.2375404562556
2019-01-25,950.1246364448104
2019-01-28,947.1759911077359
2019-01-29,950.5477962793291
2019-01-30,952.7409304593127
2019-01-31,963.635671264035
2019-02-01,963.999957320343
2019-02-04,966.0691779891118
2019-02-05,973.5829746403857
2019-02-06,970.0393813036997
2019-02-07,957.6084675414097
2019-02-08,952.35437965206
2019-02-11,947.1375633210982
2019-02-12,953.8847373859782
2019-02-13,941.3975044209828
2019-02-14,928.0894952578315
2019-02-15,940.4644375815593
2019-02-18,943.8698200404767
2019-02-19,944.0565995864856
2019-02-20,959.3204454691496
2019-02-21,958.2450503269953
2019-02-22,964.5264594888506
2019-02-25,968.507654787145
2019-02-26,968.1047636031404
2019-02-27,964.4272678690648
2019-02-28,957.812317467545
2019-03-01,955.4765208226919
2019-03-04,957.8946477147516
2019-03-05,956.5876044066672
2019-03-06,963.530879123529
2019-03-07,947.7166025373726
2019-03-08,945.399771972389
2019-03-11,942.6300392932302
2019-03-12,948.9577582764679
2019-03-13,954.4379215587045
2019-03-14,960.3710201258889
2019-03-15,967.9358627305887
2019-03-18,976.6323429508814
2019-03-19,980.9955021038874
2019-03-20,985.2206011889067
2019-03-21,994.2246075198608
2019-03-22,980.6295026659295
2019-03-25,981.9185820621376
2019-03-26,980.1065364747817
2019-03-27,971.2858585114582
2019-03-28,972.8058770208752
2019-03-29,970.1956500101769
2019-04-01,977.6285887035576
2019-04-02,980.3853657694393
2019-04-03,987.1377237477371
2019-04-04,976.2048160491063
2019-04-05,972.505611127473
2019-04-08,979.7045128292172
2019-04-09,980.2497041625269
2019-04-10,983.3494026892487
2019-04-11,977.2583939365313
2019-04-12,982.5045425300981
2019-04-15,982.9171219671385
2019-04-16,987.9433110734095
2019-04-17,990.6182712510814
2019-04-18,990.0852490799755
2019-04-19,989.8525640983512
2019-04-22,997.3628374980941
2019-04-23,1003.9537193267823
2019-04-24,1000.2326170605797
2019-04-25,992.4285039699249
2019-04-26,993.0137220641544
2019-04-29,988.4678937603942
2019-04-30,982.0300927388621
2019-05-01,981.9772915370094
2019-05-02,973.9793808271155
2019-05-03,970.6710593852129
2019-05-06,962.5631131796822
2019-05-07,948.672361957821
2019-05-08,942.2099288742925
2019-05-09,928.5674634396764
2019-05-10,931.6546194632485
2019-05-13,925.547386928311
2019-05-14,913.9797817801642
2019-05-15,907.453095912125
2019-05-16,920.600860498779
2019-05-17,919.0645664541919
2019-05-20,916.0452856254869
2019-05-21,927.6613641191103
2019-05-22,933.6882451974715
2019-05-23,925.1314737463823
2019-05-24,931.2689605143188
2019-05-27,931.7523152098094
2019-05-28,925.3364100575919
2019-05-29,932.8668674471395
2019-05-30,945.5363035139422
2019-05-31,952.2522151094922
2019-06-03,954.4814688714365
2019-06-04,949.8433693080141
2019-06-05,948.1652523061223
2019-06-06,951.9895993031948
2019-06-07,959.0341277928981
2019-06-10,967.927551939749
2019-06-11,973.4059123968636
2019-06-12,969.7757733395956
2019-06-13,964.4987116673512
2019-06-14,963.6165275273156
2019-06-17,962.1310583709579
2019-06-18,970.9214759766363
2019-06-19,970.867693554843
2019-06-20,985.6024972980937
2019-06-21,981.9842784632162
2019-06-24,984.648318644413
2019-06-25,979.9587168928356
2019-06-26,979.0411665522224
2019-06-27,985.6477161860921
2019-06-28,983.7803626143216
2019-07-01,986.8821240759851
2019-07-02,985.8076982280083
2019-07-03,987.3570338215616
2019-07-04,993.9844796065361
2019-07-05,988.0219041484665
2019-07-08,985.7574123842694
2019-07-09,979.7745846861258
2019-07-10,986.3509903382676
2019-07-11,986.3574657118851
2019-07-12,980.7026219348871
2019-07-15,979.9840347547142
2019-07-16,981.7123653331715
2019-07-17,983.4947495954548
2019-07-18,984.3561218425763
2019-07-19,992.0643429394303
2019-07-22,988.7676232546772
2019-07-23,985.5637554609295
2019-07-24,986.8949259508369
2019-07-25,985.5147884830934
2019-07-26,979.227600543347
2019-07-29,976.9016972637911
2019-07-30,973.4271697110157
2019-07-31,976.9970603930353
2019-08-01,963.7357397812473
2019-08-02,945.7219413497025
2019-08-05,932.3089216955036
2019-08-06,935.1590937329505
2019-08-07,934.9730814950566
2019-08-08,942.2043342247605
2019-08-09,935.9907155288777
2019-08-12,934.2056529764757
2019-08-13,937.5129458514383
2019-08-14,912.3375517540518
2019-08-15,904.5153128188626
2019-08-16,902.3783950239174
2019-08-19,911.2956107066744
2019-08-20,917.9959834383515
2019-08-21,916.6735512654249
2019-08-22,917.5669345952814
2019-08-23,915.3339187922419
2019-08-26,907.1275317918071
2019-08-27,905.7153076934806
2019-08-28,901.9878515383735
2019-08-29,912.8538357428323
2019-08-30,919.1176480796177
2019-09-02,921.864071086672
2019-09-03,914.2972670964482
2019-09-04,924.4528697491021
2019-09-05,928.3174020158713
2019-09-06,929.0759711509209
2019-09-09,930.1842815634584
2019-09-10,929.5186043451375
2019-09-11,932.9623464940032
2019-09-12,929.3461080829048
2019-09-13,934.0676441039939
2019-09-16,946.2273090553397
2019-09-17,938.6649723955413
2019-09-18,942.1453616277589
2019-09-19,940.6673612256152
2019-09-20,940.4509845845438
2019-09-23,933.220307263011
2019-09-24,933.9853626013654
2019-09-25,931.1954473713635
2019-09-26,931.3124014517047
2019-09-27,931.610801825717
2019-09-30,923.1277801066815
2019-10-01,922.2071048285653
2019-10-02,912.0026977223695
2019-10-03,909.2453599823091
2019-10-04,914.6105056581627
2019-10-07,914.5885298028504
2019-10-08,913.093575197217
2019-10-09,911.3621933032389
2019-10-10,916.2995466917674
2019-10-11,927.7551306939522
2019-10-14,924.584339886165
2019-10-15,928.4131180225597
2019-10-16,936.113818962346
2019-10-17,946.7235604084287
2019-10-18,947.2232619298952
2019-10-21,954.270652191668
2019-10-22,964.0870121928621
2019-10-23,967.3696916236526
2019-10-24,974.9997058003482
2019-10-25,969.2043322003951
2019-10-28,961.2575315785075
2019-10-29,960.8712563496439
2019-10-30,965.6948162387613
2019-10-31,961.0880821380033
2019-11-01,967.39242864696
2019-11-04,973.7261477682199
2019-11-05,977.4331972128747
2019-11-06,976.7240709714836
2019-11-07,979.816887068293
2019-11-08,971.3484491490361
2019-11-11,971.4185576601171
2019-11-12,968.6576690030604
2019-11-13,964.1306710592222
2019-11-14,967.3566874170162
2019-11-15,973.4888258226638
2019-11-18,968.7285559463874
2019-11-19,970.327230592142
2019-11-20,969.5721579297406
2019-11-21,963.2063974675154
2019-11-22,964.5184351781412
2019-11-25,963.4035464681002
2019-11-26,951.813097198315
2019-11-27,950.3509017106724
2019-11-28,951.6435288341285
2019-11-29,952.810623823497
2019-12-02,951.3146876733422
2019-12-03,943.7916922138937
2019-12-04,951.59135272903
2019-12-05,953.3075033726526
2019-12-06,954.8735105285687
2019-12-09,955.1618987772313
2019-12-10,948.7743549073862
2019-12-11,953.4445242963781
2019-12-12,961.6350539813604
2019-12-13,965.5780183308426
2019-12-16,968.8284360215004
2019-12-17,976.1680299714914
2019-12-18,979.2593565139211
2019-12-19,984.1238126094547
2019-12-20,980.652936435031
2019-12-23,991.9153394724494
2019-12-24,989.8058228099852
2019-12-25,989.8514685411859
2019-12-26,990.7916970753982
2019-12-27,996.5283534213502
2019-12-30,1001.2747237499874
2019-12-31,999.3785146966056
2020-01-01,998.1899640649596
2020-01-02,1006.5921475743107
2020-01-03,1005.8494620154933
2020-01-06,1002.7849389902185
2020-01-07,999.7702316400919
2020-01-08,1002.8521681355902
2020-01-09,1013.179167369445
2020-01-10,1015.0408425087797
2020-01-13,1022.6057616910625
2020-01-14,1019.0640322352458
2020-01-15,1016.2823710098661
2020-01-16,1019.5949308295578
2020-01-17,1021.6628167983924
2020-01-20,1021.7284130492883
2020-01-21,1016.2442990880614
2020-01-22,1009.757886594063
2020-01-23,1006.506487120874
2020-01-24,1006.0708046749087
2020-01-27,979.7213818998422
2020-01-28,982.2030491795841
2020-01-29,981.2951234261866
2020-01-30,971.085012186848
2020-01-31,967.2153997909351
2020-02-03,960.8180379747056
2020-02-04,969.6603003564887
2020-02-05,974.3346902193819
2020-02-06,963.1561814445258
2020-02-07,956.5229897838143
2020-02-10,946.2299451396174
2020-02-11,951.9546750526252
2020-02-12,952.9541916239384
2020-02-13,950.3732394863547
2020-02-14,948.4156990481229
2020-02-17,953.3080326717143
2020-02-18,946.8276398831055
2020-02-19,960.4509324098792
2020-02-20,954.2029238064371
2020-02-21,952.0808308737099
2020-02-24,923.0430833082567
2020-02-25,909.0802447763648
2020-02-26,904.149070905386
2020-02-27,881.3783328518516
2020-02-28,848.6073368460794
2020-03-02,841.432724487781
2020-03-03,873.830690763035
2020-03-04,876.4060466433425
2020-03-05,866.4066903081327
2020-03-06,844.0959837957715
2020-03-09,746.9211286950854
2020-03-10,750.2568272693645
2020-03-11,740.837787713721
2020-03-12,668.1984232299637
2020-03-13,676.8662560450385
2020-03-16,645.3478590089953
2020-03-17,641.095114559718
2020-03-18,612.748793682587
2020-03-19,647.8074855730212
2020-03-20,657.2828943357141
2020-03-23,627.0029709227994
2020-03-24,658.7013184910865
2020-03-25,679.6758074502371
2020-03-26,693.9425369542178
2020-03-27,673.945543299602
2020-03-30,668.6876452223457
2020-03-31,680.8169852456926
2020-04-01,670.6711685239395
2020-04-02,700.7520167564857
2020-04-03,706.7557953057208
2020-04-06,721.7886081143412
2020-04-07,743.5287224046245
2020-04-08,743.9623549134739
2020-04-09,764.1959126154266
2020-04-10,762.5372413035755
2020-04-13,751.3208193722515
2020-04-14,759.4029527484836
2020-04-15,723.6473561736942
2020-04-16,714.7933192121733
2020-04-17,721.9356300363631
2020-04-20,712.1460555974744
2020-04-21,687.2638952308536
2020-04-22,708.3518134106084
2020-04-23,721.4725974316866
2020-04-24,714.2732067649283
2020-04-27,718.0075877170815
2020-04-28,726.3079351470202
2020-04-29,742.5923360606695
2020-04-30,745.5001663955741
2020-05-01,738.9818354312101
2020-05-04,719.3778893056744
2020-05-05,734.2462815272793
2020-05-06,720.8628637740112
2020-05-07,723.1906938920636
2020-05-08,728.5071925722494
2020-05-11,727.3001285265423
2020-05-12,738.9485461784926
2020-05-13,728.821480905265
2020-05-14,724.6780754524735
2020-05-15,725.2789216447154
2020-05-18,751.1196423222927
2020-05-19,762.1325053600508
2020-05-20,779.2778106815193
2020-05-21,773.5919379988527
2020-05-22,768.3841649181095
2020-05-25,774.1724299726194
2020-05-26,788.2428833537718
2020-05-27,783.5969778781472
2020-05-28,791.4221926890159
2020-05-29,782.8343115885
2020-06-01,800.1591989018873
2020-06-02,814.1801464360041
2020-06-03,823.7937047815753
2020-06-04,818.3260967824543
2020-06-05,826.6981032603946
2020-06-08,830.8500860025882
2020-06-09,828.8101875850205
2020-06-10,819.5499686982537
2020-06-11,811.6628630573982
2020-06-12,807.805568671942
2020-06-15,794.8166401459195
2020-06-16,808.5803209654396
2020-06-17,808.5296359410631
2020-06-18,809.9278178501089
2020-06-19,815.2586182664585
2020-06-22,812.6029736872966
2020-06-23,822.176634999539
2020-06-24,813.2323874841137
2020-06-25,803.2926151630666
2020-06-26,799.8128340339791
2020-06-29,804.9560485143912
2020-06-30,793.6435009233774
2020-07-01,797.1724320054753
2020-07-02,809.9921587269017
2020-07-03,805.6279172678153
2020-07-06,811.6274170132468
2020-07-07,808.8348348394561
2020-07-08,808.1739858154964
2020-07-09,811.014092772053
2020-07-10,814.1668552828395
2020-07-13,810.2069765452112
2020-07-14,802.3436411826765
2020-07-15,806.8972078749543
2020-07-16,808.5925881900075
2020-07-17,805.9511222891715
2020-07-20,810.3690582197261
2020-07-21,818.4996830165368
2020-07-22,819.0961063356199
2020-07-23,820.3474868131037
2020-07-24,819.2998616392665
2020-07-27,827.575532847463
2020-07-28,822.0174245930282
2020-07-29,823.0125000167558
2020-07-30,809.1886037929263
2020-07-31,809.2883448658449
2020-08-03,811.7599682458582
2020-08-04,812.2441760066968
2020-08-05,828.1275170779763
2020-08-06,823.400256737371
2020-08-07,820.1006557714276
2020-08-10,821.1313827271035
2020-08-11,831.2510275433057
2020-08-12,838.1445188736851
2020-08-13,843.9607593345357
2020-08-14,841.5644541045143
2020-08-17,844.2770327388529
2020-08-18,847.3476739136074
2020-08-19,846.1469138462434
2020-08-20,834.8420856712188
2020-08-21,828.6973804159268
2020-08-24,837.9195904423038
2020-08-25,832.4701600625311
2020-08-26,834.2796526911474
2020-08-27,829.4343364755955
2020-08-28,830.4583916757838
2020-08-31,821.0240150692151
2020-09-01,822.0238819198951
2020-09-02,811.6619878504578
2020-09-03,809.9608012896881
2020-09-04,805.5492434808871
2020-09-07,803.7526656178021
2020-09-08,793.4617103152607
2020-09-09,797.2523283762129
2020-09-10,802.5590176074577
2020-09-11,807.203703259853
2020-09-14,806.063192842996
2020-09-15,811.0284683324012
2020-09-16,811.5973100081658
2020-09-17,810.6755063600083
2020-09-18,804.1757664052594
2020-09-21,777.314700465135
2020-09-22,779.0814300804897
2020-09-23,772.7743376186844
2020-09-24,767.9815932794581
2020-09-25,761.2293929090855
2020-09-28,768.4207290268141
2020-09-29,766.4783562903785
2020-09-30,773.560985431303
2020-10-01,770.1030225146849
2020-10-02,767.4405696750258
2020-10-05,773.4616757055064
2020-10-06,779.3774568485496
2020-10-07,773.6505669649748
2020-10-08,780.1566098285289
2020-10-09,782.8181233298908
2020-10-12,787.3319299742186
2020-10-13,781.957977804695
2020-10-14,783.7122100392786
2020-10-15,769.122228668847
2020-10-16,771.0904721034871
2020-10-19,771.4512170300964
2020-10-20,772.5650657093144
2020-10-21,769.8017445992872
2020-10-22,774.3481042465113
2020-10-23,774.757799659389
2020-10-26,762.2257431622463
2020-10-27,760.69305568949
2020-10-28,739.4661126679961
2020-10-29,730.2659805383075
2020-10-30,727.9895439180467
2020-11-02,733.1469570520181
2020-11-03,751.8855690831797
2020-11-04,758.0972768382096
2020-11-05,775.1328660991105
2020-11-06,778.8117214591776
2020-11-09,809.1591791223318
2020-11-10,815.0685121993831
2020-11-11,817.6925171390584
2020-11-12,821.443423336394
2020-11-13,819.8505373086954
2020-11-16,838.6530601314129
2020-11-17,835.3583592912256
2020-11-18,846.1539300149075
2020-11-19,833.079225345455
2020-11-20,835.6864786546932
2020-11-23,838.1422719557914
2020-11-24,845.0439486726391
2020-11-25,852.7038283621233
2020-11-26,851.3965106919773
2020-11-27,849.503297536079
2020-11-30,839.3052679606805
2020-12-01,852.4170145220469
2020-12-02,859.517191677867
2020-12-03,862.1380021754678
2020-12-04,870.6776583910091
2020-12-07,874.9762713328985
2020-12-08,874.4097889913406
2020-12-09,878.675273062111
2020-12-10,885.7873776690076
2020-12-11,886.0701648491807
2020-12-14,884.4207548632702
2020-12-15,885.1245930492959
2020-12-16,892.4467711397465
2020-12-17,900.8673806362832
2020-12-18,895.141973346433
2020-12-21,867.804200721472
2020-12-22,876.9652373375249
2020-12-23,884.5955073476316
2020-12-24,885.5448785401999
2020-12-25,885.5375851136569
2020-12-28,890.9815339490758
2020-12-29,894.2438811472726
2020-12-30,892.53652257597
2020-12-31,889.437162338781
2021-01-01,889.4371623387813
2021-01-04,902.0517674192605
2021-01-05,908.3710116619371
2021-01-06,912.7324080683183
2021-01-07,920.8765538412382
2021-01-08,931.073185562833
2021-01-11,934.7739911013977
2021-01-12,940.1851824421304
2021-01-13,943.0779511752693
2021-01-14,945.8495125089129
2021-01-15,935.5913655520044
2021-01-18,942.8801974827146
2021-01-19,941.971066449077
2021-01-20,945.7077296749351
2021-01-21,933.5920504695814
2021-01-22,923.0649318553122
2021-01-25,920.5121303908435
2021-01-26,920.7521116769561
2021-01-27,910.8070083115332
2021-01-28,917.7532204796645
2021-01-29,910.4535592775129
2021-02-01,904.9261537583321
2021-02-02,913.9160621962384
2021-02-03,908.9388411450025
2021-02-04,911.1154733018003
2021-02-05,921.7111739447846
2021-02-08,929.5847865603616
2021-02-09,930.1412343337721
2021-02-10,924.8695921299475
2021-02-11,930.1180548856596
2021-02-12,929.2101347177611
2021-02-15,941.9959485381877
2021-02-16,946.576902905032
2021-02-17,929.4399659661267
2021-02-18,922.2076249114197
2021-02-19,928.6389480825633
2021-02-22,928.4243454216823
2021-02-23,929.2255926393829
2021-02-24,922.3998674358918
2021-02-25,931.7419269719599
2021-02-26,917.212141385172
2021-03-01,925.5362469065185
2021-03-02,928.1864791594897
2021-03-03,928.4438635048015
2021-03-04,926.7813150980178
2021-03-05,926.5984842772467
2021-03-08,928.8287272319133
2021-03-09,943.7813394696489
2021-03-10,948.6205367075856
2021-03-11,955.5109023325217
2021-03-12,956.7186003417441
2021-03-15,963.9824594740782
2021-03-16,966.7523982317276
2021-03-17,949.0283441158538
2021-03-18,950.0782072971326
2021-03-19,942.2703873849226
2021-03-22,930.4706632608936
2021-03-23,920.372769792088
2021-03-24,922.7540767524833
2021-03-25,915.7994287435484
2021-03-26,924.5505837882005
2021-03-29,937.6050552511937
2021-03-30,935.2738020797632
2021-03-31,947.4632517098377
2021-04-01,945.7657680386039
2021-04-02,947.717843043517
2021-04-05,947.3808512388312
2021-04-06,946.0832266382054
2021-04-07,949.0274345608235
2021-04-08,952.2163459702701
2021-04-09,945.3629203273141
2021-04-12,945.0558267138389
2021-04-13,944.3320634209043
2021-04-14,963.4434450813416
2021-04-15,967.4362816759962
2021-04-16,969.873357152004
2021-04-19,966.977515789181
2021-04-20,963.5049732207196
2021-04-21,960.8984283227009
2021-04-22,970.1903151973304
2021-04-23,972.0051891966082
2021-04-26,978.3803967711415
2021-04-27,974.633996682571
2021-04-28,984.0223346979001
2021-04-29,981.2284295974356
2021-04-30,971.8608235917351
2021-05-03,971.652144597939
2021-05-04,975.6810984274732
2021-05-05,982.6412500392303
2021-05-06,991.3408093011465
2021-05-07,1001.4946269584772
2021-05-10,1008.0258286369427
2021-05-11,1003.8535391657682
2021-05-12,1004.2373062311788
2021-05-13,1005.4248855723113
2021-05-14,1010.0904975419348
2021-05-17,1022.8706999387047
2021-05-18,1035.0106925432683
2021-05-19,1026.2043478200092
2021-05-20,1030.1742578049418
2021-05-21,1032.4343517669588
2021-05-24,1033.309444447019
2021-05-25,1037.235406036427
2021-05-26,1041.4000990128402
2021-05-27,1047.1507096254263
2021-05-28,1049.1687465263135
2021-05-31,1052.7096100514825
2021-06-01,1062.7009458742814
2021-06-02,1077.333144230751
2021-06-03,1075.4277609846813
2021-06-04,1082.4819321927205
2021-06-07,1083.7751244672704
2021-06-08,1085.3511899147597
2021-06-09,1089.7402618550109
2021-06-10,1093.6767019935544
2021-06-11,1089.6237205152731
2021-06-14,1094.101081116976
2021-06-15,1085.0869432089573
2021-06-16,1086.4602005000845
2021-06-17,1075.5507347719727
2021-06-18,1066.510363889095
2021-06-21,1067.1304132692737
2021-06-22,1071.0489536480977
2021-06-23,1076.56835503421
2021-06-24,1076.3982642761493
2021-06-25,1079.6405695596459
2021-06-28,1078.7523431026602
2021-06-29,1069.724929543801
2021-06-30,1068.8559563363915
2021-07-01,1078.809986730377
2021-07-02,1079.7951961539547
2021-07-05,1080.9397361140448
2021-07-06,1073.0258272170026
2021-07-07,1071.4170498054357
2021-07-08,1060.1289553496058
2021-07-09,1066.0384143105857
2021-07-12,1063.1053591179525
2021-07-13,1064.0488185788276
2021-07-14,1065.2599055007054
2021-07-15,1058.711264078396
2021-07-16,1056.2817339019284
2021-07-19,1040.4701281075406
2021-07-20,1041.761662718579
2021-07-21,1050.799484274564
2021-07-22,1056.7495461721126
2021-07-23,1053.382986371834
2021-07-26,1058.4386641979697
2021-07-27,1059.2058958290932
2021-07-28,1068.8114256802994
2021-07-29,1086.0025443031154
2021-07-30,1082.4278408355708
2021-08-02,1090.0320275549252
2021-08-03,1090.589031544476
2021-08-04,1092.9600921453625
2021-08-05,1097.166738154469
2021-08-06,1087.5649763250713
2021-08-09,1090.4395130539688
2021-08-10,1095.3160596456642
2021-08-11,1101.2689327776463
2021-08-12,1106.1797905872488
2021-08-13,1108.3342598962274
2021-08-16,1113.520535715326
2021-08-17,1125.4765343494794
2021-08-18,1121.0271497154747
2021-08-19,1097.4839955393163
2021-08-20,1095.8647612033312
2021-08-23,1107.1784063133434
2021-08-24,1113.8518924126824
2021-08-25,1111.687273309367
2021-08-26,1101.9790960465587
2021-08-27,1113.114005168701
2021-08-30,1122.1179986060959
2021-08-31,1127.5715842231223
2021-09-01,1135.3096941124238
2021-09-02,1142.5616533894765
2021-09-03,1144.7744445572762
2021-09-06,1149.5497647253535
2021-09-07,1152.7357822631616
2021-09-08,1151.999350459137
2021-09-09,1156.059456795733
2021-09-10,1155.6599436857846
2021-09-13,1164.973157587503
2021-09-14,1170.5415321896846
2021-09-15,1174.0792834943877
2021-09-16,1170.4177139584099
2021-09-17,1160.446602094648
2021-09-20,1138.0069898219942
2021-09-21,1141.8038323678754
2021-09-22,1157.2518613431703
2021-09-23,1161.3498598355152
2021-09-24,1156.6780877936255
2021-09-27,1166.3043257401364
2021-09-28,1165.352352447989
2021-09-29,1166.6588580960092
2021-09-30,1174.3554435857584
2021-10-01,1176.4683704958709
2021-10-04,1184.345965068921
2021-10-05,1198.6072155273166
2021-10-06,1185.032346408311
2021-10-07,1193.7675936177834
2021-10-08,1197.049313204023
2021-10-11,1206.7719170179503
2021-10-12,1208.375835734241
2021-10-13,1206.448754113425
2021-10-14,1220.0699668483621
2021-10-15,1224.8805850313574
2021-10-18,1224.0724516478056
2021-10-19,1229.1329800363999
2021-10-20,1233.8883855806455
2021-10-21,1221.3063064257378
2021-10-22,1222.8391660996604
2021-10-25,1233.7521733108736
2021-10-26,1234.2787879622372
2021-10-27,1220.3584338421442
2021-10-28,1213.5697290510054
2021-10-29,1206.6264116455302
2021-11-01,1213.735124120426
2021-11-02,1211.1082078293675
2021-11-03,1202.9821737817751
2021-11-04,1214.9638112593186
2021-11-05,1215.6570454981752
2021-11-08,1221.9381139898226
2021-11-09,1220.594675497916
2021-11-10,1217.1163315634121
2021-11-11,1215.5796086060404
2021-11-12,1191.3886192103364
2021-11-15,1194.4778574995605
2021-11-16,1190.8602529452291
2021-11-17,1198.1581777241722
2021-11-18,1181.3053160679497
2021-11-19,1164.2154573814516
2021-11-22,1128.6191983134693
2021-11-23,1140.4386333149762
2021-11-24,1142.7324573353542
2021-11-25,1143.55860248871
2021-11-26,1116.2440944168293
2021-11-29,1116.9463097908551
2021-11-30,1122.0207752292724
2021-12-01,1141.0946054646652
2021-12-02,1145.6713609330072
2021-12-03,1138.2149374980422
2021-12-06,1149.2074209346763
2021-12-07,1162.4233945408116
2021-12-08,1152.1414291529954
2021-12-09,1148.41343024925
2021-12-10,1143.6538266214634
2021-12-13,1130.9653312937023
2021-12-14,1133.857099941652
2021-12-15,1128.298664517787
2021-12-16,1152.2277317336996
2021-12-17,1141.4326488080785
2021-12-20,1124.2038628466166
2021-12-21,1131.823860635309
2021-12-22,1135.5146310559596
2021-12-23,1140.536571186353
2021-12-24,1139.6085839736998
2021-12-27,1140.5847779112369
2021-12-28,1144.9253574130948
2021-12-29,1141.6248990664255
2021-12-30,1146.9272259641025
2021-12-31,1147.0679654866976
2022-01-03,1157.5575140309995
2022-01-04,1159.4148024208246
2022-01-05,1153.7750285939796
2022-01-06,1145.1340210620722
2022-01-07,1153.6127021292384
2022-01-10,1153.143060609473
2022-01-11,1168.4643839067223
2022-01-12,1188.0879285304084
2022-01-13,1174.116504534439
2022-01-14,1165.8859353431908
2022-01-17,1165.0259751988485
2022-01-18,1131.5977447307255
2022-01-19,1159.174900116699
2022-01-20,1165.2795818596267
2022-01-21,1155.3584466861728
2022-01-24,1113.9750823117492
2022-01-25,1121.92390186702
2022-01-26,1132.123645014138
2022-01-27,1159.6523792319997
2022-01-28,1157.2221152505201
2022-01-31,1165.2265438052764
2022-02-01,1171.5404192568546
2022-02-02,1177.8573118101697
2022-02-03,1170.214495418513
2022-02-04,1166.7439251701705
2022-02-07,1172.5474122393166
2022-02-08,1188.4708850094378
2022-02-09,1198.9546099965603
2022-02-10,1201.0747000450463
2022-02-11,1182.3668874369787
2022-02-14,1168.7699130920457
2022-02-15,1191.0296371998795
2022-02-16,1203.9971006618805
2022-02-17,1181.3853408398227
2022-02-18,1160.8267267416065
2022-02-21,1107.7535684543027
2022-02-22,1106.5127627653537
2022-02-23,1094.4520824113713
2022-02-24,948.4740401910036
2022-02-25,1032.9897346232058
2022-02-28,964.6485664861513
2022-03-01,954.0466974940167
2022-03-02,963.8766683640393
2022-03-03,977.4428415384152
2022-03-04,939.738699338918
2022-03-07,909.3974121609991
2022-03-08,929.0753207609798
2022-03-09,787.767818203634
2022-03-10,783.6162189499353
2022-03-11,788.3144189259073
2022-03-14,781.6302090567414
2022-03-15,774.7751031660478
2022-03-16,795.3070606374293
2022-03-17,801.8649755010841
2022-03-18,796.004820127051
2022-03-21,796.7662476080947
2022-03-22,805.1211738477717
2022-03-23,809.3011634433448
2022-03-24,810.087204292654
2022-03-25,810.3532450680251
2022-03-28,817.8404269099831
2022-03-29,832.6108475216505
2022-03-30,829.8922989137128
2022-03-31,830.0164779274065
2022-04-01,831.5194322156062
2022-04-04,841.200380531834
2022-04-05,839.7760639219014
2022-04-06,837.7278977681904
2022-04-07,838.5249167194725
2022-04-08,841.4744368646656
2022-04-11,854.1483244173244
2022-04-12,839.7254878028007
2022-04-13,838.9920109409812
2022-04-14,833.1636170258636
2022-04-15,833.519181648909
2022-04-18,828.3430572138777
2022-04-19,819.2392480287099
2022-04-20,822.1974945538431
2022-04-21,820.2786189817848
2022-04-22,816.572332910974
2022-04-25,803.680979260447
2022-04-26,804.4393084186233
2022-04-27,802.9972698848601
2022-04-28,808.776024420664
2022-04-29,805.902065220384
2022-05-02,802.3054921556999
2022-05-03,802.9898902362845
2022-05-04,802.2115453873882
2022-05-05,797.1603130921375
2022-05-06,794.069459354176
2022-05-09,781.2418988417819
2022-05-10,768.0163526206738
2022-05-11,757.6439068023248
2022-05-12,725.4337661214673
2022-05-13,739.5754939947893
2022-05-16,733.5630998043697
2022-05-17,745.6355173908878
2022-05-18,745.9790868125708
2022-05-19,732.3666784294984
2022-05-20,731.679903178968
2022-05-23,726.4602888145134
2022-05-24,717.1105601301083
2022-05-25,722.0366443681903
2022-05-26,721.2838512406928
2022-05-27,722.7663303546058
2022-05-30,741.0719308293139
2022-05-31,749.7709753472295
2022-06-01,740.2022470280087
2022-06-02,737.173969156924
2022-06-03,735.7355866723842
2022-06-06,738.8932045514052
2022-06-07,729.800107976524
2022-06-08,722.4735356035756
2022-06-09,716.5492340015142
2022-06-10,709.152543279771
2022-06-13,687.9552368264823
2022-06-14,693.4636532725174
2022-06-15,695.7009036080444
2022-06-16,686.3161746401759
2022-06-17,682.8423996457939
2022-06-20,674.2405160149947
2022-06-21,688.8014358232052
2022-06-22,676.1573186877699
2022-06-23,667.874513868557
2022-06-24,669.0892904115505
2022-06-27,677.0607036354197
2022-06-28,689.6963999048094
2022-06-29,685.922567427745
2022-06-30,675.3099095214766
2022-07-01,672.036017754637
2022-07-04,665.3686413458872
2022-07-05,653.4940102109712
2022-07-06,649.0636001003148
2022-07-07,649.9179819352343
2022-07-08,652.6169181256098
2022-07-11,647.9204520970867
2022-07-12,645.6360057217647
2022-07-13,639.8798313125936
2022-07-14,637.8787475138308
2022-07-15,641.2969343021804
2022-07-18,656.1538271116483
2022-07-19,660.1961961339667
2022-07-20,670.9439094747747
2022-07-21,683.5489944288419
2022-07-22,685.3023926450985
2022-07-25,681.2685931105328
2022-07-26,676.3299943307774
2022-07-27,680.1215471851079
2022-07-28,682.3256008412708
2022-07-29,690.3741690620448
2022-08-01,703.071384428164
2022-08-02,700.4811007040262
2022-08-03,700.6295845207833
2022-08-04,698.048591213947
2022-08-05,697.7853805329345
2022-08-08,705.8243776693006
2022-08-09,705.8852320252267
2022-08-10,712.8035612153806
2022-08-11,721.4211629085863
2022-08-12,719.2448675591634
2022-08-15,716.2578233581638
2022-08-16,715.6965522618963
2022-08-17,718.3539981343503
2022-08-18,713.763381960849
2022-08-19,709.5768772577388
2022-08-22,701.2532614025436
2022-08-23,698.2173733226537
2022-08-24,694.3765069315253
2022-08-25,698.1591181001255
2022-08-26,698.4787432269928
2022-08-29,689.2530385638505
2022-08-30,686.0473813663998
2022-08-31,677.6584734823423
2022-09-01,662.2202071945973
2022-09-02,667.5165430716792
2022-09-05,660.6956313297068
2022-09-06,657.2972891559504
2022-09-07,656.3943651805623
2022-09-08,654.3334330601815
2022-09-09,660.376397336726
2022-09-12,675.48052625485
2022-09-13,675.5292785672336
2022-09-14,667.8516187893273
2022-09-15,668.9006313965037
2022-09-16,672.4118977496415
2022-09-19,660.8754614413474
2022-09-20,660.7335147959009
2022-09-21,653.3739439270664
2022-09-22,653.1464531266064
2022-09-23,645.3934907658777
2022-09-26,623.5062793489836
2022-09-27,625.1198544337782
2022-09-28,627.0256557425477
2022-09-29,633.3886198858257
2022-09-30,632.268605775074
2022-10-03,636.629832469533
2022-10-04,655.772420051957
2022-10-05,653.4230045097967
2022-10-06,653.4317754031503
2022-10-07,653.6669005589929
2022-10-10,642.012765163936
2022-10-11,639.3132622736746
2022-10-12,639.1795776938349
2022-10-13,633.1836406349051
2022-10-14,639.8120870902397
2022-10-17,643.5508673980524
2022-10-18,654.1537433084891
2022-10-19,651.7207414114313
2022-10-20,659.1982955282409
2022-10-21,658.3838544511466
2022-10-24,659.9969279547607
2022-10-25,658.4143624620527
2022-10-26,656.8605686288686
2022-10-27,659.0927167721601
2022-10-28,657.6577563845658
2022-10-31,665.6427509167594
2022-11-01,663.3813780779404
2022-11-02,665.5449075203983
2022-11-03,656.1821967884385
2022-11-04,666.4064429708773
2022-11-07,681.1783554322556
2022-11-08,682.8632111931299
2022-11-09,681.6955432363236
2022-11-10,682.2772075848304
2022-11-11,686.1942436050246
2022-11-14,689.3150219643585
2022-11-15,686.8343643604614
2022-11-16,682.5307458142834
2022-11-17,675.9674589019511
2022-11-18,679.3548992812828
2022-11-21,669.4955842133755
2022-11-22,676.1753446922936
2022-11-23,680.611089946262
2022-11-24,685.6260550950983
2022-11-25,685.2441124178549
2022-11-28,673.144920901165
2022-11-29,677.9376135328675
2022-11-30,687.329278848213
2022-12-01,691.6884172922814
2022-12-02,687.9407173072934
2022-12-05,679.0998315245622
2022-12-06,670.5006618052231
2022-12-07,659.7523490263293
2022-12-08,658.776882379395
2022-12-09,659.2128479283381
2022-12-12,654.7532968316974
2022-12-13,657.6605052679934
2022-12-14,658.3363528933701
2022-12-15,658.7019167869737
2022-12-16,662.7713196763082
2022-12-19,666.0364248260198
2022-12-20,669.63610446651
2022-12-21,669.9197076655425
2022-12-22,668.4128328636384
2022-12-23,668.8294666357754
2022-12-26,668.6066603211871
2022-12-27,672.2685768065348
2022-12-28,675.6266480469715
2022-12-29,676.87348653427
2022-12-30,674.4437025639687
2023-01-02,677.526645533036
2023-01-03,679.3338391502323
2023-01-04,678.6725256146161
2023-01-05,678.1493514469882
2023-01-06,679.2015181677855
2023-01-09,690.2133901825885
2023-01-10,692.7456415760463
2023-01-11,686.3532337307327
2023-01-12,688.0396735460663
2023-01-13,690.2380342477575
2023-01-16,694.6370201646364
2023-01-17,692.2942365110574
2023-01-18,692.8604357427404
2023-01-19,693.0694465116493
2023-01-20,695.6961959470144
2023-01-23,704.4446888685221
2023-01-24,706.5719208422569
2023-01-25,704.7856243927263
2023-01-26,699.0390159082307
2023-01-27,693.2438717119519
2023-01-30,693.1984850495737
2023-01-31,689.530611037856
2023-02-01,687.4571790331838
2023-02-02,688.3018276172587
2023-02-03,693.0184921374212
2023-02-06,689.0936036363051
2023-02-07,683.4708922079938
2023-02-08,687.6312188880307
2023-02-09,687.6203459566144
2023-02-10,684.50684251291
2023-02-13,688.7470037908311
2023-02-14,689.9214648320326
2023-02-15,696.7791636236784
2023-02-16,697.0972516879046
2023-02-17,696.4991684861877
2023-02-20,696.5556200313317
2023-02-21,692.0222208219678
2023-02-22,684.8474205981487
2023-02-23,680.6560939137318
2023-02-24,679.0602873434748
2023-02-27,681.1348682657538
2023-02-28,685.605759347965
2023-03-01,688.0385397263163
2023-03-02,684.2559081219785
2023-03-03,683.7627009987846
2023-03-06,692.3210410491741
2023-03-07,690.0260584983453
2023-03-08,692.1751504039888
2023-03-09,689.8835650581879
2023-03-10,687.2037378151065
2023-03-13,676.4808584362383
2023-03-14,665.5829619408594
2023-03-15,652.8552224031683
2023-03-16,650.6465931679764
2023-03-17,647.8840574302794
2023-03-20,651.8932631751804
2023-03-21,663.4093261934445
2023-03-22,665.0045568339767
2023-03-23,669.7220519809712
2023-03-24,660.527243539442
2023-03-27,661.3939268462375
2023-03-28,664.2469307041406
2023-03-29,666.7474450328731
2023-03-30,672.3206337077116
2023-03-31,668.8088259424069
2023-04-03,681.7719257724879
2023-04-04,687.4874619255726
2023-04-05,680.8936859065197
2023-04-06,678.7601916561288
2023-04-07,678.9073417794835
2023-04-10,676.9174097428757
2023-04-11,681.3963694413907
2023-04-12,687.5100114211123
2023-04-13,687.3305263841514
2023-04-14,688.6953655936869
2023-04-17,693.3434020529369
2023-04-18,696.8626238981518
2023-04-19,696.3511915527698
2023-04-20,697.273466084349
2023-04-21,696.9683674157413
2023-04-24,700.4110762499402
2023-04-25,699.9518958112707
2023-04-26,702.4988067415611
2023-04-27,708.010879096714
2023-04-28,705.6135348344079
2023-05-01,701.2522021337056
2023-05-02,697.7947936284068
2023-05-03,700.5358674036345
2023-05-04,703.1306222278763
2023-05-05,705.8337020785234
2023-05-08,712.8238151897411
2023-05-09,713.0871856470533
2023-05-10,713.2342550583385
2023-05-11,713.6984902282841
2023-05-12,711.9033658387827
2023-05-15,695.251134043977
2023-05-16,697.0303937469924
2023-05-17,698.7525264698452
2023-05-18,697.4074373511686
2023-05-19,699.8474027808272
2023-05-22,702.9498518913019
2023-05-23,700.6045475608495
2023-05-24,694.7499855592553
2023-05-25,691.6142859090902
2023-05-26,698.2066757113057
2023-05-29,696.1749088532874
2023-05-30,697.6867363070891
2023-05-31,681.5204795484719
2023-06-01,683.536126647527
2023-06-02,692.747942645413
2023-06-05,702.1008091779133
2023-06-06,702.3154694084702
2023-06-07,702.9641485193536
2023-06-08,702.5976715266787
2023-06-09,704.6971707353283
2023-06-12,704.0692434593772
2023-06-13,701.5421422599059
2023-06-14,710.6161798625893
2023-06-15,713.4072937908852
2023-06-16,718.1569886072085
2023-06-19,714.0137515246068
2023-06-20,713.2858478351486
2023-06-21,717.5678006603888
2023-06-22,715.6053621198909
2023-06-23,713.6749984268922
2023-06-26,712.2975827203801
2023-06-27,711.2660392775737
2023-06-28,709.8298785853291
2023-06-29,712.5321839522843
2023-06-30,712.1075351840378
2023-07-03,719.848797930622
2023-07-04,721.423640953912
2023-07-05,718.9033914133752
2023-07-06,717.0388553562434
2023-07-07,720.6404613285224
2023-07-10,720.1889079787716
2023-07-11,725.362936543495
2023-07-12,733.9766386540136
2023-07-13,736.4583592682019
2023-07-14,739.4713543139862
2023-07-17,740.2031983339793
2023-07-18,740.5337217383586
2023-07-19,741.518920716758
2023-07-20,739.7090006460282
2023-07-21,737.9222232879669
2023-07-24,742.3717745014151
2023-07-25,746.6979136681366
2023-07-26,747.730719288383
2023-07-27,750.1483351646482
2023-07-28,752.23654999019
2023-07-31,754.2576429783217
2023-08-01,751.0814888272303
2023-08-02,745.9530311793708
2023-08-03,739.866116876433
2023-08-04,746.7778259103151
2023-08-07,746.8274365552564
2023-08-08,742.4287171663821
2023-08-09,745.024520146202
2023-08-10,749.127287542723
2023-08-11,747.6554888578908
2023-08-14,742.218919704105
2023-08-15,738.7620014991802
2023-08-16,734.2880781463249
2023-08-17,735.4142551290709
2023-08-18,734.5486052847973
2023-08-21,733.4246088336762
2023-08-22,732.4265321376373
2023-08-23,731.3061575314747
2023-08-24,734.0927861222419
2023-08-25,731.9005110705423
2023-08-28,736.2037454584183
2023-08-29,737.8344741848335
2023-08-30,743.1599278908698
2023-08-31,734.2286764516086
2023-09-01,734.2965184984726
2023-09-04,727.7240317018583
2023-09-05,721.9670171939622
2023-09-06,715.7035022273585
2023-09-07,715.1520339491748
2023-09-08,718.4894507497326
2023-09-11,718.5954825351296
2023-09-12,716.5248387286297
2023-09-13,717.3641881651703
2023-09-14,720.4897595174568
2023-09-15,722.3528320142194
2023-09-18,716.2555566436173
2023-09-19,716.3734373514968
2023-09-20,719.3126408476093
2023-09-21,718.141096411006
2023-09-22,718.6295006154954
2023-09-25,717.456551272165
2023-09-26,718.6917746667277
2023-09-27,717.0426301107282
2023-09-28,717.8221506788399
2023-09-29,722.1087793128727
2023-10-02,719.9554095185944
2023-10-03,718.3814040953548
2023-10-04,714.6321478056293
2023-10-05,711.1790580651608
2023-10-06,710.1869165670835
2023-10-09,699.3819446865932
2023-10-10,709.1256373049025
2023-10-11,712.4003243334186
2023-10-12,708.4910857093487
2023-10-13,702.6389893931781
2023-10-16,709.6043731045258
2023-10-17,718.3877136440983
2023-10-18,711.4590490739407
2023-10-19,705.3428075731732
2023-10-20,698.1159141472829
2023-10-23,688.5570320731484
2023-10-24,691.9541657758509
2023-10-25,695.6181659393023
2023-10-26,689.4343529723427
2023-10-27,688.2711683630437
2023-10-30,694.7263037643966
2023-10-31,699.5229400532814
2023-11-01,702.4090328005268
2023-11-02,711.095115364693
2023-11-03,716.4857499244641
2023-11-06,725.1027739026266
2023-11-07,721.5693004469014
2023-11-08,719.313496893823
2023-11-09,718.4229759578321
2023-11-10,716.5396983592874
2023-11-13,715.3066578553955
2023-11-14,726.2236269910502
2023-11-15,734.1060380905387
2023-11-16,736.8397676260025
2023-11-17,737.8850946222399
2023-11-20,740.8843193837197
2023-11-21,737.8051689086332
2023-11-22,736.1057185256055
2023-11-23,735.6378566519219
2023-11-24,736.5885660163982
2023-11-27,732.5491479748285
2023-11-28,739.9648921652906
2023-11-29,738.5351049780062
2023-11-30,738.3013584509438
2023-12-01,741.2600808467608
2023-12-04,741.2115051801799
2023-12-05,741.4583967506785
2023-12-06,738.9535764160149
2023-12-07,738.1506844542663
2023-12-08,735.9095720655125
2023-12-11,733.8477153010843
2023-12-12,734.1456106904179
2023-12-13,733.8947132011765
2023-12-14,748.0439160454648
2023-12-15,748.1252081661165
2023-12-18,748.5318103757121
2023-12-19,753.8478135197258
2023-12-20,754.5273737853404
2023-12-21,755.2434293013382
2023-12-22,755.0331275472012
2023-12-25,755.0741042715285
2023-12-26,757.0014813778879
2023-12-27,762.4761145932843
2023-12-28,765.3464204553298
2023-12-29,763.6369442004786
2024-01-01,766.9920927133106
2024-01-02,765.7162966185
2024-01-03,756.9145597977713
2024-01-04,758.6617826201884
2024-01-05,760.5419304611534
2024-01-08,771.4038625536485
2024-01-09,773.126737039052
2024-01-10,773.9346778374073
2024-01-11,774.0840673591687
2024-01-12,775.8991431379421
2024-01-15,771.5899908054406
2024-01-16,764.0740340160996
2024-01-17,759.3033558536489
2024-01-18,759.0089011845384
2024-01-19,764.4044122136912
2024-01-22,767.774840196385
2024-01-23,763.6931818077029
2024-01-24,771.1832212666577
2024-01-25,767.5131641253254
2024-01-26,767.1452017652758
2024-01-29,764.7607490549238
2024-01-30,761.8164571294507
2024-01-31,762.4304859351746
2024-02-01,767.4163160845476
2024-02-02,768.1662161436602
2024-02-05,765.2456251035002
2024-02-06,767.1953551488558
2024-02-07,765.0029514571154
2024-02-08,765.4174794314437
2024-02-09,767.0575630484666
2024-02-12,774.1558096101165
2024-02-13,772.1660532432921
2024-02-14,781.0963026462771
2024-02-15,784.6833833189934
2024-02-16,787.3842530959607
2024-02-19,792.0795502951673
2024-02-20,796.6307844604901
2024-02-21,795.6436003211868
2024-02-22,793.2651601311802
2024-02-23,793.3026925925325
2024-02-26,790.3217481399832
2024-02-27,793.8132494753306
2024-02-28,788.2694558107092
2024-02-29,787.8346905825538
2024-03-01,789.0895210898223
2024-03-04,785.7471451657946
2024-03-05,779.0054954241045
2024-03-06,780.6208199136794
2024-03-07,781.6557148110902
2024-03-08,785.2386478812389
2024-03-11,785.0673532171696
2024-03-12,787.4828285834483
2024-03-13,787.0462079445839
2024-03-14,790.5403339988507
2024-03-15,791.1291473979327
2024-03-18,790.6422034253342
2024-03-19,792.1504423450497
2024-03-20,793.8322121055983
2024-03-21,801.3859650973276
2024-03-22,799.2250091627659
2024-03-25,795.0535838583176
2024-03-26,794.8390924134385
2024-03-27,789.3368166768452
2024-03-28,794.7612613052271
2024-03-29,794.6262828163947
2024-04-01,797.1205608571677
2024-04-02,801.72477015415
2024-04-03,802.9913098592076
2024-04-04,811.8100445321709
2024-04-05,814.422510339154
2024-04-08,819.527302666401
2024-04-09,819.2111521064134
2024-04-10,819.1343014144475
2024-04-11,815.8380889071248
2024-04-12,811.6178639181448
2024-04-15,807.9732628371956
2024-04-16,791.2377188053625
2024-04-17,794.0878315750202
2024-04-18,798.8887209988808
2024-04-19,797.6087442903575
2024-04-22,796.6520692016993
2024-04-23,800.8203771986439
2024-04-24,797.0011664781274
2024-04-25,793.1752334756377
2024-04-26,796.9846167916895
2024-04-29,807.1574468994762
2024-04-30,804.5181112672092
2024-05-01,800.8032773086627
2024-05-02,802.1054918848172
2024-05-03,803.2318042809552
2024-05-06,810.659171486209
2024-05-07,811.4273126920522
2024-05-08,819.0071617122784
2024-05-09,816.1407898442354
2024-05-10,812.1553975354155
2024-05-13,814.0494419010022
2024-05-14,811.4822957678052
2024-05-15,811.6051041763598
2024-05-16,818.435155463998
2024-05-17,820.3923524380548
2024-05-20,822.0257820992375
2024-05-21,825.6887411430724
2024-05-22,820.6997245896982
2024-05-23,811.209330763367
2024-05-24,807.7809101683622
2024-05-27,804.8549254756634
2024-05-28,796.0678057697229
2024-05-29,786.6232792099852
2024-05-30,786.0043785152285
2024-05-31,786.5450511034467
2024-06-03,794.1242725906994
2024-06-04,781.3281587723616
2024-06-05,780.3135411330989
2024-06-06,782.3566604866368
2024-06-07,777.947771010823
2024-06-10,782.6329166125871
2024-06-11,779.1142757299631
2024-06-12,780.3630582876087
2024-06-13,772.4799519934394
2024-06-14,768.2609587338158
2024-06-17,770.456986030057
2024-06-18,773.1417927141335
2024-06-19,776.1540186370553
2024-06-20,778.9999436294343
2024-06-21,776.7388273353017
2024-06-24,788.4413775117424
2024-06-25,787.9647479418104
2024-06-26,782.1123716807784
2024-06-27,788.611891426811
2024-06-28,791.2964088686365
2024-07-01,790.7939827530261
2024-07-02,788.8086578879643
2024-07-03,795.4528726194587
2024-07-04,800.3083040892417
2024-07-05,798.6088366779115
2024-07-08,803.1740999858723
2024-07-09,801.8940650322897
2024-07-10,800.8348640419456
2024-07-11,807.3428168218067
2024-07-12,808.5274915211944
2024-07-15,814.0263804915916
2024-07-16,812.4572461567184
2024-07-17,814.0848045283623
2024-07-18,818.3281798562807
2024-07-19,818.0667091615
2024-07-22,819.7234115954365
2024-07-23,817.0677343344531
2024-07-24,814.5281556830154
2024-07-25,812.0031233455412
2024-07-26,814.5978274277093
2024-07-29,821.0799772910713
2024-07-30,815.1016369099264
2024-07-31,815.3424088755695
2024-08-01,814.2454606916235
2024-08-02,807.4738675017942
2024-08-05,774.4397644952635
2024-08-06,781.5465534337336
2024-08-07,788.1469040851887
2024-08-08,790.2619020598082
2024-08-09,788.7846367126037
2024-08-12,797.7188470585013
2024-08-13,801.1671280068061
2024-08-14,805.4110828865963
2024-08-15,807.8331423226125
2024-08-16,811.5397249332378
2024-08-19,816.9805795610004
2024-08-20,816.2813604325064
2024-08-21,820.3201634691483
2024-08-22,821.0001930443514
2024-08-23,820.723631048983
2024-08-26,823.5556199816563
2024-08-27,822.6525835627743
2024-08-28,817.5525281878736
2024-08-29,819.1755417415317
2024-08-30,823.5907510552506
2024-09-02,831.2938454626845
2024-09-03,828.2587856017611
2024-09-04,826.2320515362707
2024-09-05,824.6666671729884
2024-09-06,819.3372997924563
2024-09-09,809.846085610508
2024-09-10,810.1642812414914
2024-09-11,795.5238415401712
2024-09-12,804.2681975188076
2024-09-13,809.9476238995898
2024-09-16,811.8096882709898
2024-09-17,816.9790138592634
2024-09-18,816.684313080013
2024-09-19,825.9794629081414
2024-09-20,824.3577101050249
2024-09-23,824.7095670333505
2024-09-24,837.0777755076339
2024-09-25,841.6005741016731
2024-09-26,843.3839776787781
2024-09-27,842.652359312068
2024-09-30,831.6993006481275
2024-10-01,826.8789050122083
2024-10-02,814.3833190772118
2024-10-03,803.3104310175562
2024-10-04,803.2949016215086
2024-10-07,802.2537929115048
2024-10-08,812.0737411856925
2024-10-09,811.3308883848497
2024-10-10,808.7318078635741
2024-10-11,810.1522190490352
2024-10-14,803.9472377570696
2024-10-15,808.1245192227959
2024-10-16,812.0873430815452
2024-10-17,805.3812979108781
2024-10-18,804.7910545103965
2024-10-21,800.8556301505852
2024-10-22,797.2186942645741
2024-10-23,787.8512540760531
2024-10-24,789.8755910369522
2024-10-25,790.8651459009667
2024-10-28,800.4569162181009
2024-10-29,805.0652851564017
2024-10-30,800.7219760877076
2024-10-31,797.6997512808044
2024-11-01,800.4697907937406
2024-11-04,800.6768501386115
2024-11-05,801.5999766951668
2024-11-06,802.1861651052536
2024-11-07,808.2094221518372
2024-11-08,807.9761998558691
2024-11-11,806.9290783832892
2024-11-12,801.8582256509795
2024-11-13,801.6860550648013
2024-11-14,798.0645466998559
2024-11-15,793.1420489923269
2024-11-18,797.1712514166544
2024-11-19,793.7076638564872
2024-11-20,793.9921310999237
2024-11-21,792.036695832121
2024-11-22,790.6204919627141
2024-11-25,790.7418068672108
2024-11-26,792.5974866106208
2024-11-27,788.6192310935734
2024-11-28,789.6415643929357
2024-11-29,787.6836288587707
2024-12-02,793.1307450857882
2024-12-03,797.0684130461942
2024-12-04,803.6735214224785
2024-12-05,809.6391692262862
2024-12-06,811.2218182925283
2024-12-09,816.8209441306592
2024-12-10,814.5555363728836
2024-12-11,811.1122992275555
2024-12-12,809.5826082607243
2024-12-13,810.0316957431079
2024-12-16,818.0743020942888
2024-12-17,817.0460451314375
2024-12-18,816.7332490868297
2024-12-19,815.6916777733202
2024-12-20,815.6782860826713
2024-12-23,814.6971680104854
2024-12-24,815.862921495368
2024-12-25,818.952858788852
2024-12-26,818.6329183546677
2024-12-27,817.9097985586792
2024-12-30,818.5880085975106
2024-12-31,818.7969586794992
2025-01-01,820.1234169041529
2025-01-02,819.4066011545173
2025-01-03,820.8116499789888
2025-01-06,825.8032296251484
2025-01-07,827.6748046532797
2025-01-08,826.8417375979986
2025-01-09,829.7504915382376
2025-01-10,829.4843335205888
2025-01-13,821.3477508220158
2025-01-14,826.6114896018967
2025-01-15,830.2636124628789
2025-01-16,832.436580398994
2025-01-17,836.3701263177055
2025-01-20,845.303831309387
2025-01-21,846.5213282349679
2025-01-22,848.8693293519751
2025-01-23,851.8179625923141
2025-01-24,855.0509252834693
2025-01-27,853.2337706300874
2025-01-28,853.6052276709922
2025-01-29,854.297528673532
2025-01-30,858.4826054537042
2025-01-31,855.1260932010103
2025-02-03,845.3115362987772
2025-02-04,850.5130326243844
2025-02-05,848.9750230357463
2025-02-06,853.243844381364
2025-02-07,855.9662387699037
2025-02-10,860.4190997028544
2025-02-11,864.9341773379342
2025-02-12,868.1902737058276
2025-02-13,872.9920173091078
2025-02-14,872.5475980366318
2025-02-17,868.3455684709572
2025-02-18,876.6084599328029
2025-02-19,872.3330401652868
2025-02-20,877.007734969366
2025-02-21,876.2806403334779
2025-02-24,870.0192390988411
2025-02-25,872.2245644294854
2025-02-26,872.238133177079
2025-02-27,866.5834051939293
2025-02-28,861.7259064086281
2025-03-03,870.039156741961
2025-03-04,862.572837890367
2025-03-05,873.5374116471919
2025-03-06,876.0888417431913
2025-03-07,875.9128815041668
2025-03-10,865.6037087112849
2025-03-11,865.3426804655236
2025-03-12,870.5969863366192
2025-03-13,875.2448218805447
2025-03-14,879.8209025342543
2025-03-17,886.2231225102629
2025-03-18,884.8908529822643
2025-03-19,870.3304545829595
2025-03-20,868.7055253593353
2025-03-21,862.3657459515007
2025-03-24,870.3431219153721
2025-03-25,873.1860945822835
2025-03-26,878.2041162516069
2025-03-27,878.8245030460048
2025-03-28,874.2027407900758
2025-03-31,867.7356975540505
2025-04-01,871.008606448203
2025-04-02,871.6265197218759
2025-04-03,859.3419123277317
2025-04-04,836.8364816096993
