Date,FAR EAST GROWTH
1974-12-31,100.0
1975-01-31,106.84727
1975-02-28,122.06019
1975-03-31,123.93397
1975-04-30,124.04377
1975-05-30,121.49806
1975-06-30,121.99362
1975-07-31,115.95698
1975-08-29,109.99327
1975-09-30,103.30502
1975-10-31,112.3545
1975-11-28,115.13113
1975-12-31,115.92961
1976-01-30,122.91571
1976-02-27,123.26011
1976-03-31,123.28871
1976-04-30,123.09052
1976-05-31,122.87851
1976-06-30,127.85903
1976-07-30,124.57761
1976-08-31,129.83055
1976-09-30,129.48692
1976-10-29,123.01476
1976-11-30,121.82476
1976-12-31,142.23213
1977-01-31,137.58818
1977-02-28,142.3124
1977-03-31,138.71447
1977-04-29,139.23112
1977-05-31,139.42152
1977-06-30,143.98495
1977-07-29,138.47286
1977-08-31,146.32387
1977-09-30,152.0945
1977-10-31,153.56169
1977-11-30,152.82571
1977-12-30,149.59938
1978-01-31,156.76571
1978-02-28,163.19841
1978-03-31,182.76406
1978-04-28,182.84093
1978-05-31,182.78701
1978-06-30,201.38875
1978-07-31,217.24913
1978-08-31,217.3708
1978-09-29,223.63202
1978-10-31,239.49842
1978-11-30,211.95019
1978-12-29,218.28635
1979-01-31,215.81991
1979-02-28,207.56288
1979-03-30,201.98917
1979-04-30,195.95304
1979-05-31,200.01824
1979-06-29,198.42106
1979-07-31,198.59343
1979-08-31,199.84852
1979-09-28,205.98776
1979-10-31,192.43415
1979-11-30,186.83185
1979-12-31,197.66191
1980-01-31,202.29261
1980-02-29,194.9604
1980-03-31,187.52694
1980-04-30,205.63738
1980-05-30,215.10996
1980-06-30,222.99591
1980-07-31,215.23539
1980-08-29,228.93794
1980-09-30,241.45083
1980-10-31,250.47668
1980-11-28,244.47778
1980-12-31,258.32543
1981-01-30,264.2693
1981-02-27,260.77581
1981-03-31,266.74081
1981-04-30,272.83843
1981-05-29,268.23784
1981-06-30,272.61446
1981-07-31,256.20656
1981-08-31,261.60113
1981-09-30,230.02061
1981-10-30,230.16659
1981-11-30,250.44121
1981-12-31,256.26886
1982-01-29,251.16152
1982-02-26,226.14465
1982-03-31,207.02724
1982-04-30,224.28233
1982-05-31,217.58954
1982-06-30,203.77763
1982-07-30,197.09004
1982-08-31,193.68298
1982-09-30,185.76513
1982-10-29,182.93004
1982-11-30,208.0752
1982-12-31,227.18328
1983-01-31,224.55541
1983-02-28,229.64886
1983-03-31,236.04401
1983-04-29,242.86139
1983-05-31,242.80554
1983-06-30,252.87965
1983-07-29,257.26792
1983-08-31,255.12274
1983-09-30,268.00904
1983-10-31,264.51057
1983-11-30,271.35717
1983-12-30,291.68339
1984-01-31,308.48808
1984-02-29,307.65972
1984-03-30,370.68253
1984-04-30,363.10284
1984-05-31,314.81581
1984-06-29,317.69599
1984-07-31,292.67391
1984-08-31,318.91102
1984-09-28,321.54851
1984-10-31,344.90349
1984-11-30,354.32512
1984-12-31,365.55306
1985-01-31,366.87325
1985-02-28,383.28549
1985-03-29,404.33603
1985-04-30,385.57404
1985-05-31,399.4376
1985-06-28,417.69955
1985-07-31,418.96028
1985-08-30,417.07493
1985-09-30,444.91902
1985-10-31,460.30111
1985-11-29,459.43614
1985-12-31,482.92706
1986-01-31,489.98092
1986-02-28,555.14286
1986-03-31,675.73984
1986-04-30,665.4503
1986-05-30,671.99184
1986-06-30,735.23722
1986-07-31,872.7741
1986-08-29,933.51464
1986-09-30,963.42755
1986-10-31,824.51758
1986-11-28,878.93464
1986-12-31,950.34504
1987-01-30,1190.59603
1987-02-27,1208.29735
1987-03-31,1397.11756
1987-04-30,1646.221
1987-05-29,1575.79757
1987-06-30,1389.66738
1987-07-31,1318.59641
1987-08-31,1516.12169
1987-09-30,1394.31799
1987-10-30,1305.37211
1987-11-30,1347.7028
1987-12-31,1324.95654
1988-01-29,1423.83359
1988-02-29,1531.71557
1988-03-31,1632.80635
1988-04-29,1620.02051
1988-05-31,1529.22429
1988-06-30,1445.58274
1988-07-29,1475.45307
1988-08-31,1389.6114
1988-09-30,1459.46878
1988-10-31,1608.40848
1988-11-30,1759.004
1988-12-30,1768.04869
1989-01-31,1759.70012
1989-02-28,1767.17679
1989-03-31,1708.2364
1989-04-28,1688.81645
1989-05-31,1569.59987
1989-06-30,1481.88816
1989-07-31,1697.44943
1989-08-31,1572.3331
1989-09-29,1664.01988
1989-10-31,1616.4992
1989-11-30,1715.69887
1989-12-29,1712.03416
1990-01-31,1596.6846
1990-02-28,1423.18475
1990-03-30,1129.36681
1990-04-30,1134.67111
1990-05-31,1306.45508
1990-06-29,1229.98515
1990-07-31,1207.4353
1990-08-31,1090.31067
1990-09-28,888.72738
1990-10-31,1115.09068
1990-11-30,994.56473
1990-12-31,1051.63117
1991-01-31,1090.15863
1991-02-28,1212.45965
1991-03-29,1147.42045
1991-04-30,1174.36107
1991-05-31,1176.96526
1991-06-28,1088.94878
1991-07-31,1116.32422
1991-08-30,1063.84855
1991-09-30,1136.09962
1991-10-31,1207.27604
1991-11-29,1144.82706
1991-12-31,1170.92256
1992-01-31,1095.23857
1992-02-28,1004.3114
1992-03-31,898.35778
1992-04-30,813.70605
1992-05-29,893.12922
1992-06-30,812.45848
1992-07-31,815.53048
1992-08-31,968.72499
1992-09-30,946.08178
1992-10-30,914.41285
1992-11-30,937.89968
1992-12-31,918.50913
1993-01-29,918.59923
1993-02-26,967.47943
1993-03-31,1064.2443
1993-04-30,1216.83599
1993-05-31,1277.49695
1993-06-30,1283.54592
1993-07-30,1358.29864
1993-08-31,1389.65877
1993-09-30,1330.73344
1993-10-29,1355.46084
1993-11-30,1132.43039
1993-12-31,1185.91848
1994-01-31,1312.18631
1994-02-28,1344.17968
1994-03-31,1255.03059
1994-04-29,1311.19156
1994-05-31,1327.32223
1994-06-30,1368.00617
1994-07-29,1332.91582
1994-08-31,1340.14714
1994-09-30,1304.64119
1994-10-31,1330.35979
1994-11-30,1260.12745
1994-12-30,1276.71712
1995-01-31,1198.2335
1995-02-28,1163.7104
1995-03-31,1252.55132
1995-04-28,1319.27306
1995-05-31,1271.94878
1995-06-30,1191.16177
1995-07-31,1278.61875
1995-08-31,1205.00915
1995-09-29,1220.588
1995-10-31,1154.07529
1995-11-30,1218.13311
1995-12-29,1271.23795
1996-01-31,1255.55929
1996-02-29,1236.86596
1996-03-29,1282.95707
1996-04-30,1339.1001
1996-05-31,1271.34219
1996-06-28,1265.07715
1996-07-31,1200.56847
1996-08-30,1161.10444
1996-09-30,1198.22638
1996-10-31,1133.60025
1996-11-29,1147.2883
1996-12-31,1068.26112
1997-01-31,955.4182034613259
1997-02-28,987.160142252765
1997-03-31,952.0468500470045
1997-04-30,986.2899818667233
1997-05-30,1084.6407807955454
1997-06-30,1149.2773669725245
1997-07-31,1145.632963562895
1997-08-29,1025.0546361117192
1997-09-30,1042.5240947853667
1997-10-31,890.493730033175
1997-11-28,862.0034577474058
1997-12-31,829.9896227172478
1998-01-30,870.5813907364196
1998-02-27,894.7269324461939
1998-03-31,841.2648379955119
1998-04-30,835.6729466968794
1998-05-29,776.8279447836345
1998-06-30,772.3959648033382
1998-07-31,766.5529703656107
1998-08-31,677.3949472625682
1998-09-30,677.4556837391547
1998-10-30,773.7720651027901
1998-11-30,800.2501871710157
1998-12-31,826.5162617025862
1999-01-29,825.0806811170469
1999-02-26,816.2674937502262
1999-03-31,917.9204691611354
1999-04-30,975.2888037397306
1999-05-31,924.6163501230026
1999-06-30,1015.4345627874663
1999-07-30,1111.5961386328543
1999-08-31,1097.1330025765978
1999-09-30,1164.48371799763
1999-10-29,1231.787531991679
1999-11-30,1352.5520097984358
1999-12-31,1477.6473455340245
2000-01-31,1372.031296860314
2000-02-29,1391.2830656109945
2000-03-31,1434.7226835453828
2000-04-28,1279.072077920131
2000-05-31,1157.4493550010418
2000-06-30,1243.692634825645
2000-07-31,1104.4556172610705
2000-08-31,1195.8302453635474
2000-09-29,1085.1170531111868
2000-10-31,976.287860695799
2000-11-30,943.2077676597244
2000-12-29,868.0916907181622
2001-01-01,868.0916907181622
2001-01-02,863.9166789497801
2001-01-03,862.1395736206556
2001-01-04,866.6939305211625
2001-01-05,869.6463915733408
2001-01-08,866.5745898216127
2001-01-09,852.4801603197972
2001-01-10,847.0125899262122
2001-01-11,829.2349112084687
2001-01-12,838.5636408136652
2001-01-15,841.9897895159426
2001-01-16,858.2135055289781
2001-01-17,862.3572423890548
2001-01-18,871.8338779508467
2001-01-19,892.8404005914299
2001-01-22,894.5408361140878
2001-01-23,887.3882570440878
2001-01-24,878.4320066208192
2001-01-25,884.1259913251981
2001-01-26,878.2840968444452
2001-01-29,880.2237931043475
2001-01-30,875.5574351103401
2001-01-31,881.4607590287401
2001-02-01,886.5740779185135
2001-02-02,874.717117129774
2001-02-05,862.4552443313655
2001-02-06,857.210975016217
2001-02-07,857.4660950540109
2001-02-08,850.4299360116844
2001-02-09,848.524714386145
2001-02-12,847.8086158358693
2001-02-13,844.4126539051674
2001-02-14,838.3893816126665
2001-02-15,843.6344780443973
2001-02-16,842.5032881563399
2001-02-19,833.5420490107928
2001-02-20,842.9523706882376
2001-02-21,826.1979758762828
2001-02-22,823.1503589110887
2001-02-23,831.9005358633906
2001-02-26,829.6130668598124
2001-02-27,825.4017318069447
2001-02-28,809.8239702056297
2001-03-01,793.9899126004955
2001-03-02,769.1678315449948
2001-03-05,770.1546458810174
2001-03-06,788.4331736889376
2001-03-07,793.6638464002373
2001-03-08,793.876696725693
2001-03-09,793.5264239134141
2001-03-12,766.2626555574665
2001-03-13,749.8076804930851
2001-03-14,745.8647328729761
2001-03-15,759.1640158568854
2001-03-16,760.7663868703895
2001-03-19,766.5597274501976
2001-03-20,762.608592020808
2001-03-21,800.8759003475884
2001-03-22,781.5582626367053
2001-03-23,813.6902094666042
2001-03-26,845.2891869323377
2001-03-27,838.2540306205284
2001-03-28,845.4169108027722
2001-03-29,802.2616144147775
2001-03-30,786.6996229773155
2001-04-02,774.6058419319778
2001-04-03,786.420987530288
2001-04-04,789.1125239895018
2001-04-05,799.6972390663999
2001-04-06,807.7532035669554
2001-04-09,777.0265011783455
2001-04-10,764.7782609182742
2001-04-11,785.8252272470078
2001-04-12,798.5924023270433
2001-04-13,794.9204499913993
2001-04-16,785.4156034187613
2001-04-17,783.2843343782502
2001-04-18,814.3627624238046
2001-04-19,833.2965491122279
2001-04-20,823.1683724883555
2001-04-23,824.6656806304394
2001-04-24,818.2571351391264
2001-04-25,821.1903592884646
2001-04-26,826.9455900061955
2001-04-27,820.3211433681792
2001-04-30,822.1755595997571
2001-05-01,856.162629261329
2001-05-02,865.2022019807819
2001-05-03,871.3792622823978
2001-05-04,869.6337421684758
2001-05-07,873.9139730697393
2001-05-08,857.8602595496283
2001-05-09,846.2687452350585
2001-05-10,839.3153011261118
2001-05-11,842.0257003504834
2001-05-14,825.9489282148872
2001-05-15,829.7406456565964
2001-05-16,813.4282402677709
2001-05-17,833.5864715147031
2001-05-18,826.905648899325
2001-05-21,840.1286366928146
2001-05-22,841.42282482689
2001-05-23,855.1820843711015
2001-05-24,847.035595183452
2001-05-25,842.4199046373441
2001-05-28,837.2184317547877
2001-05-29,847.4712060167033
2001-05-30,827.8693871606362
2001-05-31,822.510396382419
2001-06-01,821.289949388321
2001-06-04,820.3172741460119
2001-06-05,811.4090864823148
2001-06-06,810.4643143133992
2001-06-07,816.1961302459284
2001-06-08,815.2345161316382
2001-06-11,800.2802642873784
2001-06-12,782.3454111815313
2001-06-13,779.8485627201771
2001-06-14,784.8077312620065
2001-06-15,775.0695509646133
2001-06-18,766.8959829645231
2001-06-19,766.1472579224824
2001-06-20,765.7488112564788
2001-06-21,773.7357457536258
2001-06-22,779.0419653234809
2001-06-25,773.1358370203312
2001-06-26,774.1142607558317
2001-06-27,767.1035370490729
2001-06-28,755.6399325189699
2001-06-29,768.4945620191569
2001-07-02,765.3032314985417
2001-07-03,766.4160664702072
2001-07-04,761.1114815656722
2001-07-05,750.1496312359626
2001-07-06,735.1281561024163
2001-07-09,730.9785249297596
2001-07-10,735.8550542313799
2001-07-11,729.5245303658556
2001-07-12,742.3297452096448
2001-07-13,736.0785358433875
2001-07-16,734.0271587630608
2001-07-17,726.0380371121935
2001-07-18,717.5734650995465
2001-07-19,721.9275265726591
2001-07-20,724.774070599085
2001-07-23,707.1098792795925
2001-07-24,715.6629608529748
2001-07-25,720.2289600707242
2001-07-26,716.4685570928067
2001-07-27,711.1444083513874
2001-07-30,697.7153064715175
2001-07-31,713.9808124871339
2001-08-01,720.135069016895
2001-08-02,741.8993156939773
2001-08-03,734.442294109079
2001-08-06,731.220112293731
2001-08-07,734.3196670203879
2001-08-08,731.7549350090015
2001-08-09,711.3200877584394
2001-08-10,715.9609471255661
2001-08-13,702.58105998409
2001-08-14,720.5629900587711
2001-08-15,727.0872858953284
2001-08-16,711.3121495732819
2001-08-17,706.7822040655371
2001-08-20,696.1305086848721
2001-08-21,697.9907602388275
2001-08-22,702.8027444005663
2001-08-23,691.3997366896505
2001-08-24,693.3824469847508
2001-08-27,697.2140413530057
2001-08-28,693.0352493057969
2001-08-29,687.0271249882292
2001-08-30,678.716047672685
2001-08-31,672.5569273410724
2001-09-03,656.8798658490806
2001-09-04,676.2299488017279
2001-09-05,662.6443985806352
2001-09-06,658.8659010861301
2001-09-07,656.5535006601259
2001-09-10,641.6787789116464
2001-09-11,656.5750834918666
2001-09-12,610.1256476766245
2001-09-13,610.5702014112429
2001-09-14,630.8286802872393
2001-09-17,600.0630369327417
2001-09-18,605.9510963344231
2001-09-19,619.964934234862
2001-09-20,611.7899982440327
2001-09-21,589.1636714362904
2001-09-24,587.1655904948506
2001-09-25,599.6262529728588
2001-09-26,590.2885760166853
2001-09-27,587.8087601104412
2001-09-28,600.6884339918539
2001-10-01,605.2434207170365
2001-10-02,614.6042938400982
2001-10-03,604.0309167995325
2001-10-04,621.5993670649249
2001-10-05,629.013783524909
2001-10-08,629.1082489426316
2001-10-09,615.3469623374774
2001-10-10,612.4976274143609
2001-10-11,630.9990759011115
2001-10-12,645.4901917326116
2001-10-15,636.9351101121315
2001-10-16,639.2533598118943
2001-10-17,651.5690555047352
2001-10-18,637.1907581848061
2001-10-19,638.0702771061565
2001-10-22,637.9289235861129
2001-10-23,648.7703931237675
2001-10-24,646.7591257078121
2001-10-25,649.1697303236383
2001-10-26,641.2041010030395
2001-10-29,636.5648521832281
2001-10-30,627.7052521706624
2001-10-31,616.711097398455
2001-11-01,623.2283603981219
2001-11-02,625.8807670611503
2001-11-05,632.2603411262293
2001-11-06,644.0550313121694
2001-11-07,626.2789571766616
2001-11-08,636.8448769904619
2001-11-09,637.5932792627334
2001-11-12,626.6375401926683
2001-11-13,617.2362977755618
2001-11-14,621.1986099780261
2001-11-15,638.6537038418221
2001-11-16,644.2941475682335
2001-11-19,652.5303861424196
2001-11-20,652.5241938948164
2001-11-21,650.3685350613641
2001-11-22,646.807402592312
2001-11-23,644.7974969666051
2001-11-26,660.4260663904327
2001-11-27,659.9880800458723
2001-11-28,646.8907088135571
2001-11-29,644.3188289165433
2001-11-30,652.9481196117043
2001-12-03,636.7470170956886
2001-12-04,637.5582856213649
2001-12-05,651.626382678483
2001-12-06,653.3652996651882
2001-12-07,644.5653272695968
2001-12-10,631.4468780273078
2001-12-11,628.000363855895
2001-12-12,643.315602191977
2001-12-13,627.5839172951344
2001-12-14,622.3112501732543
2001-12-17,611.012065198334
2001-12-18,616.8135842945263
2001-12-19,620.2748179550821
2001-12-20,623.3199875713228
2001-12-21,610.5687164653839
2001-12-24,609.2086523706653
2001-12-25,605.611232226299
2001-12-26,600.4368438316014
2001-12-27,609.4484058643759
2001-12-28,620.1538895546717
2001-12-31,620.7252748393305
2002-01-01,620.7252748393305
2002-01-02,616.258820958408
2002-01-03,618.6889198376139
2002-01-04,636.9934053540919
2002-01-07,635.4122129644968
2002-01-08,617.6067074754836
2002-01-09,611.824644181498
2002-01-10,602.6413885389776
2002-01-11,599.5655024439548
2002-01-14,601.809763322057
2002-01-15,591.4385949032985
2002-01-16,591.7355034030155
2002-01-17,588.9351772938111
2002-01-18,596.3183679635713
2002-01-21,594.0298040786256
2002-01-22,575.3441340982449
2002-01-23,570.4159426429569
2002-01-24,572.3016075881977
2002-01-25,576.7263477044115
2002-01-28,586.8929183657004
2002-01-29,574.0137265656309
2002-01-30,567.192796174157
2002-01-31,568.9354324570105
2002-02-01,556.8837666115528
2002-02-04,553.0415600114774
2002-02-05,539.8584656180651
2002-02-06,540.381751791483
2002-02-07,552.4611720150737
2002-02-08,553.778346266953
2002-02-11,559.3895665724319
2002-02-12,574.0430604654832
2002-02-13,576.0518943195833
2002-02-14,581.2554514645542
2002-02-15,577.6820654378744
2002-02-18,577.237508447209
2002-02-19,562.9354202914658
2002-02-20,560.3070127035282
2002-02-21,576.4557706210832
2002-02-22,578.6511614035285
2002-02-25,574.5352882324844
2002-02-26,571.4699643207863
2002-02-27,583.0163698511263
2002-02-28,587.8970074413929
2002-03-01,600.9335685961247
2002-03-04,633.6779693912459
2002-03-05,632.6458172226846
2002-03-06,637.4006539137627
2002-03-07,665.6971100004002
2002-03-08,663.7626255712942
2002-03-11,672.060142774156
2002-03-12,653.5026270654115
2002-03-13,637.8846358698213
2002-03-14,647.038745900212
2002-03-15,650.7832836767118
2002-03-18,634.8932505602297
2002-03-19,648.7729415081413
2002-03-20,639.130605557122
2002-03-21,636.2347962809434
2002-03-22,622.6344437739198
2002-03-25,620.0158777471352
2002-03-26,617.721335704852
2002-03-27,623.6357854554084
2002-03-28,627.8693444541271
2002-03-29,615.9943023386626
2002-04-01,610.043132719541
2002-04-02,619.2360171083179
2002-04-03,627.8647080125465
2002-04-04,634.6442368531023
2002-04-05,632.3982786853297
2002-04-08,634.8902376640812
2002-04-09,626.942074996948
2002-04-10,632.3429982999183
2002-04-11,627.3126477956553
2002-04-12,618.578901328627
2002-04-15,627.3454707188835
2002-04-16,635.8842282642004
2002-04-17,646.3260341830768
2002-04-18,653.7615337387937
2002-04-19,647.162502734629
2002-04-22,657.9632143910746
2002-04-23,658.2365395246364
2002-04-24,657.0614645172981
2002-04-25,662.3867879858886
2002-04-26,658.2950382183956
2002-04-29,657.0377450419126
2002-04-30,654.0307132104679
2002-05-01,661.8879098094585
2002-05-02,658.2396317231829
2002-05-03,663.2962418254431
2002-05-06,660.8881770680554
2002-05-07,655.2356771312966
2002-05-08,657.8149560386228
2002-05-09,662.744258140949
2002-05-10,664.3719068305018
2002-05-13,658.7337116587279
2002-05-14,653.1487976230891
2002-05-15,667.1571250496437
2002-05-16,673.2695407429419
2002-05-17,685.9502564588026
2002-05-20,691.6025841997126
2002-05-21,695.9863001997396
2002-05-22,702.7782991572801
2002-05-23,698.348349375155
2002-05-24,700.8399752233172
2002-05-27,694.4955572224205
2002-05-28,696.0671391805629
2002-05-29,694.8342551856283
2002-05-30,699.3770999255577
2002-05-31,689.8792158346795
2002-06-03,697.7728783201818
2002-06-04,686.5987340304503
2002-06-05,684.323481865003
2002-06-06,683.0710263120149
2002-06-07,676.2316594615185
2002-06-10,671.2221848537428
2002-06-11,668.1080117240926
2002-06-12,664.1107224372322
2002-06-13,655.8528266016933
2002-06-14,648.1934055219158
2002-06-17,632.7820894663245
2002-06-18,642.6855290786756
2002-06-19,628.7776162358384
2002-06-20,636.7507968860809
2002-06-21,630.3136427401555
2002-06-24,637.6200913661901
2002-06-25,637.8076512957182
2002-06-26,629.141070289542
2002-06-27,634.6312698842448
2002-06-28,656.7944636475856
2002-07-01,654.455716077894
2002-07-02,653.5130402994962
2002-07-03,662.1603103788691
2002-07-04,653.0546680419587
2002-07-05,659.0503317319634
2002-07-08,663.481171775862
2002-07-09,676.1231954161047
2002-07-10,665.2170617879805
2002-07-11,657.146052740607
2002-07-12,659.602733268026
2002-07-15,650.4205712535752
2002-07-16,640.2268959265709
2002-07-17,640.0416035323105
2002-07-18,652.3929881505778
2002-07-19,640.3458021633772
2002-07-22,634.1980469116653
2002-07-23,630.8064408161968
2002-07-24,619.4361569403745
2002-07-25,614.669060932075
2002-07-26,588.6580916830917
2002-07-29,593.0727894436711
2002-07-30,611.3861040454364
2002-07-31,606.2926985617538
2002-08-01,604.075001250737
2002-08-02,601.2095009002119
2002-08-05,600.8864456314479
2002-08-06,582.0886392900106
2002-08-07,603.1553626204434
2002-08-08,599.4045155137121
2002-08-09,613.1760752572728
2002-08-12,607.1512832167556
2002-08-13,604.0704427417106
2002-08-14,611.5671240348788
2002-08-15,613.5235800590743
2002-08-16,614.8706003299162
2002-08-19,598.9543776448595
2002-08-20,600.6999534491518
2002-08-21,605.3976807625232
2002-08-22,609.1361888499241
2002-08-23,611.5310744489489
2002-08-26,621.5094657528462
2002-08-27,615.4327884814653
2002-08-28,608.1582076547795
2002-08-29,599.7399628308668
2002-08-30,598.5899575711636
2002-09-02,594.2202793125211
2002-09-03,583.8012528099725
2002-09-04,570.7830985847111
2002-09-05,578.7578882170859
2002-09-06,571.2318119463961
2002-09-09,577.5913922463807
2002-09-10,576.2890674473923
2002-09-11,577.982647713978
2002-09-12,581.9564801991067
2002-09-13,568.3165325605348
2002-09-16,563.2090501528226
2002-09-17,577.5345329203433
2002-09-18,575.85296239126
2002-09-19,581.1911860374807
2002-09-20,563.1410318372132
2002-09-23,560.6906487893355
2002-09-24,554.8840448243045
2002-09-25,548.49149289944
2002-09-26,557.3108944528744
2002-09-27,567.2858430407997
2002-09-30,562.5329376741497
2002-10-01,550.0309835703832
2002-10-02,542.5975994919315
2002-10-03,539.1895987012039
2002-10-04,547.9609193963149
2002-10-07,527.8099505777932
2002-10-08,529.4438162675444
2002-10-09,522.1288064857689
2002-10-10,514.696026756393
2002-10-11,521.5444019163847
2002-10-14,521.2055829109994
2002-10-15,537.4606679379107
2002-10-16,543.6989367703607
2002-10-17,545.0114822830809
2002-10-18,550.8503537178935
2002-10-21,546.541311725033
2002-10-22,531.1654804381615
2002-10-23,538.198555579061
2002-10-24,533.4716125508244
2002-10-25,543.2953702629376
2002-10-28,546.574749572088
2002-10-29,543.4468992361868
2002-10-30,547.5037686643815
2002-10-31,542.607646483794
2002-11-01,545.7314761880111
2002-11-04,545.9961785052641
2002-11-05,561.1236891771192
2002-11-06,559.4428270944527
2002-11-07,559.3478976322823
2002-11-08,553.5896887623497
2002-11-11,542.2223890474373
2002-11-12,540.4409313915437
2002-11-13,538.7353748723178
2002-11-14,533.4068107613016
2002-11-15,546.8324781669571
2002-11-18,535.3528918933473
2002-11-19,534.6247280293692
2002-11-20,535.9708746007985
2002-11-21,545.0688382774346
2002-11-22,554.4308935222722
2002-11-25,563.6440213550942
2002-11-26,559.2781561498365
2002-11-27,560.8296932727325
2002-11-28,573.1917675668494
2002-11-29,571.2843392564504
2002-12-02,562.0369165514239
2002-12-03,566.1104873834013
2002-12-04,556.3248047395508
2002-12-05,549.8529503491822
2002-12-06,552.6523738091582
2002-12-09,551.1594262492786
2002-12-10,549.1732396882761
2002-12-11,548.0103333031223
2002-12-12,548.8845456693995
2002-12-13,549.9990566200207
2002-12-16,544.0582447609605
2002-12-17,547.2314782511488
2002-12-18,536.8375436019908
2002-12-19,541.8759435554028
2002-12-20,538.9095269170356
2002-12-23,540.3854293081894
2002-12-24,546.1508735006125
2002-12-25,544.0648668468214
2002-12-26,552.5475566224488
2002-12-27,554.0808758090982
2002-12-30,556.013676555511
2002-12-31,555.7948396190751
2003-01-01,555.7948396190751
2003-01-02,550.8712190000766
2003-01-03,551.3043825423983
2003-01-06,564.255660298738
2003-01-07,556.8305223356986
2003-01-08,548.8056718333871
2003-01-09,550.989869530582
2003-01-10,550.0428074990399
2003-01-13,553.3416500603877
2003-01-14,560.5526846741035
2003-01-15,565.0909667088042
2003-01-16,562.707307435919
2003-01-17,561.6180315144545
2003-01-20,553.8679524755004
2003-01-21,558.1834915542687
2003-01-22,552.6834661298365
2003-01-23,562.3317457144798
2003-01-24,554.3878528205721
2003-01-27,542.6347868498674
2003-01-28,541.0000657557986
2003-01-29,534.1640743543087
2003-01-30,528.6270351766545
2003-01-31,523.4065275561608
2003-02-03,528.5884595078223
2003-02-04,532.1895637083655
2003-02-05,533.5208870835124
2003-02-06,530.3926483989605
2003-02-07,528.6863491379877
2003-02-10,526.4185225557886
2003-02-11,524.9075650490281
2003-02-12,532.7714992216207
2003-02-13,531.6090385210907
2003-02-14,534.4809902451788
2003-02-17,537.116217429045
2003-02-18,537.8347399432124
2003-02-19,540.3685730805887
2003-02-20,542.2268454120405
2003-02-21,535.2721234986142
2003-02-24,539.9130521926998
2003-02-25,529.063578368968
2003-02-26,529.2810041853324
2003-02-27,527.1296646188342
2003-02-28,524.4924012155484
2003-03-03,532.470642541155
2003-03-04,532.5798602345515
2003-03-05,531.5382702164658
2003-03-06,522.5558945504356
2003-03-07,515.6816936737414
2003-03-10,511.5163264736712
2003-03-11,500.32228366833874
2003-03-12,507.0731364047271
2003-03-13,497.91913516247246
2003-03-14,506.5164753727626
2003-03-17,504.49851993248666
2003-03-18,507.947977752387
2003-03-19,509.1235796335074
2003-03-20,518.2347178991813
2003-03-21,513.7439916574531
2003-03-24,530.9039481182535
2003-03-25,518.7515852022971
2003-03-26,526.4877710874518
2003-03-27,526.908857751354
2003-03-28,520.8593160976375
2003-03-31,506.8807911895666
2003-04-01,509.15226010304724
2003-04-02,511.6180061410022
2003-04-03,509.1946047847291
2003-04-04,507.2391385309903
2003-04-07,515.8564695403884
2003-04-08,510.555912751956
2003-04-09,505.42188679784084
2003-04-10,503.7120618010254
2003-04-11,489.53371582334637
2003-04-14,486.92021387471664
2003-04-15,494.3011455546206
2003-04-16,493.66266734110735
2003-04-17,497.34790256149887
2003-04-18,498.4056739425784
2003-04-21,499.2769198610235
2003-04-22,494.24834664616577
2003-04-23,492.3940101506903
2003-04-24,500.02582147977114
2003-04-25,487.65964770309637
2003-04-28,482.3641860071459
2003-04-29,484.78535802561845
2003-04-30,502.4987546263603
2003-05-01,504.007040811144
2003-05-02,505.4175064132136
2003-05-05,507.29124402110057
2003-05-06,521.6400857977117
2003-05-07,529.4038586881562
2003-05-08,520.6579137926569
2003-05-09,523.3406714682845
2003-05-12,527.492650339134
2003-05-13,525.8588636921044
2003-05-14,528.395429117863
2003-05-15,522.6979639318107
2003-05-16,520.8304610493252
2003-05-19,516.8228259109627
2003-05-20,519.3026497650392
2003-05-21,512.9086586915356
2003-05-22,516.1358910552516
2003-05-23,525.6022942881808
2003-05-26,527.2647127328162
2003-05-27,520.6462136596292
2003-05-28,518.8545100566134
2003-05-29,529.0650611442283
2003-05-30,529.7305980424754
2003-06-02,542.8683865859783
2003-06-03,543.7456272022831
2003-06-04,544.5611328519414
2003-06-05,554.1208826977529
2003-06-06,555.8832963014464
2003-06-09,562.4208557000724
2003-06-10,559.5093458577188
2003-06-11,562.2549192170934
2003-06-12,564.5602764145086
2003-06-13,568.9930769037726
2003-06-16,560.5655446677949
2003-06-17,571.017541445081
2003-06-18,573.1531001213548
2003-06-19,574.233658609228
2003-06-20,576.859119137926
2003-06-23,579.0862722304203
2003-06-24,564.9076180767001
2003-06-25,564.6130457569858
2003-06-26,558.9736783172613
2003-06-27,568.1638581633401
2003-06-30,564.6740394524637
2003-07-01,576.5585478690595
2003-07-02,598.6293520471434
2003-07-03,610.3937618854748
2003-07-04,604.94013336891
2003-07-07,618.2013211369346
2003-07-08,624.6408014820234
2003-07-09,627.4143294239675
2003-07-10,621.634747172361
2003-07-11,603.9456710480631
2003-07-14,613.9069261993105
2003-07-15,617.9614790881237
2003-07-16,613.1109292187325
2003-07-17,597.0647969988164
2003-07-18,595.6839690552353
2003-07-21,597.3981339028641
2003-07-22,590.9132249255947
2003-07-23,598.1923133189954
2003-07-24,599.3109460739664
2003-07-25,601.6582522323946
2003-07-28,607.3311252241974
2003-07-29,608.8944489379755
2003-07-30,592.1798805320389
2003-07-31,590.4006964530287
2003-08-01,593.603253628239
2003-08-04,584.8697593049175
2003-08-05,580.3373109496462
2003-08-06,575.8337713627764
2003-08-07,577.9563900755792
2003-08-08,578.8157076487763
2003-08-11,590.7268459031715
2003-08-12,594.5931417862397
2003-08-13,601.3661190168054
2003-08-14,610.3013571031597
2003-08-15,607.9878229172793
2003-08-18,613.8564409350977
2003-08-19,622.8007170604109
2003-08-20,635.0217386257833
2003-08-21,643.8314978572023
2003-08-22,644.118601118035
2003-08-25,639.5572330386058
2003-08-26,640.5207491932098
2003-08-27,638.2957127953572
2003-08-28,635.9966305524844
2003-08-29,646.4617272575659
2003-09-01,664.6522644381905
2003-09-02,667.1090059336392
2003-09-03,671.2656088264038
2003-09-04,662.7517663239635
2003-09-05,661.8360670563321
2003-09-08,663.9040207239963
2003-09-09,677.0060866834431
2003-09-10,668.3444454033679
2003-09-11,653.466709147118
2003-09-12,661.9743648810487
2003-09-15,661.985497644745
2003-09-16,674.9008085642993
2003-09-17,681.5696265074487
2003-09-18,690.2114019407776
2003-09-19,691.0404785156331
2003-09-22,679.1897631507909
2003-09-23,682.6953290125296
2003-09-24,685.8096477247859
2003-09-25,673.6782602000009
2003-09-26,673.8618765867282
2003-09-29,672.2543639147136
2003-09-30,672.8565171928592
2003-10-01,683.0473129332835
2003-10-02,697.17482362613
2003-10-03,704.0364626266024
2003-10-06,706.2715979648019
2003-10-07,718.0899386839103
2003-10-08,702.4635721699307
2003-10-09,705.1366367999769
2003-10-10,719.9956852132709
2003-10-13,718.0243760256861
2003-10-14,724.4530290569704
2003-10-15,719.4372779158371
2003-10-16,729.8495867411749
2003-10-17,730.7101462213016
2003-10-20,734.5402572883285
2003-10-21,734.2079525390542
2003-10-22,727.5936343757992
2003-10-23,688.2046689314419
2003-10-24,693.7580064877648
2003-10-27,702.9937225533783
2003-10-28,711.3825844379148
2003-10-29,722.1653914478783
2003-10-30,717.1637179560432
2003-10-31,701.0727450361476
2003-11-03,694.5851336647222
2003-11-04,721.6782205590308
2003-11-05,715.3042418383664
2003-11-06,694.2105303493406
2003-11-07,703.7325532574685
2003-11-10,704.5679714844614
2003-11-11,684.6061012566317
2003-11-12,683.7297125533879
2003-11-13,696.9757403170089
2003-11-14,685.1960764415699
2003-11-17,662.0377738185709
2003-11-18,671.7993533262452
2003-11-19,650.7033721237908
2003-11-20,664.8899433730248
2003-11-21,665.0159493323839
2003-11-24,662.847185431344
2003-11-25,668.7801958562984
2003-11-26,681.3128783774924
2003-11-27,681.3490148378069
2003-11-28,678.7716354675201
2003-12-01,695.747126155758
2003-12-02,699.3449350630897
2003-12-03,697.3123001420136
2003-12-04,701.7308807939999
2003-12-05,698.3056419095082
2003-12-08,681.164185160724
2003-12-09,680.1566701102339
2003-12-10,663.1001908791436
2003-12-11,670.6733114578243
2003-12-12,679.7977439955754
2003-12-15,698.9584063474263
2003-12-16,684.2003064005083
2003-12-17,674.7034357385193
2003-12-18,670.8172781112027
2003-12-19,682.1111213142524
2003-12-22,690.6351705027682
2003-12-23,691.0552290931707
2003-12-24,690.898559978167
2003-12-25,691.7909470267289
2003-12-26,697.1960224567548
2003-12-29,704.2203098673876
2003-12-30,717.4785461761602
2003-12-31,716.4948489016083
2004-01-01,716.4948489016083
2004-01-02,718.4623913662183
2004-01-05,732.0025952976698
2004-01-06,729.22830707338
2004-01-07,728.678260319834
2004-01-08,734.3326232981793
2004-01-09,741.385442050398
2004-01-12,740.8609569277959
2004-01-13,736.9228593801851
2004-01-14,740.5610638271419
2004-01-15,730.5943267271349
2004-01-16,737.1942269833526
2004-01-19,744.456774399782
2004-01-20,748.0420226105452
2004-01-21,750.2867606894586
2004-01-22,754.7650719735153
2004-01-23,759.2824505481968
2004-01-26,752.5036422947635
2004-01-27,753.9056362539245
2004-01-28,747.8949850763775
2004-01-29,739.5615298308079
2004-01-30,738.1733670739701
2004-02-02,736.0522193592275
2004-02-03,730.7695782088139
2004-02-04,715.3806916944765
2004-02-05,716.089053487384
2004-02-06,719.2813121652002
2004-02-09,717.9677030533995
2004-02-10,715.9913175581022
2004-02-11,715.9278312580253
2004-02-12,720.7026474665876
2004-02-13,728.0199662914964
2004-02-16,727.74572119098
2004-02-17,733.8187369318825
2004-02-18,727.7224451599748
2004-02-19,727.4231822811071
2004-02-20,717.0839757206405
2004-02-23,726.4283302684603
2004-02-24,713.3337364579259
2004-02-25,707.903776760127
2004-02-26,710.159448382521
2004-02-27,727.3072791354131
2004-03-01,744.3199686048331
2004-03-02,741.6176131853206
2004-03-03,741.030250284495
2004-03-04,739.0667648799881
2004-03-05,744.0182219854928
2004-03-08,738.8883232590504
2004-03-09,744.0467561751495
2004-03-10,737.4434164748737
2004-03-11,730.4779045695541
2004-03-12,720.3391255069222
2004-03-15,732.7077309027243
2004-03-16,740.4188878000556
2004-03-17,756.2777837871685
2004-03-18,770.7030689020628
2004-03-19,763.9210263611678
2004-03-22,758.4333415181172
2004-03-23,759.5204750310802
2004-03-24,769.8938034705905
2004-03-25,779.6095797401646
2004-03-26,797.5721543117842
2004-03-29,798.8136023135031
2004-03-30,796.6027495152356
2004-03-31,808.0547549213081
2004-04-01,808.4164710212204
2004-04-02,811.0906073560099
2004-04-05,818.5214338533636
2004-04-06,820.7221346683825
2004-04-07,825.2681465868696
2004-04-08,821.9773336151887
2004-04-09,808.786430056082
2004-04-12,818.8818828728669
2004-04-13,818.6654618039669
2004-04-14,805.8244131998683
2004-04-15,788.5593121659189
2004-04-16,789.5564230557173
2004-04-19,780.6863069484297
2004-04-20,799.0458219919092
2004-04-21,789.5744374846154
2004-04-22,786.611955787887
2004-04-23,799.0711135485711
2004-04-26,803.2823026982528
2004-04-27,790.0323161287702
2004-04-28,787.0409512196157
2004-04-29,784.1694852560194
2004-04-30,767.2080211281348
2004-05-03,766.9627284000022
2004-05-04,771.9872046937666
2004-05-05,779.4396151689267
2004-05-06,760.6768168495869
2004-05-07,738.7959803935744
2004-05-10,688.9078224301295
2004-05-11,691.2334864898672
2004-05-12,711.1779814394456
2004-05-13,685.9861214906829
2004-05-14,683.1914725503932
2004-05-17,661.1757502454295
2004-05-18,674.035183833034
2004-05-19,701.1497057306476
2004-05-20,693.0559457437291
2004-05-21,715.2865357993336
2004-05-24,715.0867773296336
2004-05-25,705.1736981244926
2004-05-26,716.9270902230276
2004-05-27,723.5436885294662
2004-05-28,731.7898700052065
2004-05-31,728.7088030680825
2004-06-01,734.9426764642387
2004-06-02,726.6187559196961
2004-06-03,706.8942097460282
2004-06-04,707.1279551919401
2004-06-07,737.5906352977817
2004-06-08,742.7655855821565
2004-06-09,739.081044541931
2004-06-10,743.3383084056569
2004-06-11,737.0518207373825
2004-06-14,727.1034560415383
2004-06-15,726.2133652579239
2004-06-16,736.56448254318
2004-06-17,737.8012194303218
2004-06-18,729.7384361294238
2004-06-21,738.7532485337837
2004-06-22,732.3404632573598
2004-06-23,729.432699727702
2004-06-24,751.5872390101304
2004-06-25,751.4808283074389
2004-06-28,759.2244276267417
2004-06-29,755.2554969286167
2004-06-30,752.5631968031447
2004-07-01,755.5177297794106
2004-07-02,743.9740125069667
2004-07-05,730.2256065562166
2004-07-06,726.5159559215942
2004-07-07,726.5497151081893
2004-07-08,720.1634375731801
2004-07-09,729.596465077764
2004-07-12,737.1396605577086
2004-07-13,731.5161680169032
2004-07-14,725.3854190334838
2004-07-15,724.1218118956731
2004-07-16,728.9085822700227
2004-07-19,731.9210390947442
2004-07-20,722.6629436300467
2004-07-21,722.8446324613583
2004-07-22,719.281767730976
2004-07-23,706.4918975107033
2004-07-26,703.2299085058672
2004-07-27,691.6142655688168
2004-07-28,696.7075746603538
2004-07-29,686.0839125181951
2004-07-30,699.5456744524525
2004-08-02,700.6454483412516
2004-08-03,696.9501503235907
2004-08-04,685.9758514115229
2004-08-05,686.6685997247592
2004-08-06,688.6376372884118
2004-08-09,681.4337097584892
2004-08-10,683.5403548500713
2004-08-11,691.0279824076792
2004-08-12,687.9947583144252
2004-08-13,676.1178928335204
2004-08-16,668.3047455522016
2004-08-17,676.7979399656987
2004-08-18,684.4275350221704
2004-08-19,697.6644831775925
2004-08-20,699.6008516955307
2004-08-23,702.6007549504302
2004-08-24,705.054025349068
2004-08-25,706.8017411406175
2004-08-26,710.3143046792816
2004-08-27,714.9520623621657
2004-08-30,713.1408686738391
2004-08-31,709.9707129344752
2004-09-01,714.6507107305613
2004-09-02,717.550423302366
2004-09-03,704.0055508409686
2004-09-06,715.8678581262436
2004-09-07,722.5867595371875
2004-09-08,722.3554500482467
2004-09-09,712.7410808626935
2004-09-10,710.8015007009835
2004-09-13,716.3140196546326
2004-09-14,721.2609770374761
2004-09-15,708.6780972450331
2004-09-16,707.7308186809744
2004-09-17,702.5169408947226
2004-09-20,703.4894604916644
2004-09-21,702.9493748032564
2004-09-22,697.4560476801706
2004-09-23,698.9052352410299
2004-09-24,687.0787101403808
2004-09-27,683.2212628654769
2004-09-28,678.5767090754172
2004-09-29,680.4322958450659
2004-09-30,693.1190313479398
2004-10-01,700.7865591866782
2004-10-04,714.4190345489169
2004-10-05,713.9295619419848
2004-10-06,717.942212437824
2004-10-07,714.8344235756405
2004-10-08,721.2707816271097
2004-10-11,724.1517949778053
2004-10-12,712.3179049900584
2004-10-13,710.1623294291046
2004-10-14,704.9139777289569
2004-10-15,705.1059355275524
2004-10-18,700.9248830096885
2004-10-19,710.7877834397024
2004-10-20,701.8542727929945
2004-10-21,701.4810282322803
2004-10-22,705.4504535271345
2004-10-25,700.9518993016616
2004-10-26,701.738629634699
2004-10-27,704.763713739045
2004-10-28,718.630934390899
2004-10-29,713.3052536304791
2004-11-01,707.9870624806871
2004-11-02,720.4505049421151
2004-11-03,721.930536640268
2004-11-04,727.0028455910317
2004-11-05,736.0119318958439
2004-11-08,732.2772258897743
2004-11-09,728.2592874153597
2004-11-10,720.6326154672214
2004-11-11,716.1565007924363
2004-11-12,732.1382858551037
2004-11-15,746.9256483902738
2004-11-16,746.1947099152184
2004-11-17,751.7826280926657
2004-11-18,750.0361332182327
2004-11-19,759.331629056104
2004-11-22,744.4060067594795
2004-11-23,743.1287716417705
2004-11-24,747.683919597802
2004-11-25,751.5356921097895
2004-11-26,748.3173987014198
2004-11-29,759.1886338733326
2004-11-30,754.6610026914515
2004-12-01,747.5320141442915
2004-12-02,758.2163776228833
2004-12-03,767.6228880210492
2004-12-06,762.9083816355325
2004-12-07,753.8878359152973
2004-12-08,745.2775403525577
2004-12-09,733.5998108931066
2004-12-10,726.8333530162345
2004-12-13,733.6395324394119
2004-12-14,738.2681019027092
2004-12-15,749.5517610735574
2004-12-16,747.7907023987038
2004-12-17,753.5136488625378
2004-12-20,756.9788842392967
2004-12-21,757.0625147600118
2004-12-22,764.3088853023359
2004-12-23,767.8847713422538
2004-12-24,775.3351665418629
2004-12-27,779.219724783438
2004-12-28,784.1554996325517
2004-12-29,776.7222296075236
2004-12-30,790.9340259628248
2004-12-31,795.173448280247
2005-01-03,792.3931042618647
2005-01-04,783.336368391035
2005-01-05,778.544032795397
2005-01-06,772.3859472810561
2005-01-07,769.9740760778436
2005-01-10,772.5153602435958
2005-01-11,783.6068549269154
2005-01-12,786.5754725544612
2005-01-13,781.7659472923525
2005-01-14,783.3149322048586
2005-01-17,789.1082694039694
2005-01-18,782.8893824879364
2005-01-19,782.0143201093283
2005-01-20,769.2953077000561
2005-01-21,765.6027422095618
2005-01-24,772.748278193641
2005-01-25,762.8288129021743
2005-01-26,775.2577036630292
2005-01-27,770.0303083856392
2005-01-28,767.8965779207135
2005-01-31,771.9645671501764
2005-02-01,768.2315421887394
2005-02-02,770.9510854831057
2005-02-03,763.7157044389891
2005-02-04,767.3925153574229
2005-02-07,769.485702643614
2005-02-08,761.7379971987594
2005-02-09,762.7092996748182
2005-02-10,766.6823444867674
2005-02-11,766.2188675925663
2005-02-14,776.4499377787613
2005-02-15,778.4242114058084
2005-02-16,772.1581295667049
2005-02-17,767.8692421224008
2005-02-18,769.4973558312821
2005-02-21,771.3766678378059
2005-02-22,777.54277070705
2005-02-23,763.2710225535578
2005-02-24,764.0868411844257
2005-02-25,771.7324899320178
2005-02-28,783.892772218974
2005-03-01,783.4730394722742
2005-03-02,782.1218184141369
2005-03-03,784.0138577435889
2005-03-04,788.1343872736313
2005-03-07,788.1957685026866
2005-03-08,790.9791363948614
2005-03-09,799.1401021243771
2005-03-10,791.6895715426862
2005-03-11,795.7688124578216
2005-03-14,786.2387828563571
2005-03-15,787.7785889517306
2005-03-16,792.1824487631211
2005-03-17,785.1934601275415
2005-03-18,788.5163966483778
2005-03-21,787.4734406850949
2005-03-22,786.3306924418102
2005-03-23,775.0532798823892
2005-03-24,767.7568575057988
2005-03-25,771.1802971721977
2005-03-28,770.8760167533784
2005-03-29,756.9157839937411
2005-03-30,754.1008098934134
2005-03-31,763.3901313934288
2005-04-01,764.6761398048639
2005-04-04,756.0957993020141
2005-04-05,759.444477410163
2005-04-06,762.5044785560018
2005-04-07,765.0038766869158
2005-04-08,766.4505159190539
2005-04-11,765.0931675459472
2005-04-12,756.2476676240075
2005-04-13,760.5187384440535
2005-04-14,750.751112856127
2005-04-15,742.8275312442194
2005-04-18,718.1977832301534
2005-04-19,729.8118695608454
2005-04-20,734.6971971054229
2005-04-21,731.6748867321879
2005-04-22,741.0903545980054
2005-04-25,744.2964664611712
2005-04-26,740.1059882568939
2005-04-27,739.6330058976292
2005-04-28,739.0046516122303
2005-04-29,745.6988743004712
2005-05-02,746.968242544878
2005-05-03,747.1214209802915
2005-05-04,752.873263545619
2005-05-05,752.2945702187459
2005-05-06,762.1862188906351
2005-05-09,756.389031374326
2005-05-10,754.0705923289061
2005-05-11,750.781821200347
2005-05-12,742.3037809848353
2005-05-13,736.4147924426408
2005-05-16,731.4407878705651
2005-05-17,725.4917418398027
2005-05-18,724.6271031821668
2005-05-19,737.1989806265833
2005-05-20,732.3530080105986
2005-05-23,740.2482895710729
2005-05-24,740.9424393362751
2005-05-25,732.3599849926884
2005-05-26,729.4797862950434
2005-05-27,736.3983419861361
2005-05-30,742.841894556899
2005-05-31,743.8514589203633
2005-06-01,743.18824923106
2005-06-02,743.0282055182531
2005-06-03,746.5647526082098
2005-06-06,750.3920591235297
2005-06-07,747.6042340240641
2005-06-08,750.8158265757785
2005-06-09,738.7048518444439
2005-06-10,740.2489054875937
2005-06-13,733.1134287184401
2005-06-14,734.9399236973611
2005-06-15,740.2322296008148
2005-06-16,742.9524731780722
2005-06-17,750.3181104631241
2005-06-20,745.3575308724953
2005-06-21,751.7004635845619
2005-06-22,752.6255194497281
2005-06-23,753.6160323867964
2005-06-24,749.850840253129
2005-06-27,742.1782476675071
2005-06-28,743.7097226812402
2005-06-29,745.2615362835487
2005-06-30,742.6179729971939
2005-07-01,739.8460461200096
2005-07-04,742.452552320667
2005-07-05,740.8539935527104
2005-07-06,739.9806660797705
2005-07-07,737.4109798439483
2005-07-08,734.2929368739776
2005-07-11,741.3496204858317
2005-07-12,747.8743710527821
2005-07-13,739.7107310232016
2005-07-14,744.9807938098371
2005-07-15,745.8134801756694
2005-07-18,749.1881719295801
2005-07-19,740.6712129822482
2005-07-20,739.0177361034405
2005-07-21,756.4514037531571
2005-07-22,750.320322768537
2005-07-25,746.4184352574163
2005-07-26,741.4494225226773
2005-07-27,747.0186781311193
2005-07-28,747.6307238951637
2005-07-29,751.3860273769797
2005-08-01,755.3009454952826
2005-08-02,760.859242697295
2005-08-03,764.5217351707963
2005-08-04,759.7589931063561
2005-08-05,747.3698352335464
2005-08-08,750.1555515223389
2005-08-09,756.0877143766388
2005-08-10,778.5210331115244
2005-08-11,793.6527797972666
2005-08-12,798.7275013906113
2005-08-15,800.5143335889691
2005-08-16,803.7886533832342
2005-08-17,800.8099614185606
2005-08-18,796.6413279986573
2005-08-19,794.6937118204912
2005-08-22,814.5785620231687
2005-08-23,811.7019533044576
2005-08-24,812.3292974219212
2005-08-25,808.2512779390255
2005-08-26,813.7683635080535
2005-08-29,798.1763080040078
2005-08-30,802.3291015169916
2005-08-31,802.6095407004625
2005-09-01,814.5693514853323
2005-09-02,820.8122358414232
2005-09-05,830.6836335451068
2005-09-06,823.6971570569725
2005-09-07,821.2956733705059
2005-09-08,814.7988865399767
2005-09-09,830.6764434246055
2005-09-12,841.9659070921439
2005-09-13,837.4822852531545
2005-09-14,840.0264290732218
2005-09-15,845.8652149521324
2005-09-16,838.793934420932
2005-09-19,838.9386693484533
2005-09-20,851.3893154723137
2005-09-21,856.8130140835153
2005-09-22,849.3755594609917
2005-09-23,844.9277505852597
2005-09-26,858.9266142648335
2005-09-27,849.8129701096842
2005-09-28,865.8150242265166
2005-09-29,883.7905347777935
2005-09-30,877.0593309073773
2005-10-03,868.3200549123225
2005-10-04,878.7476642679027
2005-10-05,875.7602004231599
2005-10-06,853.2604083544759
2005-10-07,851.4553660583388
2005-10-10,848.7370537637963
2005-10-11,867.8880743989645
2005-10-12,866.7325749443112
2005-10-13,865.605735035546
2005-10-14,866.3130937842753
2005-10-17,856.5148916721623
2005-10-18,848.7659449027233
2005-10-19,839.8595801980847
2005-10-20,844.0964411795062
2005-10-21,844.7995021929657
2005-10-24,841.2277190497616
2005-10-25,855.1860896937554
2005-10-26,854.2469371637059
2005-10-27,865.7695391047957
2005-10-28,857.6408194715817
2005-10-31,868.822810749255
2005-11-01,887.2065009664535
2005-11-02,889.3565842747316
2005-11-03,887.4826046416396
2005-11-04,895.0668239995795
2005-11-07,898.8975075682644
2005-11-08,901.3986380264606
2005-11-09,896.8472387392267
2005-11-10,890.9269737858563
2005-11-11,897.4984873122481
2005-11-14,884.5846603104811
2005-11-15,879.1996914010274
2005-11-16,884.9999852229394
2005-11-17,905.3075812054074
2005-11-18,915.7184381813254
2005-11-21,919.7957827856906
2005-11-22,912.6814794979114
2005-11-23,917.5996304808297
2005-11-24,914.4003664620476
2005-11-25,914.9796987613074
2005-11-28,926.6924406259358
2005-11-29,922.3636596154757
2005-11-30,914.9557093014772
2005-12-01,924.0761894603739
2005-12-02,937.1232626362391
2005-12-05,943.3700755967925
2005-12-06,939.8415071932309
2005-12-07,946.2318343322113
2005-12-08,929.0874987366801
2005-12-09,946.3095462278621
2005-12-12,966.0476038371102
2005-12-13,968.6306621298293
2005-12-14,976.0976943395376
2005-12-15,969.8646436423344
2005-12-16,973.1767019114723
2005-12-19,978.7675680599482
2005-12-20,987.6518331111249
2005-12-21,998.9781436087608
2005-12-22,1005.3454945541819
2005-12-23,1008.2784983382551
2005-12-26,1018.044958696025
2005-12-27,1005.0698288158416
2005-12-28,1011.6882343386064
2005-12-29,1014.9903267273025
2005-12-30,1003.5068054396397
2006-01-02,1003.5068054396397
2006-01-03,1015.3694579729645
2006-01-04,1034.4570728125445
2006-01-05,1042.5825867055353
2006-01-06,1053.2436958488215
2006-01-09,1056.8957431754716
2006-01-10,1037.82221751758
2006-01-11,1049.1229895815973
2006-01-12,1060.2798067223173
2006-01-13,1060.2489994803402
2006-01-16,1047.4910012848645
2006-01-17,1014.093623993243
2006-01-18,987.0056860886891
2006-01-19,1015.3267030931307
2006-01-20,1015.8154944853839
2006-01-23,998.5257256366975
2006-01-24,1013.7603795172212
2006-01-25,1009.2027745063335
2006-01-26,1022.4338416526853
2006-01-27,1050.2279919100163
2006-01-30,1052.8152971161076
2006-01-31,1061.5982814568558
2006-02-01,1046.4693901930157
2006-02-02,1052.3926674294737
2006-02-03,1045.5127230743783
2006-02-06,1048.7033295708213
2006-02-07,1051.4487313394095
2006-02-08,1019.320249763473
2006-02-09,1027.2807121894932
2006-02-10,1020.0813357726455
2006-02-13,993.2101133717065
2006-02-14,1009.7780257765216
2006-02-15,1000.3542130839936
2006-02-16,1003.7215291606404
2006-02-17,980.62958811969
2006-02-20,961.5869538606418
2006-02-21,983.6021191195284
2006-02-22,982.8065255146068
2006-02-23,1013.5445152147822
2006-02-24,1021.9303626074833
2006-02-27,1039.3388335847303
2006-02-28,1042.6165343788298
2006-03-01,1024.9137576274688
2006-03-02,1021.1732492791092
2006-03-03,1004.6874758030784
2006-03-06,1004.7429022996384
2006-03-07,994.225516399108
2006-03-08,985.7182675528958
2006-03-09,1009.2826767332513
2006-03-10,1002.3266137801251
2006-03-13,1019.6460429205482
2006-03-14,1024.6459344446614
2006-03-15,1024.2149100586018
2006-03-16,1013.4707397050828
2006-03-17,1032.42279797288
2006-03-20,1046.4841117971291
2006-03-21,1039.5980539636803
2006-03-22,1036.6297332937877
2006-03-23,1027.7880174770207
2006-03-24,1033.4676573632723
2006-03-27,1046.4860332007818
2006-03-28,1048.9247617937087
2006-03-29,1052.1672000122003
2006-03-30,1071.2048321493958
2006-03-31,1069.2885494813254
2006-04-03,1087.4462781868422
2006-04-04,1087.571658245882
2006-04-05,1084.1891572457066
2006-04-06,1103.0083955397042
2006-04-07,1104.6694667987272
2006-04-10,1095.800159742824
2006-04-11,1088.315993438779
2006-04-12,1072.1432445325936
2006-04-13,1073.901460895705
2006-04-14,1074.5389980924288
2006-04-17,1066.6346678112493
2006-04-18,1081.0174333767134
2006-04-19,1085.566489205918
2006-04-20,1086.603045911211
2006-04-21,1093.7892657678235
2006-04-24,1084.8298830360027
2006-04-25,1090.9590760303884
2006-04-26,1091.5511082984115
2006-04-27,1102.185869308249
2006-04-28,1091.88421608575
2006-05-01,1101.0427891795632
2006-05-02,1112.5621218227495
2006-05-03,1109.850677590558
2006-05-04,1110.3489049850248
2006-05-05,1121.1580806386955
2006-05-08,1141.9455310189953
2006-05-09,1140.4609600417589
2006-05-10,1130.9281883680696
2006-05-11,1121.9142573492375
2006-05-12,1109.7721067521459
2006-05-15,1103.9472361850671
2006-05-16,1078.806897111912
2006-05-17,1090.3800273981956
2006-05-18,1065.7602187982172
2006-05-19,1057.356865339773
2006-05-22,1038.6681587380187
2006-05-23,1020.890221403582
2006-05-24,1026.7098057838355
2006-05-25,1017.0416716815033
2006-05-26,1029.6752053949815
2006-05-29,1030.6777205971748
2006-05-30,1033.670550769482
2006-05-31,1009.9739236427517
2006-06-01,1008.4330553135998
2006-06-02,1031.1170167494256
2006-06-05,1022.240065963069
2006-06-06,989.719628227761
2006-06-07,965.5479499549967
2006-06-08,931.6147281785776
2006-06-09,947.0139122748784
2006-06-12,948.8852631576481
2006-06-13,907.1061912140865
2006-06-14,912.3451584219465
2006-06-15,927.4804062347682
2006-06-16,961.634988006234
2006-06-19,948.7385726625774
2006-06-20,938.8576223106705
2006-06-21,936.1444810687623
2006-06-22,958.5785196282562
2006-06-23,957.4887798529575
2006-06-26,959.8370379889577
2006-06-27,961.8234179649443
2006-06-28,948.5382635149703
2006-06-29,964.3435444692404
2006-06-30,1005.1634766104663
2006-07-03,1008.161055285634
2006-07-04,1013.5111844372553
2006-07-05,996.7110014927895
2006-07-06,989.8579199384784
2006-07-07,997.8145632600572
2006-07-10,1010.5331541265349
2006-07-11,1002.0526063348372
2006-07-12,979.5443804936723
2006-07-13,972.3064336929709
2006-07-14,944.6836648950925
2006-07-17,937.2697773726388
2006-07-18,907.6856097850635
2006-07-19,912.0102400282898
2006-07-20,947.5347917493832
2006-07-21,945.7078004752332
2006-07-24,938.4911830365382
2006-07-25,949.4437062373702
2006-07-26,940.5416228685607
2006-07-27,965.6729005553141
2006-07-28,985.3689674425882
2006-07-31,996.7690797186955
2006-08-01,986.2953631051641
2006-08-02,992.170567932327
2006-08-03,987.8963125058897
2006-08-04,995.0835221886563
2006-08-07,968.6416750227688
2006-08-08,981.2342974365238
2006-08-09,990.3513959721845
2006-08-10,991.4578582879246
2006-08-11,983.6318816948739
2006-08-14,995.1534528660864
2006-08-15,1002.0406675936349
2006-08-16,1019.4444255694914
2006-08-17,1023.3286241603572
2006-08-18,1028.3360680760732
2006-08-21,1016.0210349901002
2006-08-22,1023.098167440843
2006-08-23,1021.9261436288949
2006-08-24,1010.9979506077735
2006-08-25,999.9531617039863
2006-08-28,987.7199243909878
2006-08-29,1000.3511482307599
2006-08-30,997.2815285810653
2006-08-31,1008.5976239814028
2006-09-01,1010.3162341737047
2006-09-04,1031.7118101344636
2006-09-05,1032.0563271385736
2006-09-06,1020.8179334141673
2006-09-07,1005.5277999503855
2006-09-08,1008.1359030798058
2006-09-11,984.8682912222446
2006-09-12,978.2219808598846
2006-09-13,978.2865691714887
2006-09-14,985.886246174561
2006-09-15,982.2110365497293
2006-09-18,979.8053572655708
2006-09-19,986.5580517031083
2006-09-20,970.6901921908255
2006-09-21,980.6255266785836
2006-09-22,974.4897035444129
2006-09-25,967.1784716425315
2006-09-26,960.478059526377
2006-09-27,984.2108404364922
2006-09-28,989.2402121026689
2006-09-29,994.1466988986008
2006-10-02,1003.6338328321482
2006-10-03,997.9185632255712
2006-10-04,986.4396117833356
2006-10-05,1007.18826979235
2006-10-06,999.6783444763824
2006-10-09,997.6431788635998
2006-10-10,995.1943879158666
2006-10-11,984.9518745536205
2006-10-12,980.2218810152655
2006-10-13,988.4595473369802
2006-10-16,1006.6618943628033
2006-10-17,1007.9712807377391
2006-10-18,1006.1906562214851
2006-10-19,1008.4503568941767
2006-10-20,1008.7228053363349
2006-10-23,1014.6206698901818
2006-10-24,1017.3130134994129
2006-10-25,1014.660076551488
2006-10-26,1028.6296255231841
2006-10-27,1026.6144290696514
2006-10-30,1008.1093491130202
2006-10-31,1007.9862897790744
2006-11-01,1013.7388138625165
2006-11-02,1009.5958588049142
2006-11-03,1002.2050220988939
2006-11-06,997.9868157254433
2006-11-07,1004.8267234621878
2006-11-08,985.619947310055
2006-11-09,975.4397539931514
2006-11-10,977.2889846835968
2006-11-13,965.7404760494607
2006-11-14,987.3440944171715
2006-11-15,984.6465160673438
2006-11-16,977.5131454208758
2006-11-17,974.3882634905833
2006-11-20,946.116617244374
2006-11-21,949.1458479183777
2006-11-22,974.7845570230237
2006-11-23,977.977238298551
2006-11-24,969.3028129756242
2006-11-27,977.9871696103356
2006-11-28,976.8623480326502
2006-11-29,993.2061385564381
2006-11-30,1011.879156429384
2006-12-01,1017.4460996293225
2006-12-04,1017.492333391148
2006-12-05,1014.967096274869
2006-12-06,1024.2482456811067
2006-12-07,1027.645956486549
2006-12-08,1021.2230612158269
2006-12-11,1014.1582999445347
2006-12-12,1018.0704409355061
2006-12-13,1017.5726690845821
2006-12-14,1024.7724798421432
2006-12-15,1030.3000371925748
2006-12-18,1030.015642408709
2006-12-19,1015.1341416488556
2006-12-20,1024.9254042733685
2006-12-21,1025.5191875983699
2006-12-22,1023.1500728707155
2006-12-25,1020.5548911268542
2006-12-26,1023.6493557668866
2006-12-27,1028.1903523943718
2006-12-28,1026.8658882896664
2006-12-29,1027.1595544150784
2007-01-01,1027.1595544150784
2007-01-02,1031.132027747844
2007-01-03,1027.337455819514
2007-01-04,1035.0117634974472
2007-01-05,1029.0048208173614
2007-01-08,1029.609162987021
2007-01-09,1033.335311946761
2007-01-10,1014.8882455768785
2007-01-11,1004.261928416521
2007-01-12,1021.6402899387167
2007-01-15,1033.054132869668
2007-01-16,1031.3150889892354
2007-01-17,1037.2587565306278
2007-01-18,1035.4279797299282
2007-01-19,1032.5556415053688
2007-01-22,1041.3486176465715
2007-01-23,1042.1995117467006
2007-01-24,1046.454431501147
2007-01-25,1042.9783220309848
2007-01-26,1033.7243385820934
2007-01-29,1032.9387741856192
2007-01-30,1034.0514240466932
2007-01-31,1033.3810979544385
2007-02-01,1045.2261942960265
2007-02-02,1042.4690259082531
2007-02-05,1034.1216468574573
2007-02-06,1036.7306719051571
2007-02-07,1029.2989178095766
2007-02-08,1022.9223476414584
2007-02-09,1031.9562395871255
2007-02-12,1030.4495683491905
2007-02-13,1036.7308515634043
2007-02-14,1049.5461244973226
2007-02-15,1068.1619137967837
2007-02-16,1070.931693312633
2007-02-19,1072.4099531130294
2007-02-20,1068.279700727149
2007-02-21,1065.0399421012905
2007-02-22,1072.7058911655329
2007-02-23,1082.1830087296971
2007-02-26,1084.475747148195
2007-02-27,1090.4723044442208
2007-02-28,1057.0006724606862
2007-03-01,1054.404187121348
2007-03-02,1049.1931998183527
2007-03-05,1019.1480481708016
2007-03-06,1034.5722427833662
2007-03-07,1029.2035749296058
2007-03-08,1040.5607150752794
2007-03-09,1044.0314538822336
2007-03-12,1055.647149189659
2007-03-13,1050.9503485841867
2007-03-14,1023.7173832201513
2007-03-15,1026.863008041951
2007-03-16,1020.3174271669217
2007-03-19,1025.9708382284025
2007-03-20,1038.1601767307504
2007-03-21,1035.697831000094
2007-03-22,1051.8947706217066
2007-03-23,1055.2124433076858
2007-03-26,1055.7437211814856
2007-03-27,1051.6922569091341
2007-03-28,1053.165989924195
2007-03-29,1042.49380725435
2007-03-30,1043.95613266551
2007-04-02,1029.2919793806943
2007-04-03,1037.012698865251
2007-04-04,1055.98051986578
2007-04-05,1052.6483570531423
2007-04-06,1051.2578505957551
2007-04-09,1058.4360326176366
2007-04-10,1059.4691539521586
2007-04-11,1059.5544566727856
2007-04-12,1052.843580784416
2007-04-13,1042.1709325345305
2007-04-16,1049.9875558110157
2007-04-17,1047.6435902120163
2007-04-18,1062.1002661067128
2007-04-19,1045.2789343002376
2007-04-20,1043.8238640946508
2007-04-23,1043.3596657418386
2007-04-24,1044.8993833875911
2007-04-25,1035.3225919345487
2007-04-26,1041.316248525267
2007-04-27,1036.7473716888107
2007-04-30,1035.2891593081124
2007-05-01,1027.4977412483784
2007-05-02,1032.2370470738479
2007-05-03,1031.9715084250317
2007-05-04,1034.384400316552
2007-05-07,1056.1146187277714
2007-05-08,1057.6796333156317
2007-05-09,1067.715926124995
2007-05-10,1059.1673295443072
2007-05-11,1051.489300071399
2007-05-14,1054.3035900802347
2007-05-15,1042.2432080088242
2007-05-16,1037.9663110133943
2007-05-17,1033.2147918250907
2007-05-18,1027.407428975938
2007-05-21,1033.6343075115094
2007-05-22,1049.6404001249732
2007-05-23,1056.9419834441137
2007-05-24,1055.8132550106063
2007-05-25,1042.7538116685278
2007-05-28,1046.876739251381
2007-05-29,1053.634403891693
2007-05-30,1050.5531643062009
2007-05-31,1062.1435000905165
2007-06-01,1067.0356556501447
2007-06-04,1072.1388800996917
2007-06-05,1074.7046696212944
2007-06-06,1078.440325303099
2007-06-07,1076.8355891900371
2007-06-08,1062.4478028580675
2007-06-11,1064.665915462677
2007-06-12,1060.003751079781
2007-06-13,1053.7750106633273
2007-06-14,1056.277147873582
2007-06-15,1059.4158978696662
2007-06-18,1071.366675823574
2007-06-19,1072.0897074104298
2007-06-20,1071.3441628519874
2007-06-21,1075.8545549418357
2007-06-22,1066.2773115216082
2007-06-25,1061.4924383432883
2007-06-26,1065.1918279152162
2007-06-27,1055.3101846927998
2007-06-28,1056.2634315002751
2007-06-29,1065.4369950228117
2007-07-02,1077.9684497037679
2007-07-03,1079.8676677992512
2007-07-04,1081.2047717264916
2007-07-05,1083.3780869249656
2007-07-06,1078.1548688626685
2007-07-09,1086.204305752302
2007-07-10,1093.487958661077
2007-07-11,1082.9973256749188
2007-07-12,1075.0541316089907
2007-07-13,1090.6588491809969
2007-07-16,1091.3668387788875
2007-07-17,1086.1090073457942
2007-07-18,1077.5761792749097
2007-07-19,1082.7695100285114
2007-07-20,1096.8133839687575
2007-07-23,1088.352723865491
2007-07-24,1100.0608144213438
2007-07-25,1096.1537938907281
2007-07-26,1095.9003982372383
2007-07-27,1074.363725036621
2007-07-30,1083.0505471096633
2007-07-31,1078.397561942087
2007-08-01,1054.4567404173058
2007-08-02,1051.7358984720481
2007-08-03,1061.0059495554008
2007-08-06,1057.9937371099127
2007-08-07,1050.3393665545266
2007-08-08,1054.2162527491143
2007-08-09,1072.0072751166547
2007-08-10,1050.4240897616123
2007-08-13,1041.4075921928966
2007-08-14,1045.7364066907942
2007-08-15,1021.81538623902
2007-08-16,1023.5556445391845
2007-08-17,970.8809850313518
2007-08-20,997.5834811730228
2007-08-21,1016.4653252567997
2007-08-22,1014.9921324441011
2007-08-23,1037.8182838457512
2007-08-24,1037.379307084434
2007-08-27,1039.122456216035
2007-08-28,1044.0343901910435
2007-08-29,1024.7642950189252
2007-08-30,1028.4759701327487
2007-08-31,1054.0152354063348
2007-09-03,1051.1024699847671
2007-09-04,1042.846637385583
2007-09-05,1036.4402989310922
2007-09-06,1038.4963556035623
2007-09-07,1044.106557530116
2007-09-10,1024.6065418628202
2007-09-11,1024.7905168153231
2007-09-12,1022.9433953981215
2007-09-13,1008.7090131145675
2007-09-14,1028.8493910088391
2007-09-17,1026.6832605733775
2007-09-18,1000.3764469080129
2007-09-19,1039.0890359024052
2007-09-20,1049.7842607274324
2007-09-21,1036.8715469661936
2007-09-24,1045.024173663485
2007-09-25,1062.336229100135
2007-09-26,1061.689549700425
2007-09-27,1093.3127986830639
2007-09-28,1098.9657264685984
2007-10-01,1090.5221629714363
2007-10-02,1109.2496210595345
2007-10-03,1112.6065566259804
2007-10-04,1109.290906578074
2007-10-05,1111.4806479364822
2007-10-08,1104.2238456789141
2007-10-09,1115.8920908809473
2007-10-10,1116.4857823557961
2007-10-11,1126.126210839282
2007-10-12,1113.206559453289
2007-10-15,1114.9226245699056
2007-10-16,1100.8410815850787
2007-10-17,1087.086471926242
2007-10-18,1105.84397830722
2007-10-19,1094.779372241601
2007-10-22,1077.8750461979491
2007-10-23,1080.4590053344202
2007-10-24,1082.6027071459723
2007-10-25,1074.713842364628
2007-10-26,1096.701764374049
2007-10-29,1114.7887218406497
2007-10-30,1114.00990736357
2007-10-31,1113.4504324916688
2007-11-01,1126.7167168978265
2007-11-02,1102.9888965868613
2007-11-05,1084.3442572920699
2007-11-06,1086.5075722509944
2007-11-07,1084.4020152245039
2007-11-08,1062.8086551842996
2007-11-09,1064.4923743478028
2007-11-12,1047.1549070154283
2007-11-13,1039.9855867533952
2007-11-14,1061.8098360380702
2007-11-15,1060.7302069657082
2007-11-16,1040.343074966301
2007-11-19,1035.919981039663
2007-11-20,1048.2806827504876
2007-11-21,1035.9438736589786
2007-11-22,1031.7415113447273
2007-11-23,1038.6665319017698
2007-11-26,1061.16236056428
2007-11-27,1064.0338316581165
2007-11-28,1052.363687186809
2007-11-29,1085.9378177298145
2007-11-30,1086.7329719190973
2007-12-03,1088.4567984019354
2007-12-04,1083.9732555712592
2007-12-05,1079.8405006796863
2007-12-06,1091.2834512456197
2007-12-07,1092.2381144534527
2007-12-10,1087.7391461342038
2007-12-11,1099.090029484844
2007-12-12,1083.3192264216375
2007-12-13,1058.5117041720569
2007-12-14,1041.994557377156
2007-12-17,1018.2773561224318
2007-12-18,1014.5720759106999
2007-12-19,1007.7531854697073
2007-12-20,1011.5035586266023
2007-12-21,1019.4990088952756
2007-12-24,1018.1606014265849
2007-12-25,1038.6407767481594
2007-12-26,1047.8478294709996
2007-12-27,1042.5207469710392
2007-12-28,1035.3643997294052
2007-12-31,1049.8981983776205
2008-01-01,1049.8981983776205
2008-01-02,1064.6882003968115
2008-01-03,1063.5622002767918
2008-01-04,1037.6481067740954
2008-01-07,1014.6473352157966
2008-01-08,1012.4738997174144
2008-01-09,1026.581199271798
2008-01-10,1010.4719475697191
2008-01-11,993.9415244868064
2008-01-14,998.064987327222
2008-01-15,987.0321316903238
2008-01-16,944.6413244016284
2008-01-17,964.9887635126205
2008-01-18,976.80329932422
2008-01-21,947.731306512738
2008-01-22,885.8329738044637
2008-01-23,919.6654649953241
2008-01-24,935.4457389503503
2008-01-25,974.3479902031016
2008-01-28,932.502103354692
2008-01-29,956.548826955367
2008-01-30,943.6295829490265
2008-01-31,966.1412457214336
2008-02-01,963.1397759530023
2008-02-04,979.1728179028701
2008-02-05,969.7179569088755
2008-02-06,925.73640764089
2008-02-07,929.8532199362652
2008-02-08,908.06186831625
2008-02-11,909.5846031888279
2008-02-12,907.6605286519703
2008-02-13,905.4449440200002
2008-02-14,944.1365382700635
2008-02-15,949.2975221383209
2008-02-18,945.4029409837648
2008-02-19,956.9806571638446
2008-02-20,922.9373310350245
2008-02-21,949.4939254036414
2008-02-22,944.0280610260942
2008-02-25,959.4155362353384
2008-02-26,964.6335311962944
2008-02-27,985.620550936848
2008-02-28,984.8163889311095
2008-02-29,975.6646321157356
2008-03-03,937.8003046987344
2008-03-04,939.4268917573155
2008-03-05,929.7921121081719
2008-03-06,953.7728273520485
2008-03-07,921.1404410470795
2008-03-10,907.6662663107256
2008-03-11,910.9116864986958
2008-03-12,928.2812607977235
2008-03-13,909.6922880666344
2008-03-14,899.119939674034
2008-03-17,890.0132282042805
2008-03-18,888.4766520048006
2008-03-19,904.8707984307528
2008-03-20,905.9750761323949
2008-03-21,917.471370580012
2008-03-24,905.049300948158
2008-03-25,933.3661426059838
2008-03-26,946.1613786752073
2008-03-27,933.7315705520315
2008-03-28,951.1652168119925
2008-03-31,931.4550641420876
2008-04-01,924.5983574098682
2008-04-02,959.8131976396652
2008-04-03,977.4144831426289
2008-04-04,977.1515414215032
2008-04-07,984.8180887719914
2008-04-08,965.7891533402254
2008-04-09,951.0175584401761
2008-04-10,953.0132037018191
2008-04-11,976.3963135764036
2008-04-14,951.848458951877
2008-04-15,951.2424690128432
2008-04-16,964.6173008261464
2008-04-17,974.4924205416372
2008-04-18,965.6609194012826
2008-04-21,1002.2759735170469
2008-04-22,987.7505509704922
2008-04-23,988.6919202716558
2008-04-24,982.4787485418271
2008-04-25,1001.6710310544046
2008-04-28,1008.5407027022371
2008-04-29,1018.6307863933225
2008-04-30,1007.0424800437274
2008-05-01,1006.4069520999146
2008-05-02,1023.6152768787651
2008-05-05,1024.8114959385036
2008-05-06,1031.1431010509164
2008-05-07,1025.3358038157628
2008-05-08,1024.004611875468
2008-05-09,1005.0995482436058
2008-05-12,1006.3828946837565
2008-05-13,1015.027110797874
2008-05-14,1015.0620222511645
2008-05-15,1031.0620239834238
2008-05-16,1038.3770005184579
2008-05-19,1041.5785599164676
2008-05-20,1044.6624871471433
2008-05-21,1033.0555998122097
2008-05-22,1029.465540450351
2008-05-23,1031.2089847418338
2008-05-26,1009.5550799683048
2008-05-27,1019.0356278612613
2008-05-28,1003.1087863956977
2008-05-29,1020.2350326168328
2008-05-30,1033.324981466423
2008-06-02,1053.9533934814162
2008-06-03,1035.8666358763196
2008-06-04,1048.9199450192918
2008-06-05,1031.3815440213345
2008-06-06,1042.7878239889694
2008-06-09,1016.8996629223138
2008-06-10,991.8256433912723
2008-06-11,999.6968102223447
2008-06-12,970.4064928433875
2008-06-13,975.3074176000539
2008-06-16,996.8299093207119
2008-06-17,997.7861401271932
2008-06-18,1005.9091412616018
2008-06-19,983.1458056813237
2008-06-20,975.1616519085343
2008-06-23,964.6738134236953
2008-06-24,966.3203919142727
2008-06-25,959.9770962939936
2008-06-26,966.5841733106174
2008-06-27,954.7912385223683
2008-06-30,953.5755844105731
2008-07-01,949.7921726119222
2008-07-02,936.0054209740028
2008-07-03,929.4503775275142
2008-07-04,930.1232739360398
2008-07-07,936.0755732517435
2008-07-08,914.1072474858979
2008-07-09,916.7850250271889
2008-07-10,921.6991463328786
2008-07-11,928.5249971742801
2008-07-14,924.5616204245138
2008-07-15,917.1054729131233
2008-07-16,911.733952633469
2008-07-17,917.3876602048921
2008-07-18,900.1753271996348
2008-07-21,902.8521583156188
2008-07-22,924.0864278219393
2008-07-23,931.6089383452959
2008-07-24,946.7970525655719
2008-07-25,918.7042760793702
2008-07-28,922.5454019608559
2008-07-29,905.1966791868548
2008-07-30,917.9387763988755
2008-07-31,916.567727165914
2008-08-01,899.865766765929
2008-08-04,879.0443142809186
2008-08-05,875.0824549142018
2008-08-06,884.568771559441
2008-08-07,870.0837430977697
2008-08-08,864.9614134820786
2008-08-11,879.4782996837456
2008-08-12,875.537993707574
2008-08-13,864.7708179678208
2008-08-14,854.0919669495912
2008-08-15,849.4005015978377
2008-08-18,858.8067733996378
2008-08-19,843.2794952990691
2008-08-20,844.7528814550192
2008-08-21,848.4162327248587
2008-08-22,832.4155520167369
2008-08-25,850.8150817345389
2008-08-26,841.1909326485652
2008-08-27,840.0050125804912
2008-08-28,834.8254090716246
2008-08-29,865.0065945429413
2008-09-01,851.9975778618027
2008-09-02,836.4504273996835
2008-09-03,836.5216016381344
2008-09-04,822.5764567352783
2008-09-05,809.4126450371637
2008-09-08,835.0367511900694
2008-09-09,819.1950456790869
2008-09-10,812.7844599578233
2008-09-11,798.0764591484497
2008-09-12,806.291623152194
2008-09-15,811.6971012054689
2008-09-16,777.7101937362571
2008-09-17,781.8611641526234
2008-09-18,762.0437543495422
2008-09-19,794.6912086106215
2008-09-22,809.0868270755994
2008-09-23,811.927419280141
2008-09-24,807.0271604458977
2008-09-25,798.3716301798244
2008-09-26,793.1873383404806
2008-09-29,786.3132670735256
2008-09-30,750.1570073089267
2008-10-01,761.712324950978
2008-10-02,745.9283409369201
2008-10-03,723.1747450272011
2008-10-06,715.6921096724184
2008-10-07,696.52137417564
2008-10-08,650.3533486430559
2008-10-09,655.8987966313778
2008-10-10,616.2495964604464
2008-10-13,616.9028671270967
2008-10-14,685.9173947016922
2008-10-15,685.2628716529649
2008-10-16,623.6063301385216
2008-10-17,627.3794032418566
2008-10-20,650.9255376387189
2008-10-21,672.9820764130473
2008-10-22,636.0672685888541
2008-10-23,625.336469273919
2008-10-24,596.0808582741656
2008-10-27,550.8967696182519
2008-10-28,565.2212728642473
2008-10-29,587.2438776803809
2008-10-30,639.763657528343
2008-10-31,615.811450743632
2008-11-03,615.3668899718692
2008-11-04,638.7359099622353
2008-11-05,681.9565623622752
2008-11-06,648.2322827544997
2008-11-07,632.0215227451224
2008-11-10,653.2406084045676
2008-11-11,637.160505376511
2008-11-12,637.8432526050887
2008-11-13,605.3810743899516
2008-11-14,606.9154797324697
2008-11-17,609.5349457994196
2008-11-18,587.9657438159046
2008-11-19,579.8590509385019
2008-11-20,553.1921854922244
2008-11-21,572.2977493046866
2008-11-24,564.0817150164141
2008-11-25,589.8285439565099
2008-11-26,586.6948526916351
2008-11-27,592.9561066917223
2008-11-28,596.8242042664934
2008-12-01,599.1726600170775
2008-12-02,573.6308264635477
2008-12-03,584.8195619609817
2008-12-04,580.1035260544584
2008-12-05,584.9705292509063
2008-12-08,601.4695979676196
2008-12-09,606.3480866201598
2008-12-10,618.5152129186964
2008-12-11,630.799981807137
2008-12-12,608.9445266244783
2008-12-15,636.1383838050607
2008-12-16,627.2662933178443
2008-12-17,651.9245956966791
2008-12-18,646.0705236542606
2008-12-19,641.0555887530069
2008-12-22,643.3240704153105
2008-12-23,641.0477889282354
2008-12-24,629.3039702585792
2008-12-25,633.6859261125779
2008-12-26,639.3723893391419
2008-12-29,647.4600174056361
2008-12-30,649.5551247255171
2008-12-31,646.8417397456554
2009-01-01,646.8417397456554
2009-01-02,647.1130847532634
2009-01-05,647.7126690026694
2009-01-06,638.6516843779822
2009-01-07,651.4768957538354
2009-01-08,640.9303319678794
2009-01-09,643.5132242928906
2009-01-12,648.6825239368972
2009-01-13,619.3122305546136
2009-01-14,625.0727325417982
2009-01-15,600.5917402627657
2009-01-16,608.0390998187514
2009-01-19,609.0046410940089
2009-01-20,598.8534820053961
2009-01-21,600.6930622565595
2009-01-22,603.652224930439
2009-01-23,581.6572103908037
2009-01-26,577.0066520000039
2009-01-27,605.4556154518432
2009-01-28,599.5008919143904
2009-01-29,610.355812195426
2009-01-30,594.4334809490747
2009-02-02,577.8972640770506
2009-02-03,579.3619717245064
2009-02-04,586.7626648222066
2009-02-05,576.6236749215665
2009-02-06,574.0563755949973
2009-02-09,563.9089026627961
2009-02-10,567.0286156827796
2009-02-11,571.5151980147178
2009-02-12,557.4765638473842
2009-02-13,554.5939993122532
2009-02-16,559.1539891301959
2009-02-17,544.3249788664979
2009-02-18,532.7556989902821
2009-02-19,529.4362899329799
2009-02-20,518.7614727552103
2009-02-23,518.8272143193774
2009-02-24,503.17998226637445
2009-02-25,511.32660435620426
2009-02-26,503.4242465186771
2009-02-27,516.3936204539561
2009-03-02,500.0811541638814
2009-03-03,490.80214188143816
2009-03-04,491.7627181099451
2009-03-05,500.2263287744649
2009-03-06,489.94964082238874
2009-03-09,476.8579446344905
2009-03-10,476.5833313862244
2009-03-11,493.0029476917148
2009-03-12,478.3981960826135
2009-03-13,494.57697280851977
2009-03-16,504.97000453772023
2009-03-17,513.2696227388411
2009-03-18,520.5139816006595
2009-03-19,542.7197250516917
2009-03-20,530.658027267522
2009-03-23,544.1745719173256
2009-03-24,556.4550338623845
2009-03-25,558.7747556500995
2009-03-26,566.9720099041617
2009-03-27,567.0923117358153
2009-03-30,548.7222211559862
2009-03-31,530.1548297084526
2009-04-01,539.3122735475798
2009-04-02,560.3407865886351
2009-04-03,560.3187859952839
2009-04-06,557.1195233834243
2009-04-07,558.3334136205552
2009-04-08,549.0051199947751
2009-04-09,564.1107069938533
2009-04-10,563.4592558506121
2009-04-13,561.8867981978516
2009-04-14,567.2835606569345
2009-04-15,560.5614078428495
2009-04-16,561.1508987044327
2009-04-17,568.5199755908336
2009-04-20,570.9715571761935
2009-04-21,562.3927584716101
2009-04-22,562.9327602782824
2009-04-23,569.8803073337883
2009-04-24,567.4146873122378
2009-04-27,571.0958380336148
2009-04-28,559.0750762753951
2009-04-29,559.2953554536889
2009-04-30,571.1989195127164
2009-05-01,572.7747540440613
2009-05-04,576.4472577747881
2009-05-05,579.5312962454898
2009-05-06,582.782787478006
2009-05-07,604.9599544979048
2009-05-08,612.8183259196794
2009-05-11,622.7981236413495
2009-05-12,620.8764237575589
2009-05-13,626.6083681927611
2009-05-14,611.062287975544
2009-05-15,625.1753851153369
2009-05-18,609.6478934767206
2009-05-19,621.8954540222779
2009-05-20,628.1944881872201
2009-05-21,626.8236127218853
2009-05-22,623.5234879810572
2009-05-25,627.4129841414027
2009-05-26,628.2748251894542
2009-05-27,636.0050906538246
2009-05-28,626.1707665162245
2009-05-29,637.173060653627
2009-06-01,640.4914016573124
2009-06-02,643.3162854417449
2009-06-03,647.3124235529881
2009-06-04,640.9850414117698
2009-06-05,636.1282319431759
2009-06-08,634.1048032474258
2009-06-09,635.456273511417
2009-06-10,644.3371073089764
2009-06-11,646.4056235914903
2009-06-12,650.5421283774415
2009-06-15,647.1084802429865
2009-06-16,635.8447407857903
2009-06-17,645.7501717008257
2009-06-18,633.8087771158181
2009-06-19,636.9551766107749
2009-06-22,642.7845483181186
2009-06-23,631.827609458761
2009-06-24,632.9740915342003
2009-06-25,639.7128245186511
2009-06-26,652.0930216180706
2009-06-29,644.0634335446703
2009-06-30,646.6532480668844
2009-07-01,645.7608689113181
2009-07-02,646.3874527299547
2009-07-03,644.303439128839
2009-07-06,645.1967046485559
2009-07-07,641.29817787296
2009-07-08,633.7537235559034
2009-07-09,634.4480987004251
2009-07-10,636.6632394916934
2009-07-13,620.5580867336697
2009-07-14,630.3562413456947
2009-07-15,628.1157779583393
2009-07-16,633.5061448567418
2009-07-17,636.5555239910099
2009-07-20,636.6601390609844
2009-07-21,656.3665520912232
2009-07-22,659.2700871182378
2009-07-23,656.7842447642838
2009-07-24,665.6250196316871
2009-07-27,667.8827942148712
2009-07-28,674.5082912704288
2009-07-29,669.758717391125
2009-07-30,672.99526122518
2009-07-31,685.7189600122921
2009-08-03,690.6759046878841
2009-08-04,689.1522344578984
2009-08-05,683.4251436326898
2009-08-06,685.5652334765124
2009-08-07,671.4522986473552
2009-08-10,679.8711849013299
2009-08-11,693.0712615605294
2009-08-12,681.5340711408912
2009-08-13,692.2268946075042
2009-08-14,701.9661533964966
2009-08-17,683.5192562848471
2009-08-18,682.5749993593529
2009-08-19,682.5346481599896
2009-08-20,690.8069270703699
2009-08-21,682.4913704522733
2009-08-24,697.181760167722
2009-08-25,697.7297487071387
2009-08-26,704.4675822744093
2009-08-27,701.7810472334925
2009-08-28,705.3069056543147
2009-08-31,705.1831621965728
2009-09-01,706.095248822031
2009-09-02,697.4901874971356
2009-09-03,694.26911943258
2009-09-04,689.8563080541805
2009-09-07,697.1753864484632
2009-09-08,707.5836788071111
2009-09-09,706.6202219372948
2009-09-10,718.4709193414388
2009-09-11,722.5578549094911
2009-09-14,708.955365697603
2009-09-15,704.2465243708783
2009-09-16,708.2460855717258
2009-09-17,715.6889621742891
2009-09-18,712.6207044593567
2009-09-21,706.4836220934412
2009-09-22,715.5410735279752
2009-09-23,714.0928692104092
2009-09-24,723.7487376649948
2009-09-25,718.2075045871055
2009-09-28,705.9232138152122
2009-09-29,703.6223153856082
2009-09-30,714.3993878466009
2009-10-01,703.5070968073437
2009-10-02,688.545089678688
2009-10-05,677.9567265487416
2009-10-06,688.6937006174247
2009-10-07,696.7402574598719
2009-10-08,704.272340776367
2009-10-09,705.8584414108633
2009-10-12,703.6549348738173
2009-10-13,705.865693575741
2009-10-14,706.945512961901
2009-10-15,707.981128323464
2009-10-16,702.600978501364
2009-10-19,709.5175752099054
2009-10-20,714.9835692862727
2009-10-21,712.0259336244192
2009-10-22,704.7625115600373
2009-10-23,698.9156883804694
2009-10-26,704.1765421240597
2009-10-27,691.1699327726186
2009-10-28,690.076628276947
2009-10-29,680.1259353047043
2009-10-30,696.5321310669987
2009-11-02,684.5864239902346
2009-11-03,683.8618024362743
2009-11-04,682.8689336816899
2009-11-05,678.1217386780986
2009-11-06,685.2794175737737
2009-11-09,686.5001568158618
2009-11-10,688.2739907813899
2009-11-11,688.1151489563772
2009-11-12,680.9262960237376
2009-11-13,685.1612737478779
2009-11-16,686.0857910659104
2009-11-17,682.3084117063298
2009-11-18,679.1218619109459
2009-11-19,674.1560214119816
2009-11-20,672.0670512583474
2009-11-23,673.0548710318631
2009-11-24,669.6736819370195
2009-11-25,679.9613481310378
2009-11-26,682.5329486234662
2009-11-27,665.0887465024781
2009-11-30,690.1922713065084
2009-12-01,701.7802525231291
2009-12-02,699.9379025392668
2009-12-03,717.8462213496358
2009-12-04,707.7065518545055
2009-12-07,718.1508233448709
2009-12-08,725.4756541837721
2009-12-09,721.0780037688537
2009-12-10,709.1751455945875
2009-12-11,713.7666230847904
2009-12-14,720.5002092367753
2009-12-15,711.1301330592746
2009-12-16,717.7676748799336
2009-12-17,710.9676444611848
2009-12-18,705.624026617434
2009-12-21,702.4060818819702
2009-12-22,706.7760362390709
2009-12-23,710.133848511044
2009-12-24,716.6412302828455
2009-12-25,714.1198565570155
2009-12-28,720.2416329814282
2009-12-29,720.2494850969648
2009-12-30,709.5423228439124
2009-12-31,707.7306688481402
2010-01-01,707.7306688481402
2010-01-04,719.1646436503279
2010-01-05,728.2032636796534
2010-01-06,725.4074371230769
2010-01-07,719.6598774641645
2010-01-08,727.3997339923768
2010-01-11,735.1167716017562
2010-01-12,751.0344710281831
2010-01-13,738.4624856004384
2010-01-14,749.293502576856
2010-01-15,754.6959149414841
2010-01-18,748.9758885436307
2010-01-19,740.2187649705045
2010-01-20,734.9438158345389
2010-01-21,740.7906182339462
2010-01-22,736.068921556205
2010-01-25,731.3984830535774
2010-01-26,720.5899074686944
2010-01-27,714.243955753509
2010-01-28,720.1866970124795
2010-01-29,705.6521674431871
2010-02-01,703.0335604850335
2010-02-02,716.1924622228881
2010-02-03,717.042456243287
2010-02-04,717.3637994526197
2010-02-05,706.0490384912054
2010-02-08,699.9915919361463
2010-02-09,699.174282937796
2010-02-10,698.737169758916
2010-02-11,700.4314039804376
2010-02-12,704.6611943584595
2010-02-15,699.4659435368192
2010-02-16,699.3274107269865
2010-02-17,711.7052400418107
2010-02-18,710.3065025139831
2010-02-19,690.6905188003358
2010-02-22,712.9798420052373
2010-02-23,718.6790164569804
2010-02-24,712.2446095504476
2010-02-25,713.8781950933734
2010-02-26,716.3059008636898
2010-03-01,716.8454077387471
2010-03-02,722.6737115675453
2010-03-03,727.7619490521263
2010-03-04,718.0110161265101
2010-03-05,718.8244667561283
2010-03-08,734.9429793389686
2010-03-09,737.3032654934807
2010-03-10,730.2440946903071
2010-03-11,736.44712754471
2010-03-12,739.8527576780997
2010-03-15,742.3624683510033
2010-03-16,741.5401674202989
2010-03-17,750.9286329937869
2010-03-18,744.2968907587933
2010-03-19,750.3028276378066
2010-03-22,751.5149806928072
2010-03-23,749.7947995181377
2010-03-24,740.3582062589386
2010-03-25,734.0653628989884
2010-03-26,746.3386689382028
2010-03-29,751.3634014752522
2010-03-30,758.0388646968553
2010-03-31,752.4936846094706
2010-04-01,755.6529422494317
2010-04-02,757.9566865643594
2010-04-05,759.8816685185957
2010-04-06,759.0921519408538
2010-04-07,763.8710614338543
2010-04-08,758.9587746383509
2010-04-09,760.7648493756824
2010-04-12,763.0267545976484
2010-04-13,758.9153006366785
2010-04-14,760.5865468981488
2010-04-15,768.0764782884213
2010-04-16,764.8486661223242
2010-04-19,752.1035009177019
2010-04-20,747.0440750348286
2010-04-21,756.4589412859954
2010-04-22,750.7065018506239
2010-04-23,742.2688796814031
2010-04-26,758.152530318866
2010-04-27,765.086035548005
2010-04-28,745.5325175744101
2010-04-29,744.3004149131773
2010-04-30,754.069083657087
2010-05-03,749.4079905607443
2010-05-04,748.4845877222016
2010-05-05,747.1404623279925
2010-05-06,732.5408380318294
2010-05-07,731.6884858456303
2010-05-10,726.9123126111307
2010-05-11,720.8914640014368
2010-05-12,719.2086976366991
2010-05-13,735.2816937939378
2010-05-14,728.8529404122185
2010-05-17,711.492329002962
2010-05-18,708.9064366261331
2010-05-19,711.8689759393325
2010-05-20,711.5678342182362
2010-05-21,696.048351199237
2010-05-24,692.8024846943458
2010-05-25,677.891881420744
2010-05-26,673.8405143049116
2010-05-27,683.030790877479
2010-05-28,689.7317064247991
2010-05-31,689.8199844499285
2010-06-01,684.3073728619644
2010-06-02,671.2027476188107
2010-06-03,689.8477679695587
2010-06-04,693.1216334786134
2010-06-07,669.2803093373881
2010-06-08,674.506175202675
2010-06-09,665.6716068150156
2010-06-10,673.0738402836657
2010-06-11,679.4980928375737
2010-06-14,690.6636755821842
2010-06-15,694.1260062645266
2010-06-16,704.5017106856047
2010-06-17,703.7418818844524
2010-06-18,702.1815610137794
2010-06-21,716.8142707818994
2010-06-22,711.8796705729692
2010-06-23,704.3007917587655
2010-06-24,708.6228785086067
2010-06-25,698.0007297512763
2010-06-28,695.4965856243534
2010-06-29,690.9918739367799
2010-06-30,681.2312360827306
2010-07-01,679.1624822617489
2010-07-02,676.4160403264674
2010-07-05,680.4698059771194
2010-07-06,691.4782197091497
2010-07-07,687.1369671673078
2010-07-08,695.4071592788756
2010-07-09,698.8361531343654
2010-07-12,698.9985352828788
2010-07-13,700.1163405614785
2010-07-14,712.803640679862
2010-07-15,709.8341406769612
2010-07-16,702.4937818511899
2010-07-19,699.7398543439908
2010-07-20,692.5468173510938
2010-07-21,689.3965027422346
2010-07-22,687.5484528977837
2010-07-23,701.358729815492
2010-07-26,706.7360936807601
2010-07-27,702.3282241139328
2010-07-28,719.2154556967047
2010-07-29,723.0842218793725
2010-07-30,716.2888902998151
2010-08-02,721.7121354850868
2010-08-03,731.6850387325602
2010-08-04,715.4887637654742
2010-08-05,728.079291672862
2010-08-06,736.1975054431316
2010-08-09,728.0950315137671
2010-08-10,724.050213342653
2010-08-11,710.8503129606707
2010-08-12,700.9508648841498
2010-08-13,700.961490842543
2010-08-16,704.0973875927203
2010-08-17,700.0775888846757
2010-08-18,707.6571167605489
2010-08-19,718.4948370013622
2010-08-20,702.4015697499192
2010-08-23,701.0994637769281
2010-08-24,702.5112133234603
2010-08-25,689.7354734885959
2010-08-26,694.3494799630178
2010-08-27,698.4228210198602
2010-08-30,709.2173749644479
2010-08-31,694.3640157898211
2010-09-01,698.5255382685451
2010-09-02,709.3482848783711
2010-09-03,712.6047270293426
2010-09-06,726.426510131151
2010-09-07,727.1538045155537
2010-09-08,713.6726290200711
2010-09-09,720.131633480783
2010-09-10,725.0615943424451
2010-09-13,734.2739304722995
2010-09-14,737.2297260972055
2010-09-15,732.267242613185
2010-09-16,730.8633879979858
2010-09-17,735.746764904314
2010-09-20,737.0439330638234
2010-09-21,738.8003531604115
2010-09-22,742.2238900908231
2010-09-23,743.3444497162346
2010-09-24,737.8681134603128
2010-09-27,749.0091021422679
2010-09-28,749.5822545311609
2010-09-29,757.3878130068506
2010-09-30,747.6057139371836
2010-10-01,751.5923231367171
2010-10-04,749.4646744356154
2010-10-05,758.0186241609532
2010-10-06,769.397798552201
2010-10-07,773.8904880469149
2010-10-08,771.5546986659048
2010-10-11,771.3922333131244
2010-10-12,763.2174022705332
2010-10-13,765.3810091772565
2010-10-14,782.2897065247656
2010-10-15,775.8808290121468
2010-10-18,778.4395076374815
2010-10-19,776.6821787426496
2010-10-20,774.1230917930301
2010-10-21,770.168466736771
2010-10-22,771.5087914440741
2010-10-25,775.9581217001804
2010-10-26,766.4030775416915
2010-10-27,763.0801652048137
2010-10-28,768.4224271541667
2010-10-29,764.6712530073224
2010-11-01,761.0880339807671
2010-11-02,760.5460083148646
2010-11-03,758.067214927706
2010-11-04,777.9899885643196
2010-11-05,789.0323070053814
2010-11-08,799.3211714461363
2010-11-09,799.4129717071141
2010-11-10,790.6844915721593
2010-11-11,793.7929098192263
2010-11-12,783.4049642664482
2010-11-15,783.1502501121037
2010-11-16,776.4000779767001
2010-11-17,777.7885866292397
2010-11-18,788.2481333434846
2010-11-19,788.6225222585751
2010-11-22,793.6411269120259
2010-11-23,793.3714325236244
2010-11-24,784.8415371915573
2010-11-25,787.492469591087
2010-11-26,780.3521052016063
2010-11-29,785.5571930031168
2010-11-30,778.6240923808642
2010-12-01,781.4379036043621
2010-12-02,794.7276692711997
2010-12-03,806.7377231950575
2010-12-06,806.0221061356249
2010-12-07,800.4252828914098
2010-12-08,796.4477926351855
2010-12-09,801.9447013861582
2010-12-10,797.1166052017246
2010-12-13,806.0118044880329
2010-12-14,809.499075447064
2010-12-15,802.7504969575871
2010-12-16,799.05246641643
2010-12-17,800.803106144909
2010-12-20,800.4197613419929
2010-12-21,809.787099448888
2010-12-22,810.6332839653327
2010-12-23,813.4500338424652
2010-12-24,812.3502176032471
2010-12-27,816.1623172287436
2010-12-28,820.8066678173559
2010-12-29,825.4622927433101
2010-12-30,821.6118669610763
2010-12-31,826.4482605449502
2011-01-03,824.3555048383298
2011-01-04,832.5262057266098
2011-01-05,821.1727359979059
2011-01-06,832.3837659222734
2011-01-07,835.3586532800248
2011-01-10,835.8170807551517
2011-01-11,830.7379282475666
2011-01-12,833.2136962992499
2011-01-13,843.2870305302949
2011-01-14,836.2715581846115
2011-01-17,836.6488266624945
2011-01-18,838.0942790911814
2011-01-19,848.976355051698
2011-01-20,830.8326209057634
2011-01-21,821.453721921077
2011-01-24,827.9232217356197
2011-01-25,836.7104305398148
2011-01-26,834.4997178356608
2011-01-27,837.1026739324392
2011-01-28,834.8389256501895
2011-01-31,827.2485228093288
2011-02-01,834.5217939845992
2011-02-02,846.8050576351417
2011-02-03,842.0149117413754
2011-02-04,847.6052552628267
2011-02-07,844.5648141047857
2011-02-08,850.4138756828426
2011-02-09,840.5188053807608
2011-02-10,830.8221022798137
2011-02-11,829.426901533015
2011-02-14,840.4626178430395
2011-02-15,838.7659496507811
2011-02-16,843.6529801501522
2011-02-17,853.0214396499134
2011-02-18,853.1071931062228
2011-02-21,853.929313168087
2011-02-22,840.1916047705203
2011-02-23,835.7711638054666
2011-02-24,831.9900732480329
2011-02-25,842.0674823790993
2011-02-28,847.4099108718199
2011-03-01,857.6495670983495
2011-03-02,843.0109616237972
2011-03-03,841.857455690811
2011-03-04,849.0304578054327
2011-03-07,839.6045197771637
2011-03-08,835.2601387345676
2011-03-09,838.5518472579441
2011-03-10,825.1779550336875
2011-03-11,821.9918688688792
2011-03-14,774.413165737154
2011-03-15,721.9361279512487
2011-03-16,767.221183179718
2011-03-17,770.5148574997322
2011-03-18,766.4872246764301
2011-03-21,769.3874080310406
2011-03-22,794.8165201968113
2011-03-23,789.4431485072275
2011-03-24,785.1793937629687
2011-03-25,786.6894417566347
2011-03-28,781.9703031652408
2011-03-29,779.7426495490471
2011-03-30,792.5224241974685
2011-03-31,796.2813514779659
2011-04-01,779.7852650791443
2011-04-04,784.9046718166752
2011-04-05,772.478360049254
2011-04-06,763.7477087423572
2011-04-07,765.0746627278784
2011-04-08,774.8532061372454
2011-04-11,774.6696737286836
2011-04-12,770.5450933587224
2011-04-13,775.0767998521892
2011-04-14,783.0139611320207
2011-04-15,780.1072122095544
2011-04-18,783.8367490327348
2011-04-19,774.8224537422988
2011-04-20,785.2410881099789
2011-04-21,796.9396729413601
2011-04-22,797.4351633030323
2011-04-25,793.9138143436198
2011-04-26,788.4345400445955
2011-04-27,787.2430229583625
2011-04-28,806.532385197283
2011-04-29,809.2437201586898
2011-05-02,821.3256968156576
2011-05-03,821.6609704592802
2011-05-04,821.263462525674
2011-05-05,826.5935571010373
2011-05-06,811.898375373532
2011-05-09,808.5847477922947
2011-05-10,811.4667305289154
2011-05-11,809.3904786915977
2011-05-12,801.2255295343485
2011-05-13,799.2038109858897
2011-05-16,790.2234624841576
2011-05-17,786.3853394504911
2011-05-18,793.3347603765567
2011-05-19,787.2491811630363
2011-05-20,786.2461969544879
2011-05-23,771.4448238390651
2011-05-24,771.3551513453104
2011-05-25,769.630180541744
2011-05-26,784.5591864029218
2011-05-27,785.6620743313673
2011-05-30,785.3640244064101
2011-05-31,797.2283115236224
2011-06-01,801.2866802185259
2011-06-02,788.4977511530179
2011-06-03,784.5678943980979
2011-06-06,780.9108814787181
2011-06-07,784.3721898806444
2011-06-08,784.5819326996323
2011-06-09,782.3692994068699
2011-06-10,782.9008604151429
2011-06-13,777.0223077863373
2011-06-14,780.9384674056985
2011-06-15,779.8754692917232
2011-06-16,765.8860876092652
2011-06-17,764.5073129301726
2011-06-20,761.2071806222954
2011-06-21,771.232749033686
2011-06-22,782.3365806179766
2011-06-23,775.4197289818701
2011-06-24,784.8955262755612
2011-06-27,774.3105968754552
2011-06-28,779.2132379958991
2011-06-29,791.1944962765613
2011-06-30,795.8862207852441
2011-07-01,798.8810985058492
2011-07-04,809.0492075521324
2011-07-05,807.0232301372375
2011-07-06,816.3361776423598
2011-07-07,811.108548825777
2011-07-08,821.0387969178004
2011-07-11,816.8684179717534
2011-07-12,809.9176518698326
2011-07-13,817.3630829955833
2011-07-14,813.9272362816818
2011-07-15,815.9171746868768
2011-07-18,814.9706355674787
2011-07-19,811.298506695061
2011-07-20,820.0861063631089
2011-07-21,821.7801950514762
2011-07-22,833.3257910127495
2011-07-25,826.804136107419
2011-07-26,834.129978425612
2011-07-27,831.7130397483488
2011-07-28,824.7046301627237
2011-07-29,823.6794793995955
2011-08-01,838.497459088634
2011-08-02,825.582295391731
2011-08-03,810.5811040500391
2011-08-04,790.1597998478425
2011-08-05,766.5421277481968
2011-08-08,756.1778484951476
2011-08-09,744.9003220610765
2011-08-10,752.6240529689802
2011-08-11,742.3315439381784
2011-08-12,741.5485444531893
2011-08-15,754.2818334512901
2011-08-16,755.4446314446375
2011-08-17,754.239800464619
2011-08-18,743.36563604671
2011-08-19,726.4077559645082
2011-08-22,714.7049852954864
2011-08-23,725.2475895011473
2011-08-24,715.089207416914
2011-08-25,721.4277887527804
2011-08-26,728.0399773410775
2011-08-29,731.9118401102231
2011-08-30,742.0463197461677
2011-08-31,750.7190284169649
2011-09-01,754.5308633696635
2011-09-02,744.8745578549851
2011-09-05,726.6542092206805
2011-09-06,713.0817855290933
2011-09-07,725.9966584157744
2011-09-08,727.6792222452849
2011-09-09,719.5507725007172
2011-09-12,707.1724833566949
2011-09-13,714.6876858400309
2011-09-14,708.1359793433495
2011-09-15,716.9646349050665
2011-09-16,730.9699175464132
2011-09-19,730.7879802601848
2011-09-20,721.5690548765002
2011-09-21,722.712226844602
2011-09-22,704.7383334554294
2011-09-23,705.3258530509472
2011-09-26,689.4016137743027
2011-09-27,707.8114378399887
2011-09-28,713.118394118529
2011-09-29,716.3227948389958
2011-09-30,710.0378658682664
2011-10-03,696.5839620207744
2011-10-04,684.0387747778948
2011-10-05,677.7092911435819
2011-10-06,694.9873881473266
2011-10-07,702.9055449205679
2011-10-10,704.5316322943074
2011-10-11,718.8435112424569
2011-10-12,714.5964555064727
2011-10-13,726.726752266448
2011-10-14,714.1461097488435
2011-10-17,731.4733396380078
2011-10-18,718.0345729408941
2011-10-19,719.2394281347165
2011-10-20,709.5100846498311
2011-10-21,715.9919517873681
2011-10-24,731.3236873733318
2011-10-25,730.1108493468588
2011-10-26,727.4953168464754
2011-10-27,748.1539269756454
2011-10-28,761.866150090132
2011-10-31,734.3058836812237
2011-11-01,719.6449297468812
2011-11-02,710.2758154731085
2011-11-03,707.9310754819338
2011-11-04,721.6837927816002
2011-11-07,721.0455309777891
2011-11-08,713.6461158358818
2011-11-09,721.6325318010164
2011-11-10,699.8914247468816
2011-11-11,704.9362198840907
2011-11-14,712.8721997533793
2011-11-15,707.9550503124239
2011-11-16,700.6860976006325
2011-11-17,702.4935455447294
2011-11-18,695.213631805437
2011-11-21,688.7716556142275
2011-11-22,689.5147897443899
2011-11-23,684.186755819054
2011-11-24,678.3223544732316
2011-11-25,673.4525584133473
2011-11-28,682.2893212525711
2011-11-29,696.9139555924637
2011-11-30,697.0179754445212
2011-12-01,708.6822090134634
2011-12-02,709.9796633118202
2011-12-05,714.3554164428896
2011-12-06,705.5355082516819
2011-12-07,715.5387565202037
2011-12-08,711.5569737545202
2011-12-09,701.1002105324086
2011-12-12,706.2763938589072
2011-12-13,699.7120762462056
2011-12-14,693.1060554381146
2011-12-15,682.2146556063902
2011-12-16,684.9738189317108
2011-12-19,676.0596812184193
2011-12-20,680.2057007082599
2011-12-21,685.9330828829235
2011-12-22,682.4883380372747
2011-12-23,683.7321512931937
2011-12-26,687.365850057162
2011-12-27,686.9505531414995
2011-12-28,684.6681414788372
2011-12-29,685.7169403560555
2011-12-30,696.2617438307284
2012-01-02,696.2617438307284
2012-01-03,700.1877587383731
2012-01-04,710.3121408325135
2012-01-05,701.4880346374283
2012-01-06,695.4031733847597
2012-01-09,697.1602683739145
2012-01-10,699.8536031473855
2012-01-11,699.9600251397119
2012-01-12,696.3002788514059
2012-01-13,701.6973318785634
2012-01-16,696.0849847405625
2012-01-17,702.7745056272115
2012-01-18,706.3374659478235
2012-01-19,711.0001921668079
2012-01-20,722.5035557873961
2012-01-23,723.2817769477197
2012-01-24,718.8967202552344
2012-01-25,724.3051750644318
2012-01-26,731.9460068609175
2012-01-27,734.0220632931146
2012-01-30,729.3673040721136
2012-01-31,731.4252936674463
2012-02-01,733.2123158383033
2012-02-02,736.9987250717257
2012-02-03,733.7556396578178
2012-02-06,742.1669303412009
2012-02-07,742.1378075997497
2012-02-08,751.7130033620442
2012-02-09,750.243327700768
2012-02-10,742.6329034989689
2012-02-13,748.3243510973623
2012-02-14,744.518694047497
2012-02-15,761.0139304439994
2012-02-16,753.4666217155864
2012-02-17,760.1275120418368
2012-02-20,767.8164228160088
2012-02-21,762.9520309297878
2012-02-22,763.3643300439171
2012-02-23,765.7094928722129
2012-02-24,765.7481171320903
2012-02-27,767.2121025122822
2012-02-28,772.5206116915712
2012-02-29,769.0056628769015
2012-03-01,765.0651894327788
2012-03-02,764.272553271265
2012-03-05,759.6048856992692
2012-03-06,755.4606395087053
2012-03-07,750.8416053497996
2012-03-08,759.7203558285648
2012-03-09,761.5099924238897
2012-03-12,759.7915929255391
2012-03-13,758.4830566157115
2012-03-14,760.1708514214554
2012-03-15,771.1406234041842
2012-03-16,773.2173679236215
2012-03-19,773.0096399381063
2012-03-20,769.3356543639578
2012-03-21,762.425031775063
2012-03-22,772.8469438899267
2012-03-23,766.4151830351751
2012-03-26,763.5193632925982
2012-03-27,778.9972038391888
2012-03-28,782.4702609251246
2012-03-29,782.2830398711894
2012-03-30,778.7718177443755
2012-04-02,781.8413933242305
2012-04-03,777.3135272136998
2012-04-04,763.2695962117884
2012-04-05,762.0896681296427
2012-04-06,755.8427639194932
2012-04-09,754.1227701626156
2012-04-10,756.832501365441
2012-04-11,749.8034214290117
2012-04-12,754.463717659829
2012-04-13,758.1752395521963
2012-04-16,754.3101482007901
2012-04-17,751.2459817065367
2012-04-18,760.4213279807266
2012-04-19,755.8159617574448
2012-04-20,752.8095201181144
2012-04-23,753.1831247269588
2012-04-24,750.0141677868223
2012-04-25,753.0765876879746
2012-04-26,758.6080711406385
2012-04-27,755.5800913113925
2012-04-30,761.6059028877079
2012-05-01,747.6545308182738
2012-05-02,750.7767251360775
2012-05-03,749.1548035442743
2012-05-04,752.3366880948399
2012-05-07,732.9601407279068
2012-05-08,736.6977658632495
2012-05-09,729.4203893309384
2012-05-10,724.8234952053997
2012-05-11,719.9385059919739
2012-05-14,718.7061304816851
2012-05-15,709.0975252019042
2012-05-16,697.9264415571962
2012-05-17,708.2655016409024
2012-05-18,691.2922651944183
2012-05-21,691.0771968436217
2012-05-22,695.1807073400985
2012-05-23,687.6729468369614
2012-05-24,686.9194644125574
2012-05-25,687.1443213355632
2012-05-28,688.9049017717995
2012-05-29,694.7227950104299
2012-05-30,695.0809089843655
2012-05-31,694.248836531581
2012-06-01,686.7336640015291
2012-06-04,672.3729900768699
2012-06-05,680.8883318936145
2012-06-06,689.4790720696969
2012-06-07,696.693034699049
2012-06-08,684.6451494121441
2012-06-11,699.3263517145972
2012-06-12,694.0733185362138
2012-06-13,697.1793812438815
2012-06-14,696.1318448468145
2012-06-15,700.8777289807232
2012-06-18,709.5498228394648
2012-06-19,705.6530973088709
2012-06-20,712.8577717381663
2012-06-21,708.8251443057296
2012-06-22,702.9818280784767
2012-06-25,703.9567396810684
2012-06-26,700.4596123729751
2012-06-27,704.7793946870934
2012-06-28,718.5365800671359
2012-06-29,726.5488585768022
2012-07-02,729.6571293024355
2012-07-03,733.6464916616881
2012-07-04,735.2667558125689
2012-07-05,732.489173800036
2012-07-06,732.4307648606365
2012-07-09,722.472016623663
2012-07-10,719.3420398800026
2012-07-11,718.6896437555107
2012-07-12,711.6624510838428
2012-07-13,712.5621582568507
2012-07-16,716.1854083051176
2012-07-17,714.3811644533819
2012-07-18,714.5422702964075
2012-07-19,722.1240004671545
2012-07-20,713.4349835269846
2012-07-23,702.6203807744977
2012-07-24,700.8212699384362
2012-07-25,691.5642236246682
2012-07-26,696.1150532923913
2012-07-27,703.492517525495
2012-07-30,712.3683612474122
2012-07-31,719.2400387806375
2012-08-01,715.207869023578
2012-08-02,716.4784778323598
2012-08-03,708.3685832949891
2012-08-06,723.75166209537
2012-08-07,726.6812310573478
2012-08-08,729.6121811119464
2012-08-09,733.1108085449571
2012-08-10,730.2231678544914
2012-08-13,729.3608358346437
2012-08-14,728.0362073506989
2012-08-15,726.186299345247
2012-08-16,734.8962072898432
2012-08-17,738.2103548506401
2012-08-20,739.2767315727509
2012-08-21,738.8176696601316
2012-08-22,736.9738840660253
2012-08-23,747.3136420467117
2012-08-24,738.3800732362871
2012-08-27,737.1723893131159
2012-08-28,732.7734116167356
2012-08-29,734.4579244378924
2012-08-30,730.7320073272014
2012-08-31,723.2789045635645
2012-09-03,720.5633303245759
2012-09-04,717.155116468251
2012-09-05,709.8952082507375
2012-09-06,707.4570538401125
2012-09-07,731.1895560067029
2012-09-10,730.3497664902401
2012-09-11,730.0909330621059
2012-09-12,739.3976760750356
2012-09-13,744.2485410284335
2012-09-14,749.942811015882
2012-09-17,746.3528840306803
2012-09-18,748.4033344863697
2012-09-19,756.9701601900983
2012-09-20,745.8676047655088
2012-09-21,749.3492104127265
2012-09-24,747.4393799929709
2012-09-25,750.8884568612679
2012-09-26,742.5686040156861
2012-09-27,747.4836820435038
2012-09-28,741.4362759569605
2012-10-01,734.0874982669724
2012-10-02,734.3532611179087
2012-10-03,729.9594439349663
2012-10-04,736.2936175652204
2012-10-05,735.9919374297787
2012-10-08,739.2253204294863
2012-10-09,731.3081152410317
2012-10-10,719.7651781075807
2012-10-11,714.7404955616391
2012-10-12,718.9968485987757
2012-10-15,719.9929135388659
2012-10-16,727.1842910302939
2012-10-17,736.0616921192121
2012-10-18,741.9452606421668
2012-10-19,742.3001286228961
2012-10-22,739.3096586135168
2012-10-23,737.9267562130024
2012-10-24,734.9197560678354
2012-10-25,738.4203351522942
2012-10-26,734.1654715762479
2012-10-29,731.2299125820775
2012-10-30,727.0072343026486
2012-10-31,732.0105354553374
2012-11-01,731.6858302722925
2012-11-02,737.6987147307575
2012-11-05,737.3273271185951
2012-11-06,734.5345360657072
2012-11-07,737.6943835582273
2012-11-08,726.967717118371
2012-11-09,724.2454221880236
2012-11-12,718.5288935884236
2012-11-13,717.5447742573285
2012-11-14,711.9735977336378
2012-11-15,717.1894707073311
2012-11-16,727.3673644869248
2012-11-19,738.3421968503367
2012-11-20,733.3703683095433
2012-11-21,733.9565664984455
2012-11-22,742.6960118180756
2012-11-23,745.0735683564977
2012-11-26,749.2738889431631
2012-11-27,749.6622921564041
2012-11-28,744.5189991907151
2012-11-29,750.2586743869165
2012-11-30,750.7036561011049
2012-12-03,750.1012915367077
2012-12-04,753.2149682302221
2012-12-05,751.7920766824491
2012-12-06,755.670422542758
2012-12-07,755.6467582184245
2012-12-10,755.1080829355124
2012-12-11,753.534485660297
2012-12-12,753.7567332326634
2012-12-13,754.6377643797907
2012-12-14,756.7084719202335
2012-12-17,758.3022376761569
2012-12-18,761.9079450305766
2012-12-19,775.6804411058472
2012-12-20,774.3932787218566
2012-12-21,769.8882281538364
2012-12-24,765.1932728597792
2012-12-25,769.9987897185866
2012-12-26,771.5166052669498
2012-12-27,775.5181883123489
2012-12-28,779.0063004805054
2012-12-31,776.2909803949444
2013-01-01,776.2909803949444
2013-01-02,774.8488962533144
2013-01-03,777.2084370875784
2013-01-04,789.8343259767917
2013-01-07,786.454907916041
2013-01-08,784.1237393112997
2013-01-09,785.9910715377644
2013-01-10,789.5912265697704
2013-01-11,789.0479093580509
2013-01-14,787.0255350351989
2013-01-15,796.6900728248473
2013-01-16,784.7114216887707
2013-01-17,780.6645951750992
2013-01-18,790.8640682406115
2013-01-21,785.6346604238727
2013-01-22,792.7052310427846
2013-01-23,783.5991242920045
2013-01-24,781.1281825789922
2013-01-25,789.1869847992434
2013-01-28,786.8520475784759
2013-01-29,790.2436272534266
2013-01-30,800.2907459706136
2013-01-31,799.2985998426453
2013-02-01,795.121330023335
2013-02-04,800.818102891685
2013-02-05,781.6771528349622
2013-02-06,803.9426536300144
2013-02-07,802.6389719812597
2013-02-08,800.1823685463673
2013-02-11,795.2446077514031
2013-02-12,806.9228065708426
2013-02-13,797.7513348500352
2013-02-14,800.5520319984873
2013-02-15,788.5358515084968
2013-02-18,798.6016440242447
2013-02-19,801.4328391580177
2013-02-20,807.6431438116495
2013-02-21,803.6720510837237
2013-02-22,803.959693310621
2013-02-25,811.4907755073245
2013-02-26,814.8221275794629
2013-02-27,808.1462900698635
2013-02-28,820.8086072680837
2013-03-01,818.942174678414
2013-03-04,824.7814204700841
2013-03-05,821.0190382091157
2013-03-06,832.4935714874921
2013-03-07,828.8331960955466
2013-03-08,830.248233858521
2013-03-11,839.5461940227177
2013-03-12,838.2513970404094
2013-03-13,833.53279509826
2013-03-14,839.1111300247625
2013-03-15,857.2062380959742
2013-03-18,837.6060939770869
2013-03-19,850.3616660029386
2013-03-20,845.610986974368
2013-03-21,857.2666058303929
2013-03-22,846.1766641579227
2013-03-25,854.4441601744255
2013-03-26,854.7641105879367
2013-03-27,862.180982645209
2013-03-28,859.4662973616703
2013-03-29,860.4610111236132
2013-04-01,845.6955458152516
2013-04-02,838.2794198194656
2013-04-03,859.5968674273579
2013-04-04,853.3577742155569
2013-04-05,864.4774912167636
2013-04-08,873.6080962306785
2013-04-09,873.3498836128381
2013-04-10,879.5205672587178
2013-04-11,901.6827714302965
2013-04-12,906.7594188440318
2013-04-15,900.9487819842773
2013-04-16,894.4961367118285
2013-04-17,904.9305991671672
2013-04-18,889.3916724652345
2013-04-19,886.0058581320417
2013-04-22,896.4741645824306
2013-04-23,892.4994943862836
2013-04-24,908.1819366606433
2013-04-25,914.0590804386162
2013-04-26,923.0005070421246
2013-04-29,919.682244408306
2013-04-30,928.7696924435652
2013-05-01,924.7088056595825
2013-05-02,914.551916055672
2013-05-03,907.2758775759813
2013-05-06,906.2973043160451
2013-05-07,932.1876769600166
2013-05-08,941.3979123604819
2013-05-09,929.5461888077789
2013-05-10,935.9068120660107
2013-05-13,948.3752287409142
2013-05-14,943.6873611820417
2013-05-15,960.4201369705764
2013-05-16,960.1221644042624
2013-05-17,956.5511682895806
2013-05-20,970.8626198223826
2013-05-21,966.317072508154
2013-05-22,963.3300740494709
2013-05-23,921.3298689941444
2013-05-24,927.7449165750693
2013-05-27,904.2985102648014
2013-05-28,907.2667523950024
2013-05-29,919.4993805653874
2013-05-30,889.4815731291756
2013-05-31,890.1630951479943
2013-06-03,874.397233488249
2013-06-04,890.972341240286
2013-06-05,870.5120577892878
2013-06-06,863.8956996377697
2013-06-07,863.3827598373119
2013-06-10,889.6287087674322
2013-06-11,898.1667157206304
2013-06-12,903.6801053143739
2013-06-13,872.2209708869691
2013-06-14,883.3360210035158
2013-06-17,901.6983410253166
2013-06-18,898.554163167062
2013-06-19,913.2527284783928
2013-06-20,873.0752409117811
2013-06-21,881.9258287819345
2013-06-24,870.4313763559696
2013-06-25,863.2012709517761
2013-06-26,862.2555972396251
2013-06-27,877.8457040977793
2013-06-28,896.552992512784
2013-07-01,904.7560521440682
2013-07-02,914.8790543894929
2013-07-03,919.4414204746354
2013-07-04,915.5416569725538
2013-07-05,921.6802098089191
2013-07-08,906.8770768221866
2013-07-09,923.3288369798277
2013-07-10,930.56378180673
2013-07-11,946.569833515249
2013-07-12,942.8226410615138
2013-07-15,938.6449270762382
2013-07-16,950.2951003491053
2013-07-17,947.8190557006008
2013-07-18,946.5120035066426
2013-07-19,942.2904877532183
2013-07-22,954.8023097466344
2013-07-23,957.5122865462122
2013-07-24,953.3188450636275
2013-07-25,945.8342894691976
2013-07-26,934.4459386735258
2013-07-29,909.1657761796953
2013-07-30,922.9753122051725
2013-07-31,907.3136354966147
2013-08-01,924.9394147255919
2013-08-02,952.9691700084666
2013-08-05,944.1059221034391
2013-08-06,956.3132441545182
2013-08-07,935.7303216304484
2013-08-08,930.2234978614357
2013-08-09,928.5253796916774
2013-08-12,920.4218043318673
2013-08-13,925.0115481796546
2013-08-14,937.5973068193564
2013-08-15,923.589135798702
2013-08-16,920.5705871710575
2013-08-19,921.7365543441479
2013-08-20,906.7657684053972
2013-08-21,899.4445005043186
2013-08-22,889.4607759764564
2013-08-23,907.1516030955546
2013-08-26,906.5824886998955
2013-08-27,909.6838133485757
2013-08-28,891.6107309980736
2013-08-29,889.5246041271673
2013-08-30,886.1935674807752
2013-09-02,889.6288295968931
2013-09-03,907.8834436214122
2013-09-04,913.474353432076
2013-09-05,912.4253558040062
2013-09-06,912.6931217237876
2013-09-09,924.9732983361953
2013-09-10,929.787687127848
2013-09-11,935.2816445834887
2013-09-12,936.5317533139828
2013-09-13,935.4128793872233
2013-09-16,943.3985174457855
2013-09-17,934.0716143627272
2013-09-18,948.3764392789784
2013-09-19,961.2002454369292
2013-09-20,962.1257394257236
2013-09-23,968.857608936339
2013-09-24,964.7912301925386
2013-09-25,964.1174905213987
2013-09-26,972.5295311391098
2013-09-27,976.670974495488
2013-09-30,959.5652732191493
2013-10-01,960.751822018567
2013-10-02,956.8389291172667
2013-10-03,959.3438219072226
2013-10-04,951.1134926451382
2013-10-07,940.5945061315961
2013-10-08,943.0128016877893
2013-10-09,951.1282527874149
2013-10-10,953.3394461236378
2013-10-11,965.1060740260042
2013-10-14,966.5632742503863
2013-10-15,965.6435717187541
2013-10-16,963.5862060248755
2013-10-17,978.3947670606495
2013-10-18,981.9270849675688
2013-10-21,984.6255053802605
2013-10-22,984.5226384650996
2013-10-23,978.218950927922
2013-10-24,983.2505984815073
2013-10-25,964.5012579572198
2013-10-28,975.2554294577889
2013-10-29,967.7176578169997
2013-10-30,979.0576679943424
2013-10-31,972.9846576465218
2013-11-01,962.7904080849667
2013-11-04,963.4818964708599
2013-11-05,964.0305502410112
2013-11-06,967.9122943675914
2013-11-07,957.9405610572446
2013-11-08,950.7616073631204
2013-11-11,958.091372284593
2013-11-12,967.395890878736
2013-11-13,963.9781777033395
2013-11-14,972.301236947549
2013-11-15,986.0050805987261
2013-11-18,991.5705388378028
2013-11-19,986.4157436965867
2013-11-20,986.7424977408517
2013-11-21,986.2665043176419
2013-11-22,988.439433463114
2013-11-25,994.073789651671
2013-11-26,990.784321726608
2013-11-27,982.0637893306426
2013-11-28,993.2523471300464
2013-11-29,989.3219429031981
2013-12-02,984.6647268395058
2013-12-03,993.0658805784432
2013-12-04,975.099739535053
2013-12-05,971.8855099188804
2013-12-06,970.9298297513793
2013-12-09,982.8957402705164
2013-12-10,983.1085495683537
2013-12-11,980.2232006510098
2013-12-12,970.2513158263965
2013-12-13,969.2077863661359
2013-12-16,957.7780998029864
2013-12-17,967.2281119138195
2013-12-18,977.2843501265573
2013-12-19,977.3933114898376
2013-12-20,978.2889618151628
2013-12-23,980.5760363727959
2013-12-24,976.7041788869101
2013-12-25,977.908525388079
2013-12-26,989.6575543963038
2013-12-27,993.7411053315308
2013-12-30,999.2967115389022
2013-12-31,1000.1018933341759
2014-01-01,1000.1018933341759
2014-01-02,1001.2443739913662
2014-01-03,1002.8496458465263
2014-01-06,991.9238366813668
2014-01-07,987.1107607239746
2014-01-08,1002.3806166929078
2014-01-09,995.7546924027021
2014-01-10,1001.4411921964601
2014-01-13,1007.6065617992363
2014-01-14,982.469155926851
2014-01-15,994.3153760889055
2014-01-16,996.0352550079149
2014-01-17,997.1248176657789
2014-01-20,994.0753888106426
2014-01-21,996.0574522305101
2014-01-22,997.3773871957695
2014-01-23,990.9310855438313
2014-01-24,983.827517790056
2014-01-27,959.4462281833639
2014-01-28,954.9990577438465
2014-01-29,979.8882063848343
2014-01-30,954.128338946451
2014-01-31,955.0220785577047
2014-02-03,944.3488691401989
2014-02-04,903.262858324406
2014-02-05,919.9266133396411
2014-02-06,917.7188653695084
2014-02-07,931.265928629189
2014-02-10,945.3752159996178
2014-02-11,945.7298847161677
2014-02-12,954.9137841044388
2014-02-13,941.1444575492355
2014-02-14,932.7495511787441
2014-02-17,937.3647604627349
2014-02-18,955.9690156390944
2014-02-19,952.0966949019661
2014-02-20,934.6713084280657
2014-02-21,952.1879769123087
2014-02-24,951.1623328785337
2014-02-25,965.4157069000025
2014-02-26,960.6433790571461
2014-02-27,961.0101981755895
2014-02-28,956.4126496078578
2014-03-03,947.5333025104405
2014-03-04,948.8410503920375
2014-03-05,952.5665629353762
2014-03-06,959.7926283183342
2014-03-07,962.6391614854275
2014-03-10,954.8231333216168
2014-03-11,959.1937688725235
2014-03-12,942.3938695701942
2014-03-13,943.530393822259
2014-03-14,920.5411567210547
2014-03-17,916.1809484248618
2014-03-18,924.9910318194187
2014-03-19,922.7976140737219
2014-03-20,900.5886094868426
2014-03-21,902.2445391419812
2014-03-24,918.245589797329
2014-03-25,915.4903534820199
2014-03-26,923.0522325713515
2014-03-27,934.4681396432219
2014-03-28,933.3986270691689
2014-03-31,943.8145173039653
2014-04-01,943.993039300595
2014-04-02,949.3268267855602
2014-04-03,953.2214482868079
2014-04-04,954.6850842979694
2014-04-07,942.4793165470575
2014-04-08,934.8718185331219
2014-04-09,921.697888557545
2014-04-10,925.3511128872487
2014-04-11,912.8984119241765
2014-04-14,910.668680028709
2014-04-15,911.953658038012
2014-04-16,929.6552739851077
2014-04-17,929.2803311470558
2014-04-18,935.1615948827917
2014-04-21,931.6347860615442
2014-04-22,926.4858889199602
2014-04-23,934.7403645285627
2014-04-24,929.1090423934919
2014-04-25,930.8235178743005
2014-04-28,917.1471532445482
2014-04-29,918.4554746089281
2014-04-30,921.1003932984722
2014-05-01,934.750381104834
2014-05-02,937.2319445361811
2014-05-05,936.7811355836416
2014-05-06,941.3065327444157
2014-05-07,916.7824983646327
2014-05-08,919.7650296972324
2014-05-09,922.9515622809321
2014-05-12,916.1065926131204
2014-05-13,930.4395596012304
2014-05-14,937.5378325652152
2014-05-15,936.2968672032473
2014-05-16,924.7005382926687
2014-05-19,920.2999594464726
2014-05-20,923.4784320140617
2014-05-21,919.9364897422969
2014-05-22,933.2227313737145
2014-05-23,940.1421469326202
2014-05-26,949.1609927077373
2014-05-27,947.7642289063108
2014-05-28,951.9352812648206
2014-05-29,956.7636152686432
2014-05-30,957.6557872321323
2014-06-02,968.4482684801387
2014-06-03,972.0858016939146
2014-06-04,974.1169838624089
2014-06-05,975.118257301999
2014-06-06,973.4431666068931
2014-06-09,974.3778044741965
2014-06-10,969.5640067298342
2014-06-11,978.5946118160888
2014-06-12,976.8178045548124
2014-06-13,979.1866161581345
2014-06-16,973.0760811849395
2014-06-17,971.8401281043259
2014-06-18,978.9435619507918
2014-06-19,996.0387887610976
2014-06-20,994.5819637358926
2014-06-23,994.0162586950086
2014-06-24,993.6712106665351
2014-06-25,991.2469658461526
2014-06-26,997.9818628422255
2014-06-27,992.2626140567095
2014-06-30,998.1621475874342
2014-07-01,1006.6123008424519
2014-07-02,1011.5489584942259
2014-07-03,1006.5972466178921
2014-07-04,1012.615401142107
2014-07-07,1010.8286920159076
2014-07-08,1009.2694587636156
2014-07-09,1004.1364919599275
2014-07-10,1000.3544099829124
2014-07-11,998.1843096291648
2014-07-14,1002.7786074840419
2014-07-15,1007.3819315634476
2014-07-16,1009.2715915228007
2014-07-17,1009.1436906845182
2014-07-18,1003.2535497105558
2014-07-21,1004.755975606831
2014-07-22,1011.7769317011697
2014-07-23,1012.5120715247235
2014-07-24,1008.9406645182672
2014-07-25,1017.8447858066711
2014-07-28,1021.4954638125475
2014-07-29,1023.2337647963496
2014-07-30,1019.6024857093843
2014-07-31,1017.6680214270841
2014-08-01,1016.1305806041048
2014-08-04,1012.6866617632104
2014-08-05,1001.1018364084058
2014-08-06,997.1926474188265
2014-08-07,1000.2671958756695
2014-08-08,981.4230749053994
2014-08-11,996.9902798481921
2014-08-12,1000.1813838940374
2014-08-13,1002.298343424034
2014-08-14,1008.1876993609808
2014-08-15,1008.0932585456607
2014-08-18,1006.4917880673327
2014-08-19,1012.4121357769598
2014-08-20,1010.2185927465498
2014-08-21,1012.6120724098001
2014-08-22,1006.9537859884997
2014-08-25,1012.5155362929253
2014-08-26,1006.108607809909
2014-08-27,1006.5473634918293
2014-08-28,1002.0024195657974
2014-08-29,998.6927576094347
2014-09-01,998.9282542486188
2014-09-02,1002.8692155200908
2014-09-03,1009.7775166696543
2014-09-04,1004.4672218375462
2014-09-05,1003.8859385976917
2014-09-08,1001.612269960802
2014-09-09,996.8597787945299
2014-09-10,995.7446791824661
2014-09-11,997.8801550110193
2014-09-12,996.7401231787867
2014-09-15,995.5687261359897
2014-09-16,993.1424737975494
2014-09-17,986.8832387219633
2014-09-18,986.6131819672775
2014-09-19,996.1769240110713
2014-09-22,990.0598014027141
2014-09-23,990.5065005471753
2014-09-24,988.4693669854738
2014-09-25,1001.8104451626887
2014-09-26,995.2746853142312
2014-09-29,995.5804780861038
2014-09-30,985.7489005495274
2014-10-01,980.304210698034
2014-10-02,963.3381965526537
2014-10-03,957.7950737369729
2014-10-06,973.2296536085125
2014-10-07,976.7745612649438
2014-10-08,964.2487398180123
2014-10-09,961.415755641025
2014-10-10,948.4287616906591
2014-10-13,952.9937795372821
2014-10-14,933.508819803679
2014-10-15,949.1926667630835
2014-10-16,931.5767395137268
2014-10-17,917.4194133933219
2014-10-20,948.4154395320217
2014-10-21,937.817114751679
2014-10-22,956.3029504784989
2014-10-23,947.8497199470062
2014-10-24,954.6778562776672
2014-10-27,963.1027410745123
2014-10-28,960.5339353986589
2014-10-29,973.9197388990772
2014-10-30,974.0183782815384
2014-10-31,988.4173149566777
2014-11-03,973.5955285256142
2014-11-04,1004.9772893427546
2014-11-05,994.6688815759601
2014-11-06,984.6745117290861
2014-11-07,986.5124725247867
2014-11-10,986.9584501721909
2014-11-11,991.8896095381514
2014-11-12,1000.4176018485308
2014-11-13,1005.7161838524462
2014-11-14,1007.154136636592
2014-11-17,982.5966403600287
2014-11-18,999.3321946526644
2014-11-19,991.651508147011
2014-11-20,988.5357397269892
2014-11-21,994.8519215439513
2014-11-24,990.0761598366242
2014-11-25,998.9848787860493
2014-11-26,1000.3772131475558
2014-11-27,990.6150268473529
2014-11-28,995.2027985103427
2014-12-01,1001.8378521294429
2014-12-02,1000.4597235241164
2014-12-03,995.3333216225639
2014-12-04,1002.7543051189359
2014-12-05,995.8740620499306
2014-12-08,997.7547127357758
2014-12-09,1002.3039275569776
2014-12-10,986.391740723022
2014-12-11,974.1950269094406
2014-12-12,985.1577971371682
2014-12-15,971.748258506263
2014-12-16,960.9918551399203
2014-12-17,956.9761377546669
2014-12-18,962.3275588802117
2014-12-19,980.2608945737582
2014-12-22,978.4244621782669
2014-12-23,973.5407793926514
2014-12-24,984.7882087594952
2014-12-25,982.4650232482386
2014-12-26,987.1590531001453
2014-12-29,985.1144885166829
2014-12-30,979.4341017614202
2014-12-31,975.9798225060058
2015-01-01,975.9798225060058
2015-01-02,974.2481834616538
2015-01-05,972.6366528588492
2015-01-06,951.8090817214038
2015-01-07,948.248519774582
2015-01-08,959.4843401978419
2015-01-09,966.471880943519
2015-01-12,969.5408569960921
2015-01-13,968.7821403701695
2015-01-14,967.7875009922402
2015-01-15,982.4721302156339
2015-01-16,966.3564959842715
2015-01-19,972.2887780386142
2015-01-20,981.9592504497112
2015-01-21,983.8576488482731
2015-01-22,982.2985624945928
2015-01-23,993.0771101447637
2015-01-26,988.725799452186
2015-01-27,1011.0283622447051
2015-01-28,1010.437117818997
2015-01-29,996.7695324728821
2015-01-30,1000.0447277847588
2015-02-02,997.9932936140397
2015-02-03,983.9452356592848
2015-02-04,995.7368001145938
2015-02-05,988.935320109445
2015-02-06,983.1328022094565
2015-02-09,988.043564832228
2015-02-10,983.8377841984262
2015-02-11,976.4112399514223
2015-02-12,998.064926017017
2015-02-13,1000.3546695894538
2015-02-16,1002.9262464841229
2015-02-17,1000.3909348923593
2015-02-18,1013.4342215183746
2015-02-19,1019.579095885575
2015-02-20,1025.7546623362289
2015-02-23,1027.2765038038244
2015-02-24,1029.5420592392684
2015-02-25,1031.3983297830528
2015-02-26,1034.5973156986001
2015-02-27,1036.5394883888398
2015-03-02,1034.418576173328
2015-03-03,1041.393336336315
2015-03-04,1034.3423423819236
2015-03-05,1031.4296476860925
2015-03-06,1034.4406549528696
2015-03-09,1026.9674785699722
2015-03-10,1021.1237835210227
2015-03-11,1020.5919099562126
2015-03-12,1033.5225933837703
2015-03-13,1043.2279451343786
2015-03-16,1041.1369553016114
2015-03-17,1050.7896541796244
2015-03-18,1061.3195008620457
2015-03-19,1061.3264513223012
2015-03-20,1069.9391941616566
2015-03-23,1079.7911259857829
2015-03-24,1074.3319276675256
2015-03-25,1083.721377580217
2015-03-26,1072.0213031494372
2015-03-27,1070.6514536187287
2015-03-30,1068.7460492290174
2015-03-31,1060.1584552745176
2015-04-01,1055.9940659080323
2015-04-02,1069.116374490439
2015-04-03,1075.7461467262349
2015-04-06,1079.7859713477667
2015-04-07,1079.8175754247902
2015-04-08,1093.2413804907367
2015-04-09,1099.8147730658832
2015-04-10,1098.322161505999
2015-04-13,1098.9644073729805
2015-04-14,1107.6858623723456
2015-04-15,1104.177257941326
2015-04-16,1104.5293274395183
2015-04-17,1095.7638566707158
2015-04-20,1088.2134272205656
2015-04-21,1104.262604296713
2015-04-22,1109.070851099892
2015-04-23,1113.1005826019348
2015-04-24,1115.8446523857888
2015-04-27,1116.9327169348933
2015-04-28,1125.6959507685265
2015-04-29,1123.3624896092672
2015-04-30,1095.4300470207536
2015-05-01,1087.978868411751
2015-05-04,1087.4541414770522
2015-05-05,1087.1265132530507
2015-05-06,1091.7774670799877
2015-05-07,1080.5126966316082
2015-05-08,1083.700917552861
2015-05-11,1087.2483083106372
2015-05-12,1088.0244008388006
2015-05-13,1098.294557016803
2015-05-14,1090.2068872467576
2015-05-15,1104.0424384576534
2015-05-18,1106.6468031305903
2015-05-19,1103.0568237103955
2015-05-20,1106.002433890623
2015-05-21,1107.8373758363232
2015-05-22,1107.682901592163
2015-05-25,1113.327133728893
2015-05-26,1102.4865237872602
2015-05-27,1096.8954659244876
2015-05-28,1095.8737197239286
2015-05-29,1097.333392888668
2015-06-01,1094.6213336476924
2015-06-02,1096.4699124287786
2015-06-03,1092.745110429762
2015-06-04,1090.9475991363647
2015-06-05,1079.1509594605186
2015-06-08,1075.7733880538876
2015-06-09,1066.0001308479855
2015-06-10,1075.0291341534055
2015-06-11,1081.0994491379495
2015-06-12,1089.0848322894506
2015-06-15,1086.2851164584908
2015-06-16,1080.2552167164142
2015-06-17,1072.247680216287
2015-06-18,1072.8162678121416
2015-06-19,1085.1172571912655
2015-06-22,1092.532381916481
2015-06-23,1103.0427545716852
2015-06-24,1100.1011766486915
2015-06-25,1100.143498115665
2015-06-26,1094.268528659235
2015-06-29,1075.926748615126
2015-06-30,1082.0581023384957
2015-07-01,1082.1752513498388
2015-07-02,1088.93860374671
2015-07-03,1091.6471233428574
2015-07-06,1070.6745047147238
2015-07-07,1083.2963438587942
2015-07-08,1055.0648191614428
2015-07-09,1058.9780977112346
2015-07-10,1048.8893145680415
2015-07-13,1062.5448051680082
2015-07-14,1074.3957193848044
2015-07-15,1074.7114016698326
2015-07-16,1082.763880280085
2015-07-17,1085.197428745858
2015-07-20,1082.7991914612905
2015-07-21,1093.0517615487431
2015-07-22,1078.5485905849714
2015-07-23,1086.1193686175397
2015-07-24,1084.1684926031257
2015-07-27,1073.1816891992855
2015-07-28,1065.9590435794098
2015-07-29,1064.7508841717067
2015-07-30,1061.7959392034575
2015-07-31,1071.6586602606985
2015-08-03,1067.209603476497
2015-08-04,1067.3138165475107
2015-08-05,1063.928850495948
2015-08-06,1070.113091097308
2015-08-07,1077.7043598398616
2015-08-10,1081.8989371443424
2015-08-11,1074.8067477154407
2015-08-12,1063.8126672970197
2015-08-13,1063.2366337986268
2015-08-14,1063.7097821358304
2015-08-17,1064.0356355812157
2015-08-18,1060.3470194290562
2015-08-19,1044.3399144317568
2015-08-20,1035.9728441430461
2015-08-21,1014.0940829847775
2015-08-24,982.566784533554
2015-08-25,950.8243158433885
2015-08-26,981.9100555366697
2015-08-27,986.7242882771811
2015-08-28,1010.5170537698995
2015-08-31,998.1775545599519
2015-09-01,970.9821427103573
2015-09-02,962.2893882140563
2015-09-03,967.1265613264421
2015-09-04,954.8328204891974
2015-09-07,953.0651932249764
2015-09-08,933.9910301429188
2015-09-09,982.9710078014241
2015-09-10,964.0052825572719
2015-09-11,963.9012978954119
2015-09-14,959.0378664454811
2015-09-15,956.9183101062745
2015-09-16,963.5392479319677
2015-09-17,973.465022265693
2015-09-18,964.4983883393385
2015-09-21,959.126208978182
2015-09-22,961.8945361296962
2015-09-23,956.2873419419022
2015-09-24,942.0589845632119
2015-09-25,944.6039402557047
2015-09-28,946.6259492009104
2015-09-29,907.2169108913308
2015-09-30,931.5941356837872
2015-10-01,953.1623107460721
2015-10-02,961.1637220005821
2015-10-05,969.8156645428802
2015-10-06,976.9056999816428
2015-10-07,989.2480854374326
2015-10-08,982.2890363255502
2015-10-09,999.068323510056
2015-10-12,1003.2967418414328
2015-10-13,996.0588268291016
2015-10-14,982.8642593148276
2015-10-15,1002.0555544422435
2015-10-16,1008.9498481261519
2015-10-19,999.4980309870145
2015-10-20,997.6777031982825
2015-10-21,1013.369914454519
2015-10-22,1005.0814330320153
2015-10-23,1019.8449343165826
2015-10-26,1029.9320599915227
2015-10-27,1026.178926088825
2015-10-28,1027.1351071769475
2015-10-29,1024.150242789427
2015-10-30,1035.0346156862722
2015-11-02,1017.5103819153054
2015-11-03,1015.9657337256425
2015-11-04,1024.9586744868418
2015-11-05,1032.214031938745
2015-11-06,1024.948826333129
2015-11-09,1039.2090762272085
2015-11-10,1036.6864502821759
2015-11-11,1042.473540349783
2015-11-12,1045.380323992805
2015-11-13,1038.9112561017068
2015-11-16,1025.4234969664965
2015-11-17,1032.5729577132158
2015-11-18,1031.5415845704658
2015-11-19,1047.2115658730402
2015-11-20,1051.3644521281801
2015-11-23,1049.3299267458
2015-11-24,1055.6103603871188
2015-11-25,1045.8709674560644
2015-11-26,1051.945951115587
2015-11-27,1042.894064019202
2015-11-30,1033.0020837083866
2015-12-01,1050.3532816287752
2015-12-02,1045.6426898961147
2015-12-03,1046.5242342106699
2015-12-04,1029.4309104175995
2015-12-07,1037.2092442284304
2015-12-08,1028.9401630112002
2015-12-09,1026.7868260706985
2015-12-10,1021.8963939991562
2015-12-11,1030.4618635540874
2015-12-14,1019.7110617499407
2015-12-15,997.1264528834395
2015-12-16,1019.5064518901237
2015-12-17,1029.1896247560808
2015-12-18,1019.5239407327703
2015-12-21,1019.7655580989825
2015-12-22,1022.6407974351309
2015-12-23,1022.6442536609329
2015-12-24,1021.8268460480328
2015-12-25,1020.1474584307488
2015-12-28,1024.4848256874714
2015-12-29,1030.9607023322892
2015-12-30,1033.227957140098
2015-12-31,1035.008735329493
2016-01-01,1035.0087353294932
2016-01-04,1015.0367820131723
2016-01-05,1011.4531842476407
2016-01-06,1004.2934952057105
2016-01-07,986.8401447462701
2016-01-08,984.4520497345176
2016-01-11,983.6909999668209
2016-01-12,952.4595999145624
2016-01-13,976.7022367583486
2016-01-14,953.9100107696237
2016-01-15,958.5771664729954
2016-01-18,944.9503859691621
2016-01-19,946.9411153254586
2016-01-20,919.4318240758881
2016-01-21,889.1728209555149
2016-01-22,928.6066952876917
2016-01-25,941.1718610097611
2016-01-26,922.4161980394384
2016-01-27,943.5677258481971
2016-01-28,938.1132154395544
2016-01-29,955.0882722916898
2016-02-01,978.9781996140292
2016-02-02,976.5911857413877
2016-02-03,963.2822016978746
2016-02-04,959.6675367519239
2016-02-05,947.4133949002992
2016-02-08,964.4818622020395
2016-02-09,925.197388746069
2016-02-10,905.3694974432466
2016-02-11,920.4891322836938
2016-02-12,869.6052189669908
2016-02-15,919.2610251077131
2016-02-16,927.7389816382388
2016-02-17,915.7421065218086
2016-02-18,939.2658361375652
2016-02-19,935.4189210028089
2016-02-22,943.0255528854243
2016-02-23,942.9969472507231
2016-02-24,943.0431843178825
2016-02-25,946.1999595771134
2016-02-26,944.2839383343687
2016-02-29,940.6087603030677
2016-03-01,940.5105497393799
2016-03-02,971.7714520369311
2016-03-03,981.6046412229592
2016-03-04,983.869001571484
2016-03-07,974.253793299353
2016-03-08,973.6510618758929
2016-03-09,963.1647294181603
2016-03-10,972.2566015202985
2016-03-11,976.1243615415057
2016-03-14,989.0704144079604
2016-03-15,989.7300850126566
2016-03-16,979.7373524218037
2016-03-17,998.1138124172522
2016-03-18,987.2344162153421
2016-03-21,986.2798040877769
2016-03-22,1000.338599366424
2016-03-23,989.9703833443136
2016-03-24,985.6553386888778
2016-03-25,991.6481589192866
2016-03-28,996.7042736148876
2016-03-29,1001.2141403463344
2016-03-30,1001.3573097532893
2016-03-31,994.0211658884922
2016-04-01,963.4536553794395
2016-04-04,973.3520960091874
2016-04-05,958.8546827348224
2016-04-06,962.2097109259412
2016-04-07,981.2223561548807
2016-04-08,987.810678181248
2016-04-11,988.5869417287026
2016-04-12,991.1412671437757
2016-04-13,1010.2219042734303
2016-04-14,1036.2706364212108
2016-04-15,1033.146087194507
2016-04-18,1004.9243855240724
2016-04-19,1031.212317488439
2016-04-20,1035.6861899174842
2016-04-21,1054.9432789244584
2016-04-22,1044.8966683528056
2016-04-25,1043.1411994198452
2016-04-26,1038.8150055922667
2016-04-27,1032.8747060531975
2016-04-28,1028.4768917074425
2016-04-29,1039.603685191975
2016-05-02,1015.3806848993195
2016-05-03,1014.6564472054514
2016-05-04,1007.6610056621287
2016-05-05,1004.8405267926071
2016-05-06,1006.7045926012638
2016-05-09,1000.4010595317624
2016-05-10,1013.9138870174222
2016-05-11,1016.5022296028523
2016-05-12,1018.6041406890278
2016-05-13,1005.1754308391239
2016-05-16,1008.7978066774663
2016-05-17,1018.5026110044436
2016-05-18,1010.3923300597306
2016-05-19,1004.7070050789016
2016-05-20,1006.4554387058203
2016-05-23,1008.7539334007984
2016-05-24,996.7215098563688
2016-05-25,1006.2313189259163
2016-05-26,1012.0439475455058
2016-05-27,1016.7875014927238
2016-05-30,1018.2877432798441
2016-05-31,1030.0915643015153
2016-06-01,1029.1907105514747
2016-06-02,1020.3956549646415
2016-06-03,1041.5975665513595
2016-06-06,1036.8202108717207
2016-06-07,1042.6708600928232
2016-06-08,1053.5931765184491
2016-06-09,1047.507173717862
2016-06-10,1038.8755878518898
2016-06-13,1012.180616354992
2016-06-14,1005.7478392530575
2016-06-15,1010.4212695728023
2016-06-16,1000.2580627234876
2016-06-17,1002.4866825696013
2016-06-20,1021.4406160925483
2016-06-21,1033.7545308847348
2016-06-22,1028.4389659773694
2016-06-23,1026.8883376794602
2016-06-24,988.7513198426168
2016-06-27,1016.0304732193672
2016-06-28,1012.2275373349213
2016-06-29,1030.9224927738094
2016-06-30,1033.2363000308333
2016-07-01,1039.9314765627898
2016-07-04,1049.1579536376103
2016-07-05,1051.5741135854855
2016-07-06,1042.6599234998962
2016-07-07,1038.2687948881185
2016-07-08,1028.3909323197254
2016-07-11,1044.1971995661465
2016-07-12,1049.615444758721
2016-07-13,1055.528765852631
2016-07-14,1057.0126948522563
2016-07-15,1053.7344706606245
2016-07-18,1054.0832245446827
2016-07-19,1060.1410146106764
2016-07-20,1060.4388251771757
2016-07-21,1065.0997291582155
2016-07-22,1058.6028589069194
2016-07-25,1055.9516816955736
2016-07-26,1061.725218083991
2016-07-27,1062.2139327770656
2016-07-28,1058.8114137244463
2016-07-29,1084.8966630241064
2016-08-01,1088.5409731491325
2016-08-02,1088.7174577655687
2016-08-03,1064.669895066063
2016-08-04,1067.7326046506053
2016-08-05,1061.1411811139926
2016-08-08,1069.6140454557483
2016-08-09,1083.3948453576068
2016-08-10,1089.871242983084
2016-08-11,1089.6899457618892
2016-08-12,1100.5790030395276
2016-08-15,1097.9517937503003
2016-08-16,1088.6988066313036
2016-08-17,1092.2281007053155
2016-08-18,1078.3918244623915
2016-08-19,1074.6047877771578
2016-08-22,1079.7609298613577
2016-08-23,1082.33769957109
2016-08-24,1083.5299111283766
2016-08-25,1081.7295359337397
2016-08-26,1070.3712865878456
2016-08-29,1068.9173492814493
2016-08-30,1061.5910900008982
2016-08-31,1063.795390145553
2016-09-01,1072.1135055726475
2016-09-02,1066.8263688679374
2016-09-05,1076.3653128365306
2016-09-06,1094.6779898609907
2016-09-07,1101.797087197664
2016-09-08,1101.3739811357589
2016-09-09,1089.879328849559
2016-09-12,1078.9918624317377
2016-09-13,1076.9847008323218
2016-09-14,1068.9003140144637
2016-09-15,1064.6315841196583
2016-09-16,1073.0910311693592
2016-09-19,1079.3476489369796
2016-09-20,1082.614923620996
2016-09-21,1111.39255731458
2016-09-22,1111.939936582623
2016-09-23,1110.3046676759911
2016-09-26,1104.9469588170407
2016-09-27,1118.7418131572392
2016-09-28,1110.8294681516752
2016-09-29,1110.0595066157694
2016-09-30,1098.2715612280576
2016-10-03,1103.6502851930773
2016-10-04,1097.3398074791603
2016-10-05,1094.1778088196202
2016-10-06,1092.9697888310889
2016-10-07,1095.7386254697758
2016-10-10,1091.7231607173326
2016-10-11,1094.5053954403013
2016-10-12,1081.1693853348272
2016-10-13,1084.1969020890895
2016-10-14,1079.4737263557251
2016-10-17,1083.9744743831895
2016-10-18,1089.6090527506874
2016-10-19,1095.5345804957003
2016-10-20,1098.223298448028
2016-10-21,1092.9995412498006
2016-10-24,1092.8801947469094
2016-10-25,1096.3616832955806
2016-10-26,1100.6225970499675
2016-10-27,1093.4779896214343
2016-10-28,1092.570434172713
2016-10-31,1092.9145934268456
2016-11-01,1098.0586888663702
2016-11-02,1091.9425017657184
2016-11-03,1091.6433048976178
2016-11-04,1077.1402090267454
2016-11-07,1075.1584454562133
2016-11-08,1073.0555346299084
2016-11-09,1033.1129625840983
2016-11-10,1064.0122487471815
2016-11-11,1055.0546129068919
2016-11-14,1048.1496689890726
2016-11-15,1044.096955986583
2016-11-16,1046.7043288648983
2016-11-17,1051.9689121971464
2016-11-18,1043.5504585325195
2016-11-21,1050.3250438278628
2016-11-22,1052.22581622586
2016-11-23,1039.8935546430052
2016-11-24,1044.1519837142898
2016-11-25,1049.1795395609606
2016-11-28,1055.311004216288
2016-11-29,1051.3114785540768
2016-11-30,1045.9261037234014
2016-12-01,1047.0384743746258
2016-12-02,1037.6184981665388
2016-12-05,1027.7070304556498
2016-12-06,1033.9437221522219
2016-12-07,1041.6696881178877
2016-12-08,1046.4108331411599
2016-12-09,1043.3285989816634
2016-12-12,1048.3860697080743
2016-12-13,1056.5071881170336
2016-12-14,1057.1290210856366
2016-12-15,1028.583265996689
2016-12-16,1032.8990730790285
2016-12-19,1044.9212981648107
2016-12-20,1041.4593877693942
2016-12-21,1039.3341111439004
2016-12-22,1039.1358024365377
2016-12-23,1040.5813582756837
2016-12-26,1040.8532464496886
2016-12-27,1036.651241419287
2016-12-28,1035.9628113296187
2016-12-29,1035.2818327097184
2016-12-30,1035.9379577992459
2017-01-02,1035.9379577992456
2017-01-03,1026.0299182805772
2017-01-04,1048.1963454150473
2017-01-05,1066.8599910797839
2017-01-06,1061.9331210623932
2017-01-09,1063.3428076085522
2017-01-10,1069.3848640676565
2017-01-11,1063.7947652063833
2017-01-12,1073.6515020321008
2017-01-13,1072.819036478998
2017-01-16,1071.302541685975
2017-01-17,1067.675232924479
2017-01-18,1068.6701696773707
2017-01-19,1058.1788007176845
2017-01-20,1061.727912093753
2017-01-23,1067.0059917465508
2017-01-24,1063.5584723398142
2017-01-25,1071.40627203736
2017-01-26,1075.0439848029434
2017-01-27,1075.9257851692391
2017-01-30,1082.5087669271263
2017-01-31,1080.4143700368836
2017-02-01,1077.4708219675256
2017-02-02,1074.9679894381318
2017-02-03,1079.7518383869894
2017-02-06,1082.5451252599373
2017-02-07,1080.5267756268245
2017-02-08,1089.4366713596476
2017-02-09,1075.337771781362
2017-02-10,1088.9391299003676
2017-02-13,1090.5150570340918
2017-02-14,1074.8471787138837
2017-02-15,1080.1998140426442
2017-02-16,1088.514865609312
2017-02-17,1090.317286881271
2017-02-20,1088.9597216672255
2017-02-21,1088.3196694562318
2017-02-22,1092.1476195943928
2017-02-23,1099.595768710998
2017-02-24,1098.976932237019
2017-02-27,1094.730678209844
2017-02-28,1094.6368166445307
2017-03-01,1091.3520813332827
2017-03-02,1092.1404855375981
2017-03-03,1086.2937303856713
2017-03-06,1089.538399613929
2017-03-07,1087.7575369968233
2017-03-08,1079.8228777826187
2017-03-09,1079.0294194734804
2017-03-10,1091.8076708010333
2017-03-13,1097.0563343441715
2017-03-14,1095.0353213383632
2017-03-15,1093.0232774291042
2017-03-16,1111.1610263464186
2017-03-17,1110.256644182835
2017-03-20,1112.1654558560456
2017-03-21,1117.4965884756693
2017-03-22,1107.5363588132914
2017-03-23,1109.1740244819173
2017-03-24,1117.993269621979
2017-03-27,1111.0448490917922
2017-03-28,1125.991866365601
2017-03-29,1127.1955570371388
2017-03-30,1114.944799935374
2017-03-31,1106.325723887873
2017-04-03,1117.3761971649944
2017-04-04,1115.0673747332728
2017-04-05,1114.0480607672928
2017-04-06,1102.1036315580127
2017-04-07,1109.4181678404432
2017-04-10,1109.2462440154425
2017-04-11,1118.3180301813613
2017-04-12,1113.3526217160054
2017-04-13,1109.3827011285832
2017-04-14,1102.5574803139536
2017-04-17,1115.7911331630178
2017-04-18,1114.1922021969533
2017-04-19,1111.687361680535
2017-04-20,1110.1836406634573
2017-04-21,1118.2861073338015
2017-04-24,1122.7247163087068
2017-04-25,1123.8153715435442
2017-04-26,1127.2917740373773
2017-04-27,1132.711952338363
2017-04-28,1126.7460981629042
2017-05-01,1130.8266016021648
2017-05-02,1133.7719699907739
2017-05-03,1131.9862375323862
2017-05-04,1128.429046222321
2017-05-05,1127.6215064523549
2017-05-08,1149.896664911967
2017-05-09,1139.9212685863113
2017-05-10,1144.5130846373556
2017-05-11,1148.0505938428432
2017-05-12,1150.3369071491286
2017-05-15,1151.2559801265245
2017-05-16,1159.2134879855676
2017-05-17,1171.2244029400165
2017-05-18,1162.9299297598411
2017-05-19,1158.7831567339108
2017-05-22,1169.2794902532376
2017-05-23,1169.5520511878212
2017-05-24,1168.2175000351226
2017-05-25,1172.6667897330149
2017-05-26,1175.394262200479
2017-05-29,1177.1802964161302
2017-05-30,1182.324760364301
2017-05-31,1186.231052064696
2017-06-01,1192.0510850737385
2017-06-02,1214.2340732737418
2017-06-05,1218.4843560935167
2017-06-06,1218.9356420950814
2017-06-07,1219.2657015990776
2017-06-08,1206.5771580240978
2017-06-09,1202.7475995050145
2017-06-12,1203.9892887178303
2017-06-13,1204.5835988393349
2017-06-14,1212.8903011405166
2017-06-15,1196.9103349572315
2017-06-16,1200.136538734341
2017-06-19,1206.1476166124157
2017-06-20,1209.7954054652744
2017-06-21,1206.936459863014
2017-06-22,1209.726134716139
2017-06-23,1210.7679037305709
2017-06-26,1212.5323984353436
2017-06-27,1207.6070085825752
2017-06-28,1202.023566935499
2017-06-29,1204.1965099288268
2017-06-30,1193.6113149933356
2017-07-03,1184.046051090486
2017-07-04,1176.430160133902
2017-07-05,1181.1587381920674
2017-07-06,1180.089751700394
2017-07-07,1168.233933685713
2017-07-10,1175.134572115452
2017-07-11,1181.367849649727
2017-07-12,1190.4693032072562
2017-07-13,1192.0138200677397
2017-07-14,1202.3305318346418
2017-07-17,1200.8432462064432
2017-07-18,1208.5107736673096
2017-07-19,1212.0479241828787
2017-07-20,1220.2157285099534
2017-07-21,1224.8854094816354
2017-07-24,1220.6558125500649
2017-07-25,1214.2540389877631
2017-07-26,1211.083989442496
2017-07-27,1223.1796687418957
2017-07-28,1222.760126887476
2017-07-31,1226.145213696544
2017-08-01,1235.0909033241255
2017-08-02,1238.7039429731522
2017-08-03,1240.0711491641775
2017-08-04,1229.782885567881
2017-08-07,1233.1737553219714
2017-08-08,1232.514692062423
2017-08-09,1225.5821405995441
2017-08-10,1229.7316532652362
2017-08-11,1228.1543796728513
2017-08-14,1217.6957952286277
2017-08-15,1219.172827982162
2017-08-16,1218.21706728553
2017-08-17,1224.9415486854823
2017-08-18,1223.308629926589
2017-08-21,1221.4307823173162
2017-08-22,1217.6346054114215
2017-08-23,1225.234321284421
2017-08-24,1217.5064833851054
2017-08-25,1221.577926863992
2017-08-28,1224.4154897150152
2017-08-29,1226.57486422143
2017-08-30,1220.139852261402
2017-08-31,1227.201816440202
2017-09-01,1228.2541024541028
2017-09-04,1223.9641969113595
2017-09-05,1221.8806190698092
2017-09-06,1224.1217642119939
2017-09-07,1231.5040457331643
2017-09-08,1235.3414923181176
2017-09-11,1241.4560965477851
2017-09-12,1241.8876856067034
2017-09-13,1240.6015821283215
2017-09-14,1234.9643769718043
2017-09-15,1234.6891915001013
2017-09-18,1233.2341740838572
2017-09-19,1250.7413113951663
2017-09-20,1252.1147182739605
2017-09-21,1240.43791303558
2017-09-22,1240.0871884111598
2017-09-25,1243.445450182559
2017-09-26,1234.4875068424549
2017-09-27,1234.1967475709837
2017-09-28,1239.8156978396828
2017-09-29,1240.235811449187
2017-10-02,1240.2163634671372
2017-10-03,1248.1035449233552
2017-10-04,1250.2893160372587
2017-10-05,1250.2716031948053
2017-10-06,1250.7297492705986
2017-10-09,1251.4784951542822
2017-10-10,1266.2770263833904
2017-10-11,1264.2684100408276
2017-10-12,1269.4222219083535
2017-10-13,1280.816102164982
2017-10-16,1289.3281144686018
2017-10-17,1286.293887364561
2017-10-18,1281.8441072721944
2017-10-19,1289.762624708173
2017-10-20,1283.1248841830707
2017-10-23,1289.1284029270205
2017-10-24,1291.404040487937
2017-10-25,1288.5107304068017
2017-10-26,1286.6298542490601
2017-10-27,1298.6788339650104
2017-10-30,1304.587408370811
2017-10-31,1300.8417837652962
2017-11-01,1316.7024100052975
2017-11-02,1321.8949788812777
2017-11-03,1318.3620435822834
2017-11-06,1319.89753361057
2017-11-07,1338.0410008417232
2017-11-08,1347.9760760606925
2017-11-09,1347.7144676337389
2017-11-10,1345.6531205450053
2017-11-13,1334.6581968258356
2017-11-14,1333.7882439261818
2017-11-15,1315.115210557746
2017-11-16,1332.5922609220809
2017-11-17,1342.2285527330243
2017-11-20,1337.0069891958206
2017-11-21,1348.4877957922295
2017-11-22,1361.0507358205614
2017-11-23,1363.4595763396617
2017-11-24,1367.5579080446346
2017-11-27,1368.6764317720101
2017-11-28,1361.2684137155336
2017-11-29,1358.8558463048882
2017-11-30,1352.7707121296496
2017-12-01,1349.3432862718776
2017-12-04,1341.623615347246
2017-12-05,1337.0211611374466
2017-12-06,1322.258478529792
2017-12-07,1335.1026612739797
2017-12-08,1343.2328548129826
2017-12-11,1353.3431380830723
2017-12-12,1346.5454889341788
2017-12-13,1348.002301557504
2017-12-14,1349.2005746841676
2017-12-15,1342.346551686433
2017-12-18,1364.8553682152299
2017-12-19,1356.6957168801125
2017-12-20,1353.4860891345854
2017-12-21,1353.0711224087925
2017-12-22,1358.6710666649492
2017-12-25,1362.3933313901582
2017-12-26,1360.268945671457
2017-12-27,1361.3056607897047
2017-12-28,1361.6634363926828
2017-12-29,1362.3217563924989
2018-01-01,1362.3217563924989
2018-01-02,1370.0789475646907
2018-01-03,1369.3979017690176
2018-01-04,1399.9605377946268
2018-01-05,1404.4607390663996
2018-01-08,1407.487052212304
2018-01-09,1421.6109584862725
2018-01-10,1430.709781503421
2018-01-11,1424.7001866955757
2018-01-12,1420.1197468997898
2018-01-15,1435.5605619707756
2018-01-16,1449.5252792670224
2018-01-17,1449.1247935429656
2018-01-18,1439.263969084561
2018-01-19,1451.2877011138903
2018-01-22,1453.28139416363
2018-01-23,1475.5708230094951
2018-01-24,1478.4804760734198
2018-01-25,1468.489943936278
2018-01-26,1469.0451148274756
2018-01-29,1459.9670056289651
2018-01-30,1445.7308151367954
2018-01-31,1431.6958632355436
2018-02-01,1445.3399255946495
2018-02-02,1426.3420524110093
2018-02-05,1397.6389574190434
2018-02-06,1344.9531259019163
2018-02-07,1352.110043195113
2018-02-08,1366.5235014483856
2018-02-09,1344.1986146427432
2018-02-12,1347.2819757001364
2018-02-13,1357.8588229349125
2018-02-14,1360.5491183149434
2018-02-15,1383.1884583825715
2018-02-16,1395.9785981669468
2018-02-19,1415.9675849395933
2018-02-20,1399.030872716828
2018-02-21,1398.886642633697
2018-02-22,1392.527896911858
2018-02-23,1406.2941015824892
2018-02-26,1416.0246815015905
2018-02-27,1423.02608224977
2018-02-28,1415.6640679664617
2018-03-01,1393.730892560605
2018-03-02,1385.6717890678428
2018-03-05,1366.7801454382798
2018-03-06,1387.97913285226
2018-03-07,1375.143061051859
2018-03-08,1385.9169690659567
2018-03-09,1386.2539545119473
2018-03-12,1410.6931026838452
2018-03-13,1418.9460234675164
2018-03-14,1415.7290286105144
2018-03-15,1419.7933159729882
2018-03-16,1412.8568317573813
2018-03-19,1404.4932006595393
2018-03-20,1389.3221692966706
2018-03-21,1388.7938185579096
2018-03-22,1408.824186303454
2018-03-23,1362.7771205342738
2018-03-26,1369.1032494893163
2018-03-27,1393.5546946205943
2018-03-28,1373.416818267708
2018-03-29,1378.7594081450056
2018-03-30,1389.614236792331
2018-04-02,1385.9847489024478
2018-04-03,1379.0168319941606
2018-04-04,1371.3391316974319
2018-04-05,1377.3555057870144
2018-04-06,1377.919187346143
2018-04-09,1385.5739766038778
2018-04-10,1388.9523619249526
2018-04-11,1390.940994079145
2018-04-12,1380.6089121069308
2018-04-13,1384.7768207679485
2018-04-16,1388.3869763811326
2018-04-17,1387.3544960647123
2018-04-18,1406.6404626631993
2018-04-19,1403.1729186085395
2018-04-20,1396.5148561537017
2018-04-23,1383.1419976478378
2018-04-24,1389.659178959147
2018-04-25,1380.8628633209507
2018-04-26,1384.0125611473227
2018-04-27,1391.4578250281293
2018-04-30,1392.634252273471
2018-05-01,1388.73331485724
2018-05-02,1385.5208087912447
2018-05-03,1393.272365422002
2018-05-04,1389.5726394511635
2018-05-07,1388.5151717881822
2018-05-08,1395.3699569386156
2018-05-09,1384.6355886900867
2018-05-10,1388.8590302473651
2018-05-11,1410.782913264951
2018-05-14,1420.2954387536668
2018-05-15,1406.5957770498908
2018-05-16,1401.2989540987996
2018-05-17,1399.934484024228
2018-05-18,1406.132840931144
2018-05-21,1407.299701358286
2018-05-22,1407.5019677388939
2018-05-23,1405.1310432282107
2018-05-24,1404.1788459389
2018-05-25,1402.2089119760003
2018-05-28,1406.7686100129122
2018-05-29,1403.9778084058512
2018-05-30,1384.4601651501482
2018-05-31,1399.8917004269504
2018-06-01,1386.364665823496
2018-06-04,1401.6358446820218
2018-06-05,1402.9312761313358
2018-06-06,1401.6391649667758
2018-06-07,1411.9027523541265
2018-06-08,1410.6539018194026
2018-06-11,1411.286183224108
2018-06-12,1412.3073842770004
2018-06-13,1411.7590727365648
2018-06-14,1395.6544383801106
2018-06-15,1398.867201014209
2018-06-18,1387.6210994685018
2018-06-19,1368.4019333401193
2018-06-20,1379.5412726994257
2018-06-21,1383.044775007037
2018-06-22,1381.5812352056719
2018-06-25,1366.4720454597007
2018-06-26,1363.1118809898328
2018-06-27,1355.4554830847335
2018-06-28,1355.5756285229704
2018-06-29,1355.1047364271124
2018-07-02,1330.3306478877716
2018-07-03,1329.7463817419473
2018-07-04,1325.39985917668
2018-07-05,1312.9267640251805
2018-07-06,1325.8122029725735
2018-07-09,1342.0383394679134
2018-07-10,1341.1997813263995
2018-07-11,1328.8777954181073
2018-07-12,1328.083091605224
2018-07-13,1348.200655555341
2018-07-16,1348.6437367168169
2018-07-17,1348.8432086159212
2018-07-18,1351.23603877801
2018-07-19,1347.737656982701
2018-07-20,1359.180825894204
2018-07-23,1352.5543941123706
2018-07-24,1361.193808663761
2018-07-25,1368.1708042253908
2018-07-26,1369.5085263254205
2018-07-27,1378.476849425025
2018-07-30,1366.9316305758955
2018-07-31,1351.4012707640252
2018-08-01,1358.2119719565792
2018-08-02,1345.8983952434367
2018-08-03,1345.7086575047842
2018-08-06,1340.1051667454549
2018-08-07,1354.7541835054044
2018-08-08,1356.8763959367022
2018-08-09,1357.2678539431856
2018-08-10,1340.6686367174495
2018-08-13,1314.0778552411978
2018-08-14,1332.8951607612662
2018-08-15,1325.4817374645177
2018-08-16,1314.0860263892264
2018-08-17,1323.0659440075542
2018-08-20,1324.457131744169
2018-08-21,1323.9625807057591
2018-08-22,1332.5683295286765
2018-08-23,1325.451878320432
2018-08-24,1331.7086565988225
2018-08-27,1352.2656638528529
2018-08-28,1352.8003469989624
2018-08-29,1352.4844048369785
2018-08-30,1355.7157052481382
2018-08-31,1361.0105103395338
2018-09-03,1349.8424206445852
2018-09-04,1348.7957767470966
2018-09-05,1331.018946227616
2018-09-06,1326.7997281779928
2018-09-07,1316.7980307028122
2018-09-10,1313.4720354836736
2018-09-11,1319.757436415976
2018-09-12,1318.418197655611
2018-09-13,1325.1674570537418
2018-09-14,1339.5097129154424
2018-09-17,1339.3332770184913
2018-09-18,1354.2355237243708
2018-09-19,1373.8193179870987
2018-09-20,1371.6307568985467
2018-09-21,1381.0125419741562
2018-09-24,1377.99700933153
2018-09-25,1384.5635682776792
2018-09-26,1396.8705861785825
2018-09-27,1378.7883180112738
2018-09-28,1390.621372920696
2018-10-01,1387.603402379574
2018-10-02,1387.5687157614861
2018-10-03,1370.9599097021608
2018-10-04,1363.3047277594353
2018-10-05,1352.550705196482
2018-10-08,1356.1572861540749
2018-10-09,1332.679860187009
2018-10-10,1334.54940043587
2018-10-11,1288.176623912632
2018-10-12,1300.4228527471055
2018-10-15,1282.8954021896986
2018-10-16,1283.9703245967753
2018-10-17,1304.0865754918443
2018-10-18,1290.4782510705209
2018-10-19,1283.1694363998786
2018-10-22,1285.710053672852
2018-10-23,1255.3650967466683
2018-10-24,1250.4039252424507
2018-10-25,1212.4178515749516
2018-10-26,1214.7874179984915
2018-10-29,1199.591841816775
2018-10-30,1212.6930549337985
2018-10-31,1241.5475750147498
2018-11-01,1240.2014879977824
2018-11-02,1272.2310546115657
2018-11-05,1250.6174589141908
2018-11-06,1259.8996595860024
2018-11-07,1260.5308056624187
2018-11-08,1274.5757467736928
2018-11-09,1262.7261821283125
2018-11-12,1262.7550115640554
2018-11-13,1242.5427825921424
2018-11-14,1244.38707590385
2018-11-15,1252.0480218023947
2018-11-16,1246.6203225775912
2018-11-19,1261.5577850542052
2018-11-20,1239.0884830966754
2018-11-21,1235.6457554122178
2018-11-22,1245.5604609937304
2018-11-23,1247.322587215194
2018-11-26,1247.5036761746687
2018-11-27,1250.4409422155668
2018-11-28,1261.0648180823978
2018-11-29,1273.7615949277267
2018-11-30,1277.0545955348193
2018-12-03,1298.4605704462533
2018-12-04,1279.5791894270653
2018-12-05,1270.652104477303
2018-12-06,1248.2721615617156
2018-12-07,1256.1130844124725
2018-12-10,1225.4089274122423
2018-12-11,1217.7037375561379
2018-12-12,1246.9355591638555
2018-12-13,1249.7963123026047
2018-12-14,1230.0309967631931
2018-12-17,1237.532517229682
2018-12-18,1215.7015970242787
2018-12-19,1218.0028854609789
2018-12-20,1194.3591800109818
2018-12-21,1184.3410736597168
2018-12-24,1189.0426677965024
2018-12-25,1137.4906484097512
2018-12-26,1150.1923484730448
2018-12-27,1194.0843402818643
2018-12-28,1189.759973401184
2018-12-31,1198.167300321554
2019-01-01,1198.1673003215542
2019-01-02,1197.582135405632
2019-01-03,1211.5046325600956
2019-01-04,1186.4213085542228
2019-01-07,1215.5580485244016
2019-01-08,1216.5066689914127
2019-01-09,1239.2886914459896
2019-01-10,1224.1063266872743
2019-01-11,1228.0764511361888
2019-01-14,1227.0210396171306
2019-01-15,1238.476488725791
2019-01-16,1235.115237645167
2019-01-17,1234.9100959251523
2019-01-18,1241.3808137619858
2019-01-21,1243.9136033468762
2019-01-22,1238.2778132387734
2019-01-23,1230.242444207046
2019-01-24,1232.9913299117552
2019-01-25,1245.9242511832017
2019-01-28,1245.2847231354413
2019-01-29,1244.4352440435032
2019-01-30,1239.2048526568628
2019-01-31,1263.818816284583
2019-02-01,1262.1510283295786
2019-02-04,1266.3470441422917
2019-02-05,1269.5757577113877
2019-02-06,1270.2489862466025
2019-02-07,1265.4724637349336
2019-02-08,1248.7894158083468
2019-02-11,1243.464947219462
2019-02-12,1268.14878016422
2019-02-13,1282.7105762700396
2019-02-14,1283.951871965091
2019-02-15,1271.6527450549177
2019-02-18,1289.1036478168546
2019-02-19,1291.968263175997
2019-02-20,1299.180417305831
2019-02-21,1303.033595911944
2019-02-22,1302.704797817056
2019-02-25,1312.1670771312204
2019-02-26,1309.2895228464856
2019-02-27,1310.7759824486561
2019-02-28,1297.4524911058422
2019-03-01,1302.3510887986818
2019-03-04,1314.4594065696806
2019-03-05,1306.654317751136
2019-03-06,1305.6924510517063
2019-03-07,1295.1214866031542
2019-03-08,1277.0094734424088
2019-03-11,1283.08384147915
2019-03-12,1302.098656720401
2019-03-13,1294.8924516754812
2019-03-14,1286.667653491296
2019-03-15,1297.8945940027058
2019-03-18,1309.0305672201137
2019-03-19,1304.9186836868869
2019-03-20,1304.5175844490973
2019-03-21,1309.1716742556362
2019-03-22,1320.9439961934158
2019-03-25,1285.302006464188
2019-03-26,1309.4663417508484
2019-03-27,1320.3091363947956
2019-03-28,1301.915160082006
2019-03-29,1313.050461469139
2019-04-01,1324.2197328933903
2019-04-02,1319.5068568132065
2019-04-03,1328.9665377531005
2019-04-04,1326.6961782933838
2019-04-05,1327.6395337395675
2019-04-08,1330.0997506897575
2019-04-09,1334.3787377305082
2019-04-10,1331.0018796153995
2019-04-11,1324.8826748225522
2019-04-12,1321.0523674152562
2019-04-15,1337.146724064035
2019-04-16,1339.165882191173
2019-04-17,1338.616375547975
2019-04-18,1328.6892373252936
2019-04-19,1334.509502513111
2019-04-22,1335.6114204878024
2019-04-23,1338.0686383275536
2019-04-24,1336.6643919799287
2019-04-25,1343.728412172338
2019-04-26,1343.142925171061
2019-04-29,1343.042653833597
2019-04-30,1345.0747262618916
2019-05-01,1347.1721232012965
2019-05-02,1348.6066379506685
2019-05-03,1352.8080156455135
2019-05-06,1347.54137017373
2019-05-07,1340.3335135311515
2019-05-08,1321.5243230280523
2019-05-09,1310.503837612054
2019-05-10,1309.3783200247274
2019-05-13,1305.1632919659085
2019-05-14,1290.8097035602
2019-05-15,1306.1209797154318
2019-05-16,1298.0698640870792
2019-05-17,1309.7018577703425
2019-05-20,1308.6699286536618
2019-05-21,1298.4466602358623
2019-05-22,1299.532980617612
2019-05-23,1298.5145041544115
2019-05-24,1304.547933164168
2019-05-27,1306.0120805943106
2019-05-28,1311.4709698743536
2019-05-29,1299.3097851373125
2019-05-30,1283.7047536071082
2019-05-31,1283.8362651292273
2019-06-03,1274.9743473326516
2019-06-04,1268.387439129685
2019-06-05,1296.424229585172
2019-06-06,1294.2030592427427
2019-06-07,1301.2231764536841
2019-06-10,1320.1410942947807
2019-06-11,1326.354756526309
2019-06-12,1317.540194997646
2019-06-13,1310.410535633728
2019-06-14,1314.892610084414
2019-06-17,1310.1587739643205
2019-06-18,1308.604800061179
2019-06-19,1335.665411430722
2019-06-20,1354.4950426058201
2019-06-21,1338.5167530787105
2019-06-24,1343.595948522255
2019-06-25,1343.4921072108189
2019-06-26,1331.3967172513226
2019-06-27,1347.3416974919253
2019-06-28,1346.7885842211108
2019-07-01,1365.9155217638208
2019-07-02,1375.086653242633
2019-07-03,1372.153317184405
2019-07-04,1377.9657741711605
2019-07-05,1373.0884048607836
2019-07-08,1355.0343097821446
2019-07-09,1349.1529666869396
2019-07-10,1347.8794824701433
2019-07-11,1357.8022525584813
2019-07-12,1360.9064609702295
2019-07-15,1361.472941901675
2019-07-16,1351.5482161593793
2019-07-17,1353.4208946021388
2019-07-18,1334.8373168966446
2019-07-19,1361.3157948888506
2019-07-22,1350.2538985823376
2019-07-23,1358.1594992574248
2019-07-24,1364.1956879835843
2019-07-25,1363.4364224583985
2019-07-26,1358.1898109438664
2019-07-29,1352.6259289196742
2019-07-30,1359.6753502451986
2019-07-31,1352.7988882735808
2019-08-01,1354.5337742907916
2019-08-02,1347.5572609175142
2019-08-05,1325.8180760943135
2019-08-06,1315.8967515423503
2019-08-07,1327.6223924339154
2019-08-08,1325.2391523267866
2019-08-09,1333.6445587040748
2019-08-12,1335.9095927538629
2019-08-13,1308.0658326739142
2019-08-14,1324.577165933342
2019-08-15,1312.4380813401128
2019-08-16,1313.3910286911391
2019-08-19,1322.6100234033565
2019-08-20,1334.6088125024291
2019-08-21,1327.9949648344927
2019-08-22,1324.8893136327067
2019-08-23,1334.8624997983995
2019-08-26,1310.082950876042
2019-08-27,1319.7350796346784
2019-08-28,1320.0351024682984
2019-08-29,1316.071588237341
2019-08-30,1331.8643467778488
2019-09-02,1322.6845669958016
2019-09-03,1328.6830002287336
2019-09-04,1334.883747213294
2019-09-05,1347.7663222291062
2019-09-06,1354.2991887380779
2019-09-09,1361.502608714288
2019-09-10,1353.42466929604
2019-09-11,1360.912067272149
2019-09-12,1368.2932356862862
2019-09-13,1383.0479400451316
2019-09-16,1380.8787537477701
2019-09-17,1376.090537207333
2019-09-18,1373.2676810476014
2019-09-19,1379.4083353827891
2019-09-20,1379.748525129535
2019-09-23,1383.162001439852
2019-09-24,1389.6824304936092
2019-09-25,1379.855837366111
2019-09-26,1378.9670212720002
2019-09-27,1371.6721561883649
2019-09-30,1364.7973283450133
2019-10-01,1375.0604692162947
2019-10-02,1372.386917050695
2019-10-03,1361.8495602845496
2019-10-04,1362.7862856836082
2019-10-07,1363.7824662273024
2019-10-08,1372.4117905107664
2019-10-09,1362.486291376429
2019-10-10,1357.166759671054
2019-10-11,1362.0715547964053
2019-10-14,1365.7446558792012
2019-10-15,1378.6890813303114
2019-10-16,1389.863609562444
2019-10-17,1391.1503638530426
2019-10-18,1388.3448766681918
2019-10-21,1391.0299698029723
2019-10-22,1391.8362737233085
2019-10-23,1393.5346417511946
2019-10-24,1398.6146844590853
2019-10-25,1404.6594030524695
2019-10-28,1403.093631542881
2019-10-29,1413.0702750691617
2019-10-30,1415.3354881691787
2019-10-31,1431.1396031238746
2019-11-01,1436.4561656357757
2019-11-04,1436.3965400419313
2019-11-05,1447.4242845673446
2019-11-06,1446.5586047247743
2019-11-07,1447.6707269714352
2019-11-08,1447.0505352318808
2019-11-11,1440.4018337745183
2019-11-12,1445.2322059813027
2019-11-13,1440.1448658617646
2019-11-14,1430.8127512677793
2019-11-15,1436.6135047611126
2019-11-18,1448.508644364429
2019-11-19,1448.3546152846152
2019-11-20,1443.507223362217
2019-11-21,1438.7147330970963
2019-11-22,1440.2078869900022
2019-11-25,1449.656341130414
2019-11-26,1451.5252902281652
2019-11-27,1452.639932704512
2019-11-28,1449.3227785589304
2019-11-29,1438.6837514341653
2019-12-02,1455.4358270721616
2019-12-03,1457.108706448101
2019-12-04,1444.094715258047
2019-12-05,1448.712003587501
2019-12-06,1453.6302052696178
2019-12-09,1457.7398549647555
2019-12-10,1455.624722659094
2019-12-11,1451.0554072281093
2019-12-12,1449.2741650122944
2019-12-13,1476.5950168683466
2019-12-16,1467.3988438257663
2019-12-17,1478.1042309798
2019-12-18,1467.664603498028
2019-12-19,1466.734739716329
2019-12-20,1463.0663296202235
2019-12-23,1465.0654472760746
2019-12-24,1466.038471490362
2019-12-25,1463.9780375222906
2019-12-26,1466.933408407147
2019-12-27,1470.0380451716112
2019-12-30,1470.5874937149604
2019-12-31,1473.2393784832113
2020-01-01,1473.2393784832116
2020-01-02,1483.563273756823
2020-01-03,1486.7456249891382
2020-01-06,1464.8880490682466
2020-01-07,1485.6920829384437
2020-01-08,1467.3427009771813
2020-01-09,1483.9156805394148
2020-01-10,1493.64968313515
2020-01-13,1491.1550400776164
2020-01-14,1498.3037237197448
2020-01-15,1490.7396475520284
2020-01-16,1490.799537741405
2020-01-17,1492.3953434797643
2020-01-20,1494.1473881709835
2020-01-21,1479.2802488904795
2020-01-22,1493.6355160817432
2020-01-23,1488.7627962621627
2020-01-24,1492.285881397313
2020-01-27,1477.211449156676
2020-01-28,1464.9014519905502
2020-01-29,1464.6080390321908
2020-01-30,1445.565128846351
2020-01-31,1457.069667235309
2020-02-03,1445.6247933299276
2020-02-04,1448.615177271814
2020-02-05,1457.139187316017
2020-02-06,1484.377492297608
2020-02-07,1481.198703932114
2020-02-10,1469.763658599334
2020-02-11,1470.1615907001835
2020-02-12,1471.6041261303274
2020-02-13,1470.5753474338976
2020-02-14,1464.7231551065079
2020-02-17,1451.2438295303543
2020-02-18,1432.9225467083884
2020-02-19,1431.942702807622
2020-02-20,1418.2055633125758
2020-02-21,1416.3119334959863
2020-02-24,1422.2336524958007
2020-02-25,1391.5803032661483
2020-02-26,1374.9873071513302
2020-02-27,1355.2985031572887
2020-02-28,1330.3930864714239
2020-03-02,1344.2529093411804
2020-03-03,1334.4539801780184
2020-03-04,1338.0587651879698
2020-03-05,1363.250952765235
2020-03-06,1347.187162065446
2020-03-09,1310.8000596131137
2020-03-10,1318.4888714064532
2020-03-11,1285.5646769674865
2020-03-12,1224.3240190378956
2020-03-13,1162.5037298782893
2020-03-16,1140.9460101665447
2020-03-17,1150.8253353528137
2020-03-18,1144.8849270436676
2020-03-19,1130.2280995928486
2020-03-20,1126.1979224823517
2020-03-23,1115.4054748631117
2020-03-24,1152.452079013072
2020-03-25,1228.3747538556086
2020-03-26,1224.4686450444024
2020-03-27,1284.4677569638038
2020-03-30,1276.5586867693519
2020-03-31,1266.5214493013636
2020-04-01,1232.3508055921475
2020-04-02,1214.4375470129232
2020-04-03,1209.5469867576994
2020-04-06,1243.3798038087502
2020-04-07,1271.799988622333
2020-04-08,1296.3926315577864
2020-04-09,1292.0111769505197
2020-04-10,1298.369146225112
2020-04-13,1288.969916476273
2020-04-14,1322.899144912918
2020-04-15,1327.4053891602775
2020-04-16,1311.3975722442544
2020-04-17,1335.5587756203845
2020-04-20,1320.5596503848901
2020-04-21,1300.9205837664558
2020-04-22,1297.019776548172
2020-04-23,1306.3643797467416
2020-04-24,1303.432418524217
2020-04-27,1327.5958547352038
2020-04-28,1332.9888139350767
2020-04-29,1337.3551788099737
2020-04-30,1344.7650772919458
2020-05-01,1320.9812226150534
2020-05-04,1312.4687318102915
2020-05-05,1318.2676879174203
2020-05-06,1326.8222549087072
2020-05-07,1326.4834502856368
2020-05-08,1349.2846065167773
2020-05-11,1351.0000590077252
2020-05-12,1355.277815699799
2020-05-13,1357.221205305359
2020-05-14,1338.4062174687872
2020-05-15,1343.029888033924
2020-05-18,1345.2347493758837
2020-05-19,1363.1202135189906
2020-05-20,1378.1774641455263
2020-05-21,1370.7812577217417
2020-05-22,1353.6365920981693
2020-05-25,1369.3162627516053
2020-05-26,1397.3486660064473
2020-05-27,1397.6039990561262
2020-05-28,1422.3371635805338
2020-05-29,1416.8782097040973
2020-06-01,1435.6213997297955
2020-06-02,1441.4369128544529
2020-06-03,1451.0114128741407
2020-06-04,1455.3131126858789
2020-06-05,1447.291298813017
2020-06-08,1465.144150409239
2020-06-09,1478.5856036727018
2020-06-10,1488.320685107619
2020-06-11,1472.9230948362085
2020-06-12,1453.9167239415242
2020-06-15,1415.0192957496797
2020-06-16,1464.435711053924
2020-06-17,1468.5258061312309
2020-06-18,1474.4163040939115
2020-06-19,1478.1888530299768
2020-06-22,1479.7034970204245
2020-06-23,1495.7541928236146
2020-06-24,1486.2267310032328
2020-06-25,1476.7244068967743
2020-06-26,1482.5883428793236
2020-06-29,1455.975184653988
2020-06-30,1461.2535126755645
2020-07-01,1454.6564598817088
2020-07-02,1460.838275416416
2020-07-03,1476.3936091969515
2020-07-06,1497.8992996196152
2020-07-07,1495.841518746258
2020-07-08,1486.7810676104048
2020-07-09,1494.4648855013536
2020-07-10,1484.6039796516475
2020-07-13,1500.1987966530467
2020-07-14,1487.4722980166898
2020-07-15,1511.4532133359373
2020-07-16,1485.6691772166178
2020-07-17,1485.8128476744237
2020-07-20,1489.1046388080892
2020-07-21,1516.2970784812203
2020-07-22,1497.3679549301771
2020-07-23,1503.2851249025782
2020-07-24,1512.3142463061674
2020-07-27,1522.254059775769
2020-07-28,1525.3288510000673
2020-07-29,1513.7173869899832
2020-07-30,1506.954040071582
2020-07-31,1471.4785344846007
2020-08-03,1486.6860195585991
2020-08-04,1511.3912870989132
2020-08-05,1517.037117103045
2020-08-06,1509.707259617416
2020-08-07,1500.3268060383996
2020-08-10,1500.8058810795592
2020-08-11,1514.8176220379285
2020-08-12,1521.6718619764595
2020-08-13,1546.9201623926947
2020-08-14,1557.0946054940916
2020-08-17,1549.864584230236
2020-08-18,1562.9309668763137
2020-08-19,1559.2460975502884
2020-08-20,1537.0209014558106
2020-08-21,1545.653826897177
2020-08-24,1558.7037563305655
2020-08-25,1555.222252850322
2020-08-26,1561.6418371034215
2020-08-27,1554.684870214103
2020-08-28,1555.9295657664284
2020-08-31,1559.2983751833574
2020-09-01,1564.0418081865273
2020-09-02,1573.8764935395036
2020-09-03,1579.6537153550723
2020-09-04,1552.377163033795
2020-09-07,1545.085317654374
2020-09-08,1556.1232040638163
2020-09-09,1541.6858793201368
2020-09-10,1554.3752498045212
2020-09-11,1569.5180541890081
2020-09-14,1585.8049742459707
2020-09-15,1583.892783058936
2020-09-16,1602.6053179117093
2020-09-17,1596.6138363095731
2020-09-18,1611.8553891507438
2020-09-21,1604.4735925974608
2020-09-22,1596.297137597145
2020-09-23,1599.3796100731481
2020-09-24,1581.5708523314388
2020-09-25,1585.0672018497412
2020-09-28,1604.0676322865525
2020-09-29,1611.6374359668634
2020-09-30,1590.2094796456647
2020-10-01,1589.4981407837008
2020-10-02,1574.7002898983446
2020-10-05,1592.8016553290954
2020-10-06,1600.3476127124825
2020-10-07,1596.298697612607
2020-10-08,1608.5610644601834
2020-10-09,1609.4577936190772
2020-10-12,1614.3817394799655
2020-10-13,1617.6969480672692
2020-10-14,1626.6652155105332
2020-10-15,1605.4795742208805
2020-10-16,1589.9814340737003
2020-10-19,1606.2290835268534
2020-10-20,1600.6889143165279
2020-10-21,1614.6453132493805
2020-10-22,1595.2534929442968
2020-10-23,1594.4456574397193
2020-10-26,1584.8330719327707
2020-10-27,1592.0386265754612
2020-10-28,1604.0169520405052
2020-10-29,1597.3339359978418
2020-10-30,1565.148761161597
2020-11-02,1582.3241861477304
2020-11-03,1592.821565093436
2020-11-04,1619.5189812000397
2020-11-05,1675.0047327514085
2020-11-06,1682.3622753559268
2020-11-09,1680.6699636358196
2020-11-10,1681.151963144021
2020-11-11,1695.8808903034103
2020-11-12,1708.7021041988548
2020-11-13,1702.8757020585288
2020-11-16,1728.6367337998597
2020-11-17,1732.2670614884744
2020-11-18,1732.106374465006
2020-11-19,1736.537638036333
2020-11-20,1737.719387249679
2020-11-23,1725.7761262773395
2020-11-24,1764.8595624192485
2020-11-25,1775.3806720320479
2020-11-26,1797.320214348729
2020-11-27,1813.165657553735
2020-11-30,1792.6857196069823
2020-12-01,1800.3828496841759
2020-12-02,1791.6167490567952
2020-12-03,1799.6695214166816
2020-12-04,1792.9936085630025
2020-12-07,1777.0263077492468
2020-12-08,1776.4587107714756
2020-12-09,1793.954471052777
2020-12-10,1783.1557229246716
2020-12-11,1791.8629733339767
2020-12-14,1793.049817585093
2020-12-15,1791.2724465282288
2020-12-16,1799.6623945845602
2020-12-17,1827.317355869507
2020-12-18,1817.0383025925585
2020-12-21,1815.6611465929361
2020-12-22,1785.683277649043
2020-12-23,1806.9542253288278
2020-12-24,1814.0538435832775
2020-12-25,1812.4316429876187
2020-12-28,1829.0593146305519
2020-12-29,1865.5249831548222
2020-12-30,1864.4742490716849
2020-12-31,1862.1006400736733
2021-01-01,1862.1006400736665
2021-01-04,1868.7745558164427
2021-01-05,1874.3592261837673
2021-01-06,1845.7347451088608
2021-01-07,1863.034134353592
2021-01-08,1903.5249949561953
2021-01-11,1893.2885256807515
2021-01-12,1904.2502840797945
2021-01-13,1910.6511201338271
2021-01-14,1917.718358184137
2021-01-15,1903.800518016371
2021-01-18,1905.2283794264501
2021-01-19,1922.036760033768
2021-01-20,1911.6882027246897
2021-01-21,1923.2491276967137
2021-01-22,1914.0728918454604
2021-01-25,1928.5545334869892
2021-01-26,1909.2201214417908
2021-01-27,1911.1440618655486
2021-01-28,1870.813764809349
2021-01-29,1836.0486210988163
2021-02-01,1857.9212623161638
2021-02-02,1872.209414933892
2021-02-03,1881.1612348931412
2021-02-04,1860.7921521998892
2021-02-05,1885.5109538033014
2021-02-08,1912.6544127397124
2021-02-09,1933.268566622511
2021-02-10,1936.497725069596
2021-02-11,1936.1063916862213
2021-02-12,1934.9148482050002
2021-02-15,1951.8125656056247
2021-02-16,1964.6461979235726
2021-02-17,1951.5740368823529
2021-02-18,1941.7194264234997
2021-02-19,1935.0637200245078
2021-02-22,1941.0891951236802
2021-02-23,1947.8468738278955
2021-02-24,1873.3876875594697
2021-02-25,1887.3217052818823
2021-02-26,1811.765628316849
2021-03-01,1851.1873347530352
2021-03-02,1840.1567993961216
2021-03-03,1839.018448227317
2021-03-04,1801.8204734195976
2021-03-05,1794.893785698673
2021-03-08,1763.1353114174308
2021-03-09,1772.4975016890503
2021-03-10,1778.9956302086669
2021-03-11,1789.6056019785021
2021-03-12,1805.6110228916946
2021-03-15,1812.1241876253112
2021-03-16,1829.1697277561789
2021-03-17,1830.8904803437301
2021-03-18,1856.2925550758462
2021-03-19,1843.4715670271314
2021-03-22,1817.4449667498561
2021-03-23,1807.2885557241518
2021-03-24,1775.2483465621833
2021-03-25,1791.3317483759274
2021-03-26,1812.877127551705
2021-03-29,1826.8984680014603
2021-03-30,1817.1016907132223
2021-03-31,1798.698838963836
2021-04-01,1817.8511201461831
2021-04-02,1841.6015634970165
2021-04-05,1849.1947198333842
2021-04-06,1831.305717909098
2021-04-07,1833.0418221576294
2021-04-08,1845.2235258714063
2021-04-09,1846.781656913907
2021-04-12,1834.4954711740284
2021-04-13,1843.647339927043
2021-04-14,1847.6328698840564
2021-04-15,1850.939620261931
2021-04-16,1851.643505298881
2021-04-19,1860.9939582717018
2021-04-20,1836.4157899088957
2021-04-21,1799.451931756716
2021-04-22,1841.1738903509874
2021-04-23,1833.330810351207
2021-04-26,1834.982949127399
2021-04-27,1814.5964796676808
2021-04-28,1816.1359886223747
2021-04-29,1819.8925640263694
2021-04-30,1789.7711040650145
2021-05-03,1790.2675999148562
2021-05-04,1788.8720846424576
2021-05-05,1786.0672621323397
2021-05-06,1805.382440985407
2021-05-07,1810.5401228482199
2021-05-10,1822.112336564525
2021-05-11,1772.3761207570697
2021-05-12,1738.840104904098
2021-05-13,1697.8357287163776
2021-05-14,1739.3995690649326
2021-05-17,1735.4173504906162
2021-05-18,1765.5335735740814
2021-05-19,1762.1981842935375
2021-05-20,1759.9769304082408
2021-05-21,1773.0916108741133
2021-05-24,1776.9876215998188
2021-05-25,1791.052371450197
2021-05-26,1799.0886401773687
2021-05-27,1788.0693131728588
2021-05-28,1813.3678738966917
2021-05-31,1800.3633320722938
2021-06-01,1802.0730402213428
2021-06-02,1799.1689172020967
2021-06-03,1799.1517962809305
2021-06-04,1801.9852609491902
2021-06-07,1807.8072026098268
2021-06-08,1806.5561019926486
2021-06-09,1792.4403075515
2021-06-10,1795.211370536933
2021-06-11,1796.8816147631053
2021-06-14,1804.940905767993
2021-06-15,1817.9888077171743
2021-06-16,1814.3870589695944
2021-06-17,1797.228068465
2021-06-18,1800.7692411676717
2021-06-21,1758.7638885002036
2021-06-22,1793.6745809297834
2021-06-23,1791.7213660352606
2021-06-24,1788.4198230869815
2021-06-25,1802.7854464246868
2021-06-28,1801.5192596812303
2021-06-29,1800.8747504015537
2021-06-30,1790.6975020364353
2021-07-01,1781.4557077374075
2021-07-02,1791.6624282481048
2021-07-05,1795.7497190594838
2021-07-06,1806.75131262907
2021-07-07,1801.2056865613386
2021-07-08,1794.9036434905856
2021-07-09,1778.963474144228
2021-07-12,1816.9039958535468
2021-07-13,1825.3856171130078
2021-07-14,1823.8181421742556
2021-07-15,1804.532819611565
2021-07-16,1793.9479577055245
2021-07-19,1777.427030398396
2021-07-20,1756.309499926928
2021-07-21,1766.884872905088
2021-07-22,1775.5111675247833
2021-07-23,1764.7788825279374
2021-07-26,1779.2205594705774
2021-07-27,1783.2288320934645
2021-07-28,1760.8425470200127
2021-07-29,1789.3798396332056
2021-07-30,1769.2611605269906
2021-08-02,1808.042534329775
2021-08-03,1805.4138896437883
2021-08-04,1792.586206753727
2021-08-05,1802.6231967122305
2021-08-06,1793.7082022869022
2021-08-09,1794.9995453951854
2021-08-10,1793.570482890192
2021-08-11,1801.2262086480878
2021-08-12,1797.175081345097
2021-08-13,1811.3761507378288
2021-08-16,1794.766224088669
2021-08-17,1781.920200857921
2021-08-18,1788.0048993619964
2021-08-19,1771.9156737368703
2021-08-20,1760.4469885553156
2021-08-23,1798.4299499754607
2021-08-24,1821.253069335203
2021-08-25,1814.907821480121
2021-08-26,1810.9900275799223
2021-08-27,1806.3327496779991
2021-08-30,1821.6262781959288
2021-08-31,1836.3787958900416
2021-09-01,1853.1060437469132
2021-09-02,1862.9853511020995
2021-09-03,1894.6633672469495
2021-09-06,1919.1125056420665
2021-09-07,1932.35465424836
2021-09-08,1940.4362772093289
2021-09-09,1931.144978406145
2021-09-10,1961.0883395945664
2021-09-13,1962.8169889119984
2021-09-14,1980.8822466943568
2021-09-15,1967.3829912208116
2021-09-16,1945.385110386729
2021-09-17,1953.0273509198553
2021-09-20,1951.1482712706725
2021-09-21,1932.9200342131528
2021-09-22,1911.2362058958022
2021-09-23,1904.960037758559
2021-09-24,1925.6496651338161
2021-09-27,1909.5603432969729
2021-09-28,1883.399409356519
2021-09-29,1845.168855917962
2021-09-30,1854.9515069263794
2021-10-01,1825.0472406662852
2021-10-04,1805.236755466223
2021-10-05,1767.1732311981943
2021-10-06,1760.579493858517
2021-10-07,1763.7917287172063
2021-10-08,1776.1364069937515
2021-10-11,1783.2866015886975
2021-10-12,1761.6856040641987
2021-10-13,1761.3805951549004
2021-10-14,1779.3542668978498
2021-10-15,1811.0568324258154
2021-10-18,1799.5197627154714
2021-10-19,1822.5391528675048
2021-10-20,1821.193402595332
2021-10-21,1797.191772025532
2021-10-22,1808.9225846783113
2021-10-25,1809.795591763388
2021-10-26,1820.577516876369
2021-10-27,1822.1173951816215
2021-10-28,1817.1801407688138
2021-10-29,1812.7522974552496
2021-11-01,1849.2930264180266
2021-11-02,1846.7349449692395
2021-11-03,1839.7233767646408
2021-11-04,1867.6977370559136
2021-11-05,1868.4651087778411
2021-11-08,1865.5451137283628
2021-11-09,1856.2062408528975
2021-11-10,1830.9039039952418
2021-11-11,1836.9235327450722
2021-11-12,1856.9338014205434
2021-11-15,1873.922345635215
2021-11-16,1868.7263035541082
2021-11-17,1865.0374338457962
2021-11-18,1870.9587147528166
2021-11-19,1885.5113761874816
2021-11-22,1873.9091621442396
2021-11-23,1867.651793951057
2021-11-24,1832.0097019016143
2021-11-25,1837.4686708486179
2021-11-26,1828.7367038516645
2021-11-29,1801.1068599842263
2021-11-30,1781.6424260741364
2021-12-01,1794.1711889705205
2021-12-02,1787.1569609075987
2021-12-03,1801.143731461769
2021-12-06,1785.3441389005454
2021-12-07,1815.4483450492298
2021-12-08,1840.6708376519105
2021-12-09,1837.188203670229
2021-12-10,1816.7868601234964
2021-12-13,1820.4754647689665
2021-12-14,1805.1115674509283
2021-12-15,1807.0652048568547
2021-12-16,1837.8306997767913
2021-12-17,1802.8483852745198
2021-12-20,1771.9873895166327
2021-12-21,1794.5399029100727
2021-12-22,1794.5437611348166
2021-12-23,1808.9064593334097
2021-12-24,1811.5000782804425
2021-12-27,1798.7983025535539
2021-12-28,1824.6027212549388
2021-12-29,1810.7748409966389
2021-12-30,1803.2249088900796
2021-12-31,1803.0847500265438
2022-01-03,1801.8431068598638
2022-01-04,1816.5367735155342
2022-01-05,1808.548138002927
2022-01-06,1758.0868612999952
2022-01-07,1751.265855723881
2022-01-10,1757.7838751126505
2022-01-11,1728.2367857014997
2022-01-12,1769.2199924530553
2022-01-13,1752.4407290092388
2022-01-14,1727.6157707756504
2022-01-17,1721.538126881403
2022-01-18,1721.228065028349
2022-01-19,1669.558976238012
2022-01-20,1704.1086454980416
2022-01-21,1693.3092632498171
2022-01-24,1682.8131788926744
2022-01-25,1645.3442626865408
2022-01-26,1638.0023203929252
2022-01-27,1569.3177976898119
2022-01-28,1589.753760719945
2022-01-31,1614.4642592873474
2022-02-01,1625.301052007528
2022-02-02,1662.4691870513716
2022-02-03,1626.9326036983978
2022-02-04,1640.894724929049
2022-02-07,1630.5601277603832
2022-02-08,1624.985629666787
2022-02-09,1652.074499991158
2022-02-10,1656.6110779732787
2022-02-11,1657.15454576491
2022-02-14,1620.1078895380665
2022-02-15,1607.849595380894
2022-02-16,1638.913857313144
2022-02-17,1627.3202652144703
2022-02-18,1612.943403177576
2022-02-21,1602.3434679354837
2022-02-22,1572.5594812408035
2022-02-23,1571.0359391476484
2022-02-24,1543.5716817166979
2022-02-25,1575.3979278522718
2022-02-28,1576.858481332751
2022-03-01,1590.4491398428054
2022-03-02,1550.4330818838769
2022-03-03,1559.7877819103207
2022-03-04,1531.2468717068812
2022-03-07,1471.1310579640106
2022-03-08,1458.4321323151294
2022-03-09,1449.15459517498
2022-03-10,1507.3067899388216
2022-03-11,1463.7533889964861
2022-03-14,1448.0341751162457
2022-03-15,1445.1491035363174
2022-03-16,1483.3799950669702
2022-03-17,1541.3995164646035
2022-03-18,1544.9852119621455
2022-03-21,1543.4775353938458
2022-03-22,1542.5394164632023
2022-03-23,1580.040582520958
2022-03-24,1572.3781340412315
2022-03-25,1567.850897829388
2022-03-28,1539.2528462323642
2022-03-29,1568.0229519269355
2022-03-30,1575.8156908920723
2022-03-31,1565.9415472352284
2022-04-01,1547.1556076492272
2022-04-04,1561.62744165086
2022-04-05,1555.3359836989416
2022-04-06,1524.6096103789523
2022-04-07,1495.0129310491386
2022-04-08,1499.2911644444703
2022-04-11,1465.157058946922
2022-04-12,1439.9649954876556
2022-04-13,1459.2811519596944
2022-04-14,1465.1851788026345
2022-04-15,1451.2130507185286
2022-04-18,1427.3275923506692
2022-04-19,1412.8652813353563
2022-04-20,1430.4769889725414
2022-04-21,1436.212752315677
2022-04-22,1417.2155907598042
2022-04-25,1397.6119387089573
2022-04-26,1405.161586421557
2022-04-27,1382.8742430620337
2022-04-28,1379.2168705233107
2022-04-29,1393.8835897708923
2022-05-02,1385.9899594845401
2022-05-03,1389.5637659728504
2022-05-04,1387.4741850273217
2022-05-05,1382.4782147185838
2022-05-06,1374.9876778581831
2022-05-09,1339.528266405022
2022-05-10,1334.528548624712
2022-05-11,1335.111893363479
2022-05-12,1334.0027568824876
2022-05-13,1359.0972780682139
2022-05-16,1367.7299904769934
2022-05-17,1379.845416766854
2022-05-18,1401.3174360703351
2022-05-19,1385.414969396705
2022-05-20,1397.6556814714577
2022-05-23,1409.4766180178112
2022-05-24,1399.5653020761133
2022-05-25,1391.2552226131384
2022-05-26,1386.9718352486132
2022-05-27,1400.8342995878731
2022-05-30,1434.3800187515258
2022-05-31,1422.0745509527783
2022-06-01,1417.785745389515
2022-06-02,1407.1856978525666
2022-06-03,1408.0968909531073
2022-06-06,1410.6440159199294
2022-06-07,1400.4921442262973
2022-06-08,1407.4497475342514
2022-06-09,1400.6475010320275
2022-06-10,1375.9905712068694
2022-06-13,1337.0387220748
2022-06-14,1312.294057667301
2022-06-15,1297.7824775160336
2022-06-16,1312.9393222129083
2022-06-17,1273.0965533436463
2022-06-20,1265.6441694874827
2022-06-21,1284.573713678163
2022-06-22,1276.5255891827576
2022-06-23,1287.7276275183872
2022-06-24,1306.2178645680192
2022-06-27,1330.4517408217268
2022-06-28,1331.5856696953958
2022-06-29,1317.227041235248
2022-06-30,1307.5550472969474
2022-07-01,1297.39583775173
2022-07-04,1307.381219157492
2022-07-05,1316.0530615987316
2022-07-06,1312.362070622063
2022-07-07,1332.182478854942
2022-07-08,1333.7008994397304
2022-07-11,1329.9061101968048
2022-07-12,1315.1627237270084
2022-07-13,1313.7557212032668
2022-07-14,1301.471789029421
2022-07-15,1310.6178458387396
2022-07-18,1319.1415831787024
2022-07-19,1322.829288293027
2022-07-20,1357.9712474721966
2022-07-21,1360.33750819973
2022-07-22,1380.3044118267642
2022-07-25,1361.835090823523
2022-07-26,1361.4731811764302
2022-07-27,1359.837201978225
2022-07-28,1388.1816172704723
2022-07-29,1389.275690435942
2022-08-01,1417.3376451861368
2022-08-02,1392.408140600749
2022-08-03,1379.1230688006215
2022-08-04,1401.6572312961591
2022-08-05,1396.3740484185919
2022-08-08,1399.4539475956246
2022-08-09,1389.1900925934774
2022-08-10,1402.2482273006694
2022-08-11,1401.734030059862
2022-08-12,1421.7523225604807
2022-08-15,1440.1442951083257
2022-08-16,1425.3148880247559
2022-08-17,1427.1389181321606
2022-08-18,1414.1180038869898
2022-08-19,1395.894212834337
2022-08-22,1388.57875340829
2022-08-23,1378.2498998774795
2022-08-24,1362.651075729289
2022-08-25,1377.1419935331871
2022-08-26,1374.6853740384886
2022-08-29,1328.8724709975631
2022-08-30,1342.4057980381706
2022-08-31,1341.7258334051166
2022-09-01,1309.3433337443428
2022-09-02,1303.790994035295
2022-09-05,1301.8355390635359
2022-09-06,1281.9394679504733
2022-09-07,1259.7707821572574
2022-09-08,1289.2401582122745
2022-09-09,1311.738868699316
2022-09-12,1324.8244490043444
2022-09-13,1314.6073995611675
2022-09-14,1291.5774190924028
2022-09-15,1286.7093668913467
2022-09-16,1277.1684561155114
2022-09-19,1273.4466571951436
2022-09-20,1273.7502184201448
2022-09-21,1252.6960366425903
2022-09-22,1258.2193565595726
2022-09-23,1246.7702709181663
2022-09-26,1212.1615048316403
2022-09-27,1214.6225924806424
2022-09-28,1202.2614775237978
2022-09-29,1215.9343035673699
2022-09-30,1198.4000432426358
2022-10-03,1210.6271911044225
2022-10-04,1244.7085328062312
2022-10-05,1258.142670419286
2022-10-06,1264.1200924286863
2022-10-07,1253.4776263954357
2022-10-10,1243.5900925412886
2022-10-11,1210.4998771012388
2022-10-12,1202.0126084346368
2022-10-13,1184.3037028019044
2022-10-14,1205.5055388846947
2022-10-17,1188.5911184416186
2022-10-18,1206.075246550267
2022-10-19,1198.6798764914465
2022-10-20,1189.463094524124
2022-10-21,1176.72501911194
2022-10-24,1180.3306173531562
2022-10-25,1194.60566291155
2022-10-26,1216.8765158948204
2022-10-27,1221.337171433616
2022-10-28,1199.3821910464142
2022-10-31,1210.904452982414
2022-11-01,1229.7013815686487
2022-11-02,1237.5328491494633
2022-11-03,1225.9782390382352
2022-11-04,1221.467255374198
2022-11-07,1248.0356788207628
2022-11-08,1272.6812328498213
2022-11-09,1256.8688711037923
2022-11-10,1283.4031561262861
2022-11-11,1362.3311357736668
2022-11-14,1351.984768319738
2022-11-15,1370.4734370752333
2022-11-16,1367.8264057033368
2022-11-17,1353.2399862806633
2022-11-18,1354.1310907775753
2022-11-21,1333.8713508743056
2022-11-22,1345.7635679318842
2022-11-23,1360.3554103289841
2022-11-24,1390.0148350394895
2022-11-25,1375.295967613059
2022-11-28,1368.5656975757586
2022-11-29,1373.3749804785346
2022-11-30,1362.5101729391276
2022-12-01,1410.5056156816913
2022-12-02,1393.6792097839475
2022-12-05,1391.9276877564942
2022-12-06,1386.8910011086011
2022-12-07,1369.8386672575714
2022-12-08,1373.3461115347598
2022-12-09,1392.8374156121452
2022-12-12,1381.4427338046128
2022-12-13,1408.2292173458236
2022-12-14,1419.2618054863165
2022-12-15,1384.714024900703
2022-12-16,1372.856736795239
2022-12-19,1355.3384759605933
2022-12-20,1373.5160252413095
2022-12-21,1359.5428554922694
2022-12-22,1363.5682710843898
2022-12-23,1350.7592797237435
2022-12-26,1352.9713981465752
2022-12-27,1352.220259830976
2022-12-28,1343.1822926026828
2022-12-29,1345.0755873488413
2022-12-30,1351.7971425379255
2023-01-02,1351.7971425379296
2023-01-03,1365.041338056386
2023-01-04,1343.1410838812797
2023-01-05,1333.9608542563017
2023-01-06,1350.4682642351747
2023-01-09,1357.707674353584
2023-01-10,1362.5625451503367
2023-01-11,1375.0196726987251
2023-01-12,1404.9191598378138
2023-01-13,1419.3027361293032
2023-01-16,1401.4239210430546
2023-01-17,1412.8132478817383
2023-01-18,1438.9738924064889
2023-01-19,1426.149086493251
2023-01-20,1417.659773511072
2023-01-23,1426.5366317745309
2023-01-24,1448.5520801568755
2023-01-25,1458.948153873654
2023-01-26,1453.2052835344439
2023-01-27,1458.135859658255
2023-01-30,1455.068848400671
2023-01-31,1447.030911618718
2023-02-01,1453.9487690154467
2023-02-02,1463.957258756425
2023-02-03,1449.2281421816137
2023-02-06,1430.0153088826046
2023-02-07,1446.6803981720304
2023-02-08,1444.3170384488794
2023-02-09,1451.95959925775
2023-02-10,1445.9153152144768
2023-02-13,1417.951529872897
2023-02-14,1428.1178286496092
2023-02-15,1402.2122564144213
2023-02-16,1413.8213642902374
2023-02-17,1396.30940516935
2023-02-20,1397.271343001638
2023-02-21,1383.8207858801193
2023-02-22,1370.0622518955547
2023-02-23,1363.089645464772
2023-02-24,1362.7820910734197
2023-02-27,1363.956690143756
2023-02-28,1367.8288157443442
2023-03-01,1373.7641916566263
2023-03-02,1367.3608345968553
2023-03-03,1388.9497790229707
2023-03-06,1406.8285589689474
2023-03-07,1403.674879296195
2023-03-08,1402.525581904688
2023-03-09,1418.91103174576
2023-03-10,1407.5427577696234
2023-03-13,1412.5305479801966
2023-03-14,1376.5863955516218
2023-03-15,1388.5907154289825
2023-03-16,1380.678990103324
2023-03-17,1415.6724248592745
2023-03-20,1396.4388590300805
2023-03-21,1395.1562471159561
2023-03-22,1417.522130716274
2023-03-23,1432.396907389349
2023-03-24,1436.205361723726
2023-03-27,1428.0279160647876
2023-03-28,1434.367319033751
2023-03-29,1438.5690986908062
2023-03-30,1442.2921442499412
2023-03-31,1451.8807251076003
2023-04-03,1465.1671636911133
2023-04-04,1473.323988811187
2023-04-05,1458.849404940083
2023-04-06,1432.0804537505996
2023-04-07,1433.4845403987956
2023-04-10,1422.2829890007604
2023-04-11,1435.9148061801645
2023-04-12,1446.0084138570596
2023-04-13,1458.6534991182366
2023-04-14,1458.1249088908762
2023-04-17,1452.5426304347795
2023-04-18,1465.6143192018933
2023-04-19,1455.1815581781223
2023-04-20,1457.9023489058015
2023-04-21,1451.337685373927
2023-04-24,1452.0772137719528
2023-04-25,1457.5562672856026
2023-04-26,1450.2941348241914
2023-04-27,1449.3584491598697
2023-04-28,1446.5458520703098
2023-05-01,1447.3553453816826
2023-05-02,1459.0135922207244
2023-05-03,1468.4295470491247
2023-05-04,1480.398493040196
2023-05-05,1468.413196330204
2023-05-08,1466.0966590713556
2023-05-09,1473.1326099486962
2023-05-10,1469.1017529715537
2023-05-11,1468.786793001814
2023-05-12,1471.1318493149395
2023-05-15,1479.333884260208
2023-05-16,1482.3218924732237
2023-05-17,1474.7567772438117
2023-05-18,1487.4951825461678
2023-05-19,1496.9157732680299
2023-05-22,1506.7254166895436
2023-05-23,1499.3456109427996
2023-05-24,1479.110324749656
2023-05-25,1468.1795189214452
2023-05-26,1465.7018957526088
2023-05-29,1470.8544771427294
2023-05-30,1475.4942300629116
2023-05-31,1459.0892530752778
2023-06-01,1482.0480850948468
2023-06-02,1499.936366385086
2023-06-05,1527.4778409521248
2023-06-06,1535.782105986031
2023-06-07,1512.8480608302716
2023-06-08,1506.8242299741225
2023-06-09,1525.8045469884746
2023-06-12,1539.2870395111634
2023-06-13,1557.6006031489624
2023-06-14,1572.4436372362395
2023-06-15,1560.1749819129623
2023-06-16,1558.1757004713356
2023-06-19,1544.0115642034455
2023-06-20,1545.0450617745691
2023-06-21,1538.765358682023
2023-06-22,1518.991823232958
2023-06-23,1486.9265419150815
2023-06-26,1484.297745929906
2023-06-27,1475.4570807793386
2023-06-28,1498.021824005263
2023-06-29,1499.86390881551
2023-06-30,1493.408215465704
2023-07-03,1519.9029062448635
2023-07-04,1503.7697904471277
2023-07-05,1500.6926116615464
2023-07-06,1474.7264926481982
2023-07-07,1477.5526433047808
2023-07-10,1473.9612055055663
2023-07-11,1486.593551168656
2023-07-12,1496.9610976431343
2023-07-13,1531.8962622290012
2023-07-14,1527.753286837791
2023-07-17,1521.813281058968
2023-07-18,1530.2703219257874
2023-07-19,1533.0257470558593
2023-07-20,1506.1757256465437
2023-07-21,1491.9597124513539
2023-07-24,1505.1738940313244
2023-07-25,1507.174440266092
2023-07-26,1516.1180924436865
2023-07-27,1519.5655750748406
2023-07-28,1523.6611087117562
2023-07-31,1524.4459808529305
2023-08-01,1521.8144537823166
2023-08-02,1489.4806171391904
2023-08-03,1482.7519966873276
2023-08-04,1483.605632527539
2023-08-07,1485.3916000288286
2023-08-08,1476.9892221887342
2023-08-09,1465.331244977577
2023-08-10,1461.5837405066843
2023-08-11,1456.8316337117665
2023-08-14,1435.0430496635224
2023-08-15,1436.1947395051425
2023-08-16,1412.1286204086578
2023-08-17,1403.9839232980219
2023-08-18,1399.6818125236975
2023-08-21,1388.1544910721052
2023-08-22,1403.7593966437544
2023-08-23,1420.0571716088189
2023-08-24,1421.2732702490607
2023-08-25,1391.6773304875956
2023-08-28,1413.367784994685
2023-08-29,1422.2339917645313
2023-08-30,1432.4105724021624
2023-08-31,1443.736578339347
2023-09-01,1446.0471931519915
2023-09-04,1448.5195570181
2023-09-05,1437.1708957065289
2023-09-06,1443.8430783004642
2023-09-07,1435.1409927656869
2023-09-08,1415.6300321440237
2023-09-11,1417.495728212281
2023-09-12,1420.9890964352985
2023-09-13,1408.385647416803
2023-09-14,1423.5874233394425
2023-09-15,1431.7662928776035
2023-09-18,1430.590977220701
2023-09-19,1415.691620314472
2023-09-20,1406.3473018625864
2023-09-21,1384.7651486326445
2023-09-22,1377.140601366831
2023-09-25,1381.7110312478644
2023-09-26,1366.686735718954
2023-09-27,1369.3950245444425
2023-09-28,1358.1125598292138
2023-09-29,1362.1324820217094
2023-10-02,1351.4047766426063
2023-10-03,1344.1417485843974
2023-10-04,1328.2565794644092
2023-10-05,1349.865883099339
2023-10-06,1341.865092176934
2023-10-09,1347.3674918970878
2023-10-10,1369.8881976089813
2023-10-11,1371.0369358834264
2023-10-12,1392.3897568214409
2023-10-13,1373.5691979875905
2023-10-16,1349.6440806467779
2023-10-17,1365.2894589107466
2023-10-18,1360.0491713989888
2023-10-19,1332.4584613734808
2023-10-20,1329.672866913393
2023-10-23,1320.7313575771136
2023-10-24,1323.660032002588
2023-10-25,1326.6528996895238
2023-10-26,1300.023979599837
2023-10-27,1321.4571774949047
2023-10-30,1325.5254476876023
2023-10-31,1312.5668626861448
2023-11-01,1343.6762898053212
2023-11-02,1363.6623814786446
2023-11-03,1379.7846736577815
2023-11-06,1408.4508304100075
2023-11-07,1383.1787598398173
2023-11-08,1379.4983982785081
2023-11-09,1391.654416043723
2023-11-10,1377.1031592044671
2023-11-13,1375.3089656976042
2023-11-14,1382.3920259328165
2023-11-15,1420.095639263471
2023-11-16,1422.6626865976702
2023-11-17,1435.6084711128954
2023-11-20,1439.2034456754368
2023-11-21,1444.9964092592925
2023-11-22,1434.3132208188565
2023-11-23,1436.055505709626
2023-11-24,1435.0152749520917
2023-11-27,1431.1069066246237
2023-11-28,1434.855025036613
2023-11-29,1434.0916360156975
2023-11-30,1434.3956061343385
2023-12-01,1435.3191064300195
2023-12-04,1427.8016789505843
2023-12-05,1408.1492059062864
2023-12-06,1436.0956383864054
2023-12-07,1441.8107202475592
2023-12-08,1420.4152769353593
2023-12-11,1419.1263708293884
2023-12-12,1427.554320939804
2023-12-13,1435.489786058113
2023-12-14,1461.1047793674343
2023-12-15,1474.6328387423569
2023-12-18,1454.017168659811
2023-12-19,1461.3989937569881
2023-12-20,1475.2194696827169
2023-12-21,1472.8445412721962
2023-12-22,1473.6942707784904
2023-12-25,1477.7304415191343
2023-12-26,1477.4112966532032
2023-12-27,1497.2637316876853
2023-12-28,1513.809889412309
2023-12-29,1514.022171721577
2024-01-01,1514.0221717215718
2024-01-02,1500.581166606511
2024-01-03,1483.1083923650217
2024-01-04,1464.4307780569081
2024-01-05,1468.9868142327884
2024-01-08,1468.7577293445665
2024-01-09,1482.8077699646353
2024-01-10,1496.340946359281
2024-01-11,1516.769112958652
2024-01-12,1543.9786417029757
2024-01-15,1547.3063522211735
2024-01-16,1520.8621104256579
2024-01-17,1492.8384133280604
2024-01-18,1490.9544128842597
2024-01-19,1510.5201962960853
2024-01-22,1528.052389700721
2024-01-23,1526.8091191519256
2024-01-24,1532.6948595439756
2024-01-25,1528.4530505064854
2024-01-26,1504.2079392015223
2024-01-29,1520.9752012403192
2024-01-30,1518.6495357387282
2024-01-31,1539.1318558684723
2024-02-01,1528.4382656995608
2024-02-02,1514.019819201943
2024-02-05,1513.2529214483172
2024-02-06,1514.6221797953478
2024-02-07,1517.5157581985816
2024-02-08,1523.3499907858711
2024-02-09,1526.8854567094027
2024-02-12,1525.7011853828565
2024-02-13,1550.5139147324833
2024-02-14,1539.0436654522853
2024-02-15,1552.8325638076262
2024-02-16,1568.099986014452
2024-02-19,1564.2310400054214
2024-02-20,1564.3097819149746
2024-02-21,1558.0325502099279
2024-02-22,1578.1557620545825
2024-02-23,1576.7649184637585
2024-02-26,1583.3966484568177
2024-02-27,1587.9057787318454
2024-02-28,1580.037167068099
2024-02-29,1593.163126543524
2024-03-01,1610.9244799731953
2024-03-04,1614.6304635758277
2024-03-05,1620.2081826542462
2024-03-06,1626.3054319469704
2024-03-07,1624.3595444830564
2024-03-08,1636.4729197875197
2024-03-11,1612.5649119032134
