Date,KUWAIT DOMESTIC IMI
2002-05-31,407.9019312950159
2002-06-03,418.2285548904205
2002-06-04,412.63789867829615
2002-06-05,416.87552250410874
2002-06-06,413.9270511014333
2002-06-07,413.90750471407955
2002-06-10,417.2228931696173
2002-06-11,416.68400053917
2002-06-12,412.75936881720764
2002-06-13,413.2686554216308
2002-06-14,412.3390598048484
2002-06-17,414.73977700369034
2002-06-18,413.25893394569675
2002-06-19,409.75962079026795
2002-06-20,406.19997963835016
2002-06-21,404.83050340505173
2002-06-24,404.76317035085805
2002-06-25,405.4400795262411
2002-06-26,397.14640875855736
2002-06-27,399.5719075420697
2002-06-28,398.01424062830193
2002-07-01,397.1289579486857
2002-07-02,399.32165294638884
2002-07-03,403.12257368975907
2002-07-04,403.6320371623001
2002-07-05,405.8306410713083
2002-07-08,404.5412456535841
2002-07-09,404.3118937164794
2002-07-10,407.07991264894775
2002-07-11,406.5884246422332
2002-07-12,406.7323206416515
2002-07-15,400.08179193024137
2002-07-16,396.80561345702534
2002-07-17,396.1696053356462
2002-07-18,395.88755892831387
2002-07-19,393.7903410413368
2002-07-22,397.62022218153174
2002-07-23,398.82774096070114
2002-07-24,392.38593668654863
2002-07-25,389.3926342824454
2002-07-26,393.6541185390307
2002-07-29,388.1340953766122
2002-07-30,385.12028786537405
2002-07-31,389.45389283439636
2002-08-01,388.82949798140777
2002-08-02,387.98163296713244
2002-08-05,389.1785700375398
2002-08-06,390.8609775537726
2002-08-07,391.47430591900473
2002-08-08,392.2421403169052
2002-08-09,390.94357213493004
2002-08-12,383.1364620342728
2002-08-13,385.0202086510719
2002-08-14,382.44563092131875
2002-08-15,384.8046629410517
2002-08-16,383.2108129281629
2002-08-19,385.0867072217691
2002-08-20,382.7118028821592
2002-08-21,382.22096646382346
2002-08-22,385.13997236024284
2002-08-23,384.9135883673888
2002-08-26,389.46967397324755
2002-08-27,393.17169307967976
2002-08-28,392.8379179090864
2002-08-29,391.74010349493074
2002-08-30,392.9480362033572
2002-09-02,389.52725217220257
2002-09-03,384.59358245788076
2002-09-04,383.9310502928773
2002-09-05,384.68590565491706
2002-09-06,387.1042696314808
2002-09-09,379.9001384302493
2002-09-10,379.25771984853185
2002-09-11,383.0565246657446
2002-09-12,381.523763597289
2002-09-13,380.6465182157614
2002-09-16,382.94972134306755
2002-09-17,387.72986736224203
2002-09-18,384.4024571278334
2002-09-19,382.5825195759085
2002-09-20,382.0572288571873
2002-09-23,380.56177537003543
2002-09-24,380.95028679561364
2002-09-25,380.8955087954056
2002-09-26,381.7787344234065
2002-09-27,382.00460171546695
2002-09-30,371.6785563981725
2002-10-01,361.0782153456417
2002-10-02,363.354399969971
2002-10-03,362.4722399255662
2002-10-04,364.6275455917065
2002-10-07,367.75221358430866
2002-10-08,372.43991008687897
2002-10-09,373.2827267817497
2002-10-10,374.30325792178087
2002-10-11,373.8707895474542
2002-10-14,374.27271655434015
2002-10-15,374.8086807281469
2002-10-16,377.63004098951177
2002-10-17,380.8879977202223
2002-10-18,380.993186100245
2002-10-21,387.42859724893174
2002-10-22,383.93877361743614
2002-10-23,385.03073745635743
2002-10-24,385.7531927878169
2002-10-25,386.5327639174753
2002-10-28,378.7904892964276
2002-10-29,379.1460315954869
2002-10-30,380.4547072617042
2002-10-31,378.27548564761554
2002-11-01,376.065390133011
2002-11-04,381.8514245140645
2002-11-05,380.29783314055305
2002-11-06,380.3414609476979
2002-11-07,377.2355136132083
2002-11-08,375.7663775954393
2002-11-11,383.7684251727442
2002-11-12,383.9884339080961
2002-11-13,384.54211298005544
2002-11-14,385.823186765456
2002-11-15,385.0245953160342
2002-11-18,389.0574043408562
2002-11-19,389.79540108403324
2002-11-20,394.39624477862765
2002-11-21,395.5461134773277
2002-11-22,395.92322792493246
2002-11-25,403.7383324770217
2002-11-26,405.64703420876174
2002-11-27,405.0696059360914
2002-11-28,403.1788904094906
2002-11-29,403.2599517596609
2002-12-02,408.70037899132967
2002-12-03,407.35651252344036
2002-12-04,408.2723206066907
2002-12-05,408.11547424070864
2002-12-06,405.0722498330099
2002-12-09,406.6018929623406
2002-12-10,403.5655166968523
2002-12-11,407.8106090740839
2002-12-12,405.2017202054899
2002-12-13,403.701075919151
2002-12-16,413.7908992991929
2002-12-17,411.1574281548704
2002-12-18,415.70720258209803
2002-12-19,416.5062654881841
2002-12-20,416.0363890710294
2002-12-23,405.02075867552867
2002-12-24,407.2162724189646
2002-12-25,407.5516978750397
2002-12-26,406.5942686582553
2002-12-27,404.21531262559205
2002-12-30,400.2242711168497
2002-12-31,401.234675773746
2003-01-01,401.234675773746
2003-01-02,405.07475269688155
2003-01-03,403.61327634436424
2003-01-06,408.9139688596059
2003-01-07,413.4664590839369
2003-01-08,414.98756161215096
2003-01-09,411.58050588013526
2003-01-10,409.802279219475
2003-01-13,409.8178980429091
2003-01-14,409.4048831613623
2003-01-15,409.99726513685744
2003-01-16,410.481849650304
2003-01-17,407.5662536749261
2003-01-20,408.1518140159512
2003-01-21,408.85585720232103
2003-01-22,408.8148779268334
2003-01-23,407.3457660360439
2003-01-24,405.3720199906574
2003-01-27,404.756151561334
2003-01-28,399.3927801639
2003-01-29,396.8239761384013
2003-01-30,400.5058287294086
2003-01-31,401.06183267858256
2003-02-03,395.8830974735857
2003-02-04,388.21460785684303
2003-02-05,388.6988738798259
2003-02-06,388.3492755953865
2003-02-07,388.9099858747051
2003-02-10,385.3515533223536
2003-02-11,387.7150597121376
2003-02-12,386.755086047438
2003-02-13,383.39789904139326
2003-02-14,384.53040302574794
2003-02-17,397.83483347015107
2003-02-18,398.23537077633455
2003-02-19,399.302644170021
2003-02-20,396.27333511597703
2003-02-21,396.8679531432128
2003-02-24,391.01865640317465
2003-02-25,391.0966416630086
2003-02-26,390.18527558519077
2003-02-27,391.27859785620814
2003-02-28,390.47853542206803
2003-03-03,393.44726572021443
2003-03-04,391.4787258760546
2003-03-05,389.93991182140024
2003-03-06,390.2959307276151
2003-03-07,388.2517850740217
2003-03-10,388.23759107092974
2003-03-11,388.50724179075934
2003-03-12,391.9154581384942
2003-03-13,396.0588495601904
2003-03-14,399.93992605636345
2003-03-17,403.50758666092094
2003-03-18,410.969982640502
2003-03-19,419.88963663790736
2003-03-20,418.5932863636315
2003-03-21,421.41111856938403
2003-03-24,416.9937132858431
2003-03-25,416.3880599681758
2003-03-26,417.04249245970254
2003-03-27,415.43874669643327
2003-03-28,414.21346291010065
2003-03-31,410.6419888741197
2003-04-01,409.39848200072225
2003-04-02,415.7613270028865
2003-04-03,417.7131908101898
2003-04-04,418.71952029922534
2003-04-07,441.8241452132697
2003-04-08,436.1380988853297
2003-04-09,442.41350400799945
2003-04-10,437.7748832681481
2003-04-11,440.10307749020853
2003-04-14,423.8430691593731
2003-04-15,430.4714335594169
2003-04-16,432.51966454652086
2003-04-17,431.01158696376604
2003-04-18,431.01158696376604
2003-04-21,460.21831079327217
2003-04-22,457.0878898091241
2003-04-23,457.2316022618757
2003-04-24,454.25006712834085
2003-04-25,454.34645605262716
2003-04-28,460.00155653520795
2003-04-29,463.6166501332412
2003-04-30,464.7308435761315
2003-05-01,461.2726876940616
2003-05-02,462.6892903810334
2003-05-05,457.58294530701903
2003-05-06,452.02556178272516
2003-05-07,450.64090403422824
2003-05-08,446.67410796431415
2003-05-09,445.23554400951775
2003-05-12,441.9313244397488
2003-05-13,441.4028564230859
2003-05-14,442.5849230127949
2003-05-15,443.38808637821006
2003-05-16,441.24493455507786
2003-05-19,435.4633635330933
2003-05-20,437.04439133099197
2003-05-21,439.5803758976545
2003-05-22,440.1636232719409
2003-05-23,436.4257152865481
2003-05-26,451.2805193445046
2003-05-27,454.02787495978623
2003-05-28,460.505814793708
2003-05-29,457.3480851675257
2003-05-30,458.8388635897644
2003-06-02,469.308027729715
2003-06-03,464.9014837267656
2003-06-04,466.8442579258398
2003-06-05,461.32111450933843
2003-06-06,466.6516243017179
2003-06-09,465.05665777750136
2003-06-10,468.321518356088
2003-06-11,476.64211495942163
2003-06-12,477.49823453830186
2003-06-13,475.52100165470864
2003-06-16,480.0482615313917
2003-06-17,482.9032585088991
2003-06-18,490.97793827186723
2003-06-19,491.74427789116413
2003-06-20,494.22323032243503
2003-06-23,483.5139154773264
2003-06-24,468.03613105151203
2003-06-25,470.09711416934715
2003-06-26,474.11612211737446
2003-06-27,474.7333819594836
2003-06-30,457.440551714318
2003-07-01,437.63327148695936
2003-07-02,457.6412770392171
2003-07-03,457.68835384313746
2003-07-04,458.8365269683668
2003-07-07,476.28617422724597
2003-07-08,484.70696583688715
2003-07-09,480.1304886095886
2003-07-10,479.305158520741
2003-07-11,480.8411466160697
2003-07-14,486.98303579383344
2003-07-15,487.36648954580903
2003-07-16,482.4091568439064
2003-07-17,483.885932750314
2003-07-18,482.31308276878667
2003-07-21,476.86728785286056
2003-07-22,475.902145777281
2003-07-23,470.10921028027957
2003-07-24,468.72320412215424
2003-07-25,467.4051020270898
2003-07-28,475.30968816127904
2003-07-29,480.73507606617085
2003-07-30,483.68205035869096
2003-07-31,488.8859370318206
2003-08-01,489.13608610218085
2003-08-04,490.2241687239616
2003-08-05,493.6619943258974
2003-08-06,492.5862973424771
2003-08-07,491.86135746155145
2003-08-08,494.9481741575098
2003-08-11,503.2477662817294
2003-08-12,505.86884945305957
2003-08-13,510.95320553284836
2003-08-14,511.6908860127269
2003-08-15,512.4821769070743
2003-08-18,515.9073646761245
2003-08-19,517.0397056510441
2003-08-20,513.1152381494217
2003-08-21,520.4468728606562
2003-08-22,525.080949084898
2003-08-25,522.8971308957834
2003-08-26,521.7501793765589
2003-08-27,518.4482756013152
2003-08-28,517.8778731710214
2003-08-29,514.9964682406197
2003-09-01,523.3703073272801
2003-09-02,532.4036090618754
2003-09-03,539.2464431182558
2003-09-04,535.8133087471507
2003-09-05,529.9799483757764
2003-09-08,530.2746912442568
2003-09-09,530.1455642464136
2003-09-10,535.1581325720325
2003-09-11,536.2403734104513
2003-09-12,531.3177989892425
2003-09-15,535.2930602881185
2003-09-16,542.5767072022838
2003-09-17,540.8132087030102
2003-09-18,540.1573786505188
2003-09-19,537.2388188504627
2003-09-22,531.5404416409417
2003-09-23,534.7209372493294
2003-09-24,536.7531513444682
2003-09-25,534.7395388260117
2003-09-26,536.5894072470476
2003-09-29,539.8026102344055
2003-09-30,534.6889268624341
2003-10-01,529.478457727008
2003-10-02,530.0933585515871
2003-10-03,532.60311523484
2003-10-06,543.7788549845807
2003-10-07,543.0275718937929
2003-10-08,541.7408624362429
2003-10-09,544.9250323524378
2003-10-10,542.4775092819535
2003-10-13,531.189669005829
2003-10-14,536.2101365104127
2003-10-15,538.679517009079
2003-10-16,537.3318919037459
2003-10-17,539.1848420505626
2003-10-20,528.6180694927139
2003-10-21,525.2215753307531
2003-10-22,523.0202082044616
2003-10-23,522.2859774484351
2003-10-24,521.0725288053318
2003-10-27,526.573262400746
2003-10-28,539.8448260356456
2003-10-29,538.435074035445
2003-10-30,538.8487747041521
2003-10-31,540.8022769785581
2003-11-03,556.9811306842123
2003-11-04,554.5376418090726
2003-11-05,553.6796170893887
2003-11-06,555.9392728237883
2003-11-07,554.1405814266798
2003-11-10,548.8020885503189
2003-11-11,545.5622623214302
2003-11-12,537.4923007837647
2003-11-13,534.255225163975
2003-11-14,531.1924474676598
2003-11-17,530.3236432953714
2003-11-18,528.2443453845668
2003-11-19,528.8269239074936
2003-11-20,529.7438765726317
2003-11-21,529.1898942100568
2003-11-24,544.6026039215661
2003-11-25,544.232723755148
2003-11-26,537.7281668335371
2003-11-27,539.4529347370019
2003-11-28,535.6519781469642
2003-12-01,540.0500299526278
2003-12-02,534.7131754085034
2003-12-03,536.4095051131056
2003-12-04,537.3816275814945
2003-12-05,534.5660164446737
2003-12-08,531.8071866446014
2003-12-09,530.0532555316805
2003-12-10,534.0206517268527
2003-12-11,537.9714917471571
2003-12-12,533.5403422448982
2003-12-15,538.1641750523954
2003-12-16,533.5640424145708
2003-12-17,531.7468443269125
2003-12-18,531.3474598667474
2003-12-19,532.0488227372443
2003-12-22,532.574604207837
2003-12-23,531.5980161050198
2003-12-24,532.5589897401846
2003-12-25,532.5589897401846
2003-12-26,532.5920312518198
2003-12-29,544.4963999900635
2003-12-30,543.3709366420348
2003-12-31,536.4042543516939
2004-01-01,536.4042543516939
2004-01-02,537.3510471919093
2004-01-05,546.4981967869367
2004-01-06,542.1995946851835
2004-01-07,544.7343122583502
2004-01-08,544.3450520813526
2004-01-09,538.3094583613365
2004-01-12,539.9665725486034
2004-01-13,538.2885210541057
2004-01-14,541.9015096223745
2004-01-15,545.6403252968333
2004-01-16,554.2774027890088
2004-01-19,559.715122524239
2004-01-20,556.6009974071002
2004-01-21,555.9976429504125
2004-01-22,551.7755799911927
2004-01-23,552.7979505762114
2004-01-26,546.0678777666539
2004-01-27,544.0289025522177
2004-01-28,553.5392522110478
2004-01-29,563.2261331958671
2004-01-30,560.8912587002069
2004-02-02,560.0797449427434
2004-02-03,554.927894463638
2004-02-04,556.6568489580724
2004-02-05,552.946245036914
2004-02-06,548.0966024410186
2004-02-09,553.0088474663146
2004-02-10,557.3136380772058
2004-02-11,559.7543334716821
2004-02-12,553.2719566081913
2004-02-13,554.7211618583085
2004-02-16,567.3385545681014
2004-02-17,561.4319008760792
2004-02-18,558.7944778955012
2004-02-19,565.1924964868871
2004-02-20,569.9355906585745
2004-02-23,559.6608258091825
2004-02-24,552.5010963334901
2004-02-25,557.90595035404
2004-02-26,563.6449849466821
2004-02-27,563.5867249781664
2004-03-01,548.2481198722667
2004-03-02,555.3565036730764
2004-03-03,551.5843239604226
2004-03-04,549.1853440515187
2004-03-05,538.977882919221
2004-03-08,544.3275495255144
2004-03-09,541.9026524264139
2004-03-10,548.8695400052804
2004-03-11,547.8904439854675
2004-03-12,550.284524444256
2004-03-15,533.6446188644398
2004-03-16,528.0619256044264
2004-03-17,534.6670590214538
2004-03-18,527.4310273981386
2004-03-19,528.8288664433164
2004-03-22,532.804049450002
2004-03-23,532.3845265364727
2004-03-24,534.1586534817405
2004-03-25,536.1896144953537
2004-03-26,539.3747784874672
2004-03-29,530.1003562632344
2004-03-30,527.7195273307236
2004-03-31,524.0957504153629
2004-04-01,520.5000961055276
2004-04-02,529.5332384012814
2004-04-05,543.7383925169695
2004-04-06,542.9986884641849
2004-04-07,543.63757794353
2004-04-08,545.6082308843642
2004-04-09,545.6082308843642
2004-04-12,548.9674074344398
2004-04-13,556.2822759569432
2004-04-14,550.9648905267413
2004-04-15,550.223087771291
2004-04-16,545.7640443785805
2004-04-19,535.7844082861689
2004-04-20,542.2689440138997
2004-04-21,542.9076417329169
2004-04-22,543.3423705424635
2004-04-23,545.1343665214196
2004-04-26,532.7360741217865
2004-04-27,524.9847015557557
2004-04-28,524.2005846551019
2004-04-29,519.8551077548838
2004-04-30,517.9036182992866
2004-05-03,501.96259740146314
2004-05-04,491.1621366282966
2004-05-05,502.0505953170942
2004-05-06,503.66014272518123
2004-05-07,509.81414368046774
2004-05-10,512.4368372031511
2004-05-11,510.19702679640704
2004-05-12,499.0594558006473
2004-05-13,501.5890074245578
2004-05-14,500.8274535353381
2004-05-17,494.3779535975061
2004-05-18,509.0307920645546
2004-05-19,505.5497913675767
2004-05-20,510.0853908876648
2004-05-21,506.20181514575916
2004-05-24,511.35963498100716
2004-05-25,514.1878756187534
2004-05-26,512.9717351754867
2004-05-27,505.8189511648039
2004-05-28,507.9728704589585
2004-05-31,504.93662097743186
2004-06-01,507.52175764697205
2004-06-02,503.78617338979745
2004-06-03,505.0205904438829
2004-06-04,505.14436494421625
2004-06-07,506.1660740444825
2004-06-08,505.641763978769
2004-06-09,513.7132822485282
2004-06-10,513.6708002735645
2004-06-11,517.1778154371657
2004-06-14,522.5554422293458
2004-06-15,522.8905508806839
2004-06-16,522.9970890335409
2004-06-17,521.8889522848616
2004-06-18,517.9937768131881
2004-06-21,519.5389860182572
2004-06-22,511.5211527964002
2004-06-23,510.48702873168656
2004-06-24,506.83994423161204
2004-06-25,508.5102715452487
2004-06-28,506.7816431447183
2004-06-29,511.635362116039
2004-06-30,505.4259410612736
2004-07-01,505.8000996851315
2004-07-02,499.9198985343674
2004-07-05,501.5209307104839
2004-07-06,501.70385069079055
2004-07-07,503.69184498706875
2004-07-08,502.148335442332
2004-07-09,502.61445101724405
2004-07-12,502.6355958072305
2004-07-13,505.5996376637516
2004-07-14,500.9927337923609
2004-07-15,501.7216566560607
2004-07-16,498.73845770121386
2004-07-19,511.1527380698558
2004-07-20,513.9834115249195
2004-07-21,524.0508255446206
2004-07-22,522.0437042635549
2004-07-23,528.8576967911234
2004-07-26,528.4726818432555
2004-07-27,533.8352485847033
2004-07-28,539.8176367065943
2004-07-29,538.4535573429197
2004-07-30,540.0008120159621
2004-08-02,550.1005453651568
2004-08-03,549.1914259235988
2004-08-04,542.6624635838793
2004-08-05,543.0678894065047
2004-08-06,533.719545562754
2004-08-09,531.9392399505973
2004-08-10,531.2918647612746
2004-08-11,537.3580750658525
2004-08-12,536.2157415593147
2004-08-13,530.9197836179881
2004-08-16,533.3888321381914
2004-08-17,534.4745637339307
2004-08-18,538.7444400054039
2004-08-19,535.8673001388862
2004-08-20,537.8493550006561
2004-08-23,538.0712285239673
2004-08-24,543.1033236495089
2004-08-25,544.7979295714017
2004-08-26,545.0457493226747
2004-08-27,547.5136588759573
2004-08-30,552.9074164379119
2004-08-31,546.2013658983212
2004-09-01,545.0184687678516
2004-09-02,545.6910266249137
2004-09-03,550.3088127215445
2004-09-06,548.5208357201568
2004-09-07,549.9633367346861
2004-09-08,548.487239271596
2004-09-09,546.7290506116203
2004-09-10,540.9489687525946
2004-09-13,543.3960096785162
2004-09-14,547.5962876204926
2004-09-15,553.7980081183263
2004-09-16,554.1629942422252
2004-09-17,552.9785445854124
2004-09-20,556.168732762547
2004-09-21,552.8368024178503
2004-09-22,550.5886509434922
2004-09-23,547.9916402693393
2004-09-24,549.2870759789631
2004-09-27,548.3879567495751
2004-09-28,547.0568272227997
2004-09-29,547.4372835254561
2004-09-30,542.7871520108075
2004-10-01,543.9038628403105
2004-10-04,555.5820268887562
2004-10-05,551.3650022621878
2004-10-06,553.773178222452
2004-10-07,554.5845344723405
2004-10-08,548.7776004397678
2004-10-11,552.0828005060797
2004-10-12,555.9607695675693
2004-10-13,561.1752162405938
2004-10-14,555.4246814874928
2004-10-15,551.5086960714051
2004-10-18,547.9784918726825
2004-10-19,544.6934327042353
2004-10-20,544.703353491605
2004-10-21,544.5737393682281
2004-10-22,543.5390427965749
2004-10-25,532.6298064044332
2004-10-26,534.2830446908968
2004-10-27,533.3971839889102
2004-10-28,534.8630786486889
2004-10-29,535.4937886191877
2004-11-01,535.9434284040674
2004-11-02,536.0840858565741
2004-11-03,533.1930245502263
2004-11-04,530.3390082707068
2004-11-05,528.4298598363183
2004-11-08,527.3083433622105
2004-11-09,531.6488834754955
2004-11-10,533.9098185965172
2004-11-11,534.8000133308968
2004-11-12,533.0683839452091
2004-11-15,532.8292048393068
2004-11-16,534.8782373241063
2004-11-17,532.2287070358659
2004-11-18,533.7038761049109
2004-11-19,530.8429601247184
2004-11-22,529.1835512609218
2004-11-23,532.9848984808607
2004-11-24,533.3164549182563
2004-11-25,530.1838151808838
2004-11-26,529.1845821884075
2004-11-29,536.7477031431328
2004-11-30,538.2156639872263
2004-12-01,543.2470697169816
2004-12-02,544.7208927329062
2004-12-03,540.6061019497624
2004-12-06,542.7425083110941
2004-12-07,543.0609811289133
2004-12-08,546.9687936641169
2004-12-09,547.2678864193227
2004-12-10,548.8096037467831
2004-12-13,538.9965255968261
2004-12-14,546.3999401295846
2004-12-15,542.613433938169
2004-12-16,548.033794647926
2004-12-17,549.1913299471211
2004-12-20,539.786751044166
2004-12-21,542.4034726926432
2004-12-22,540.0510835705688
2004-12-23,535.3915056230799
2004-12-24,534.007298590998
2004-12-27,523.5202245954698
2004-12-28,524.0812925020685
2004-12-29,527.6591034050472
2004-12-30,525.7579674548227
2004-12-31,527.2084676409221
2005-01-03,542.6990205037561
2005-01-04,549.3510293078882
2005-01-05,552.1972343556731
2005-01-06,556.5780885152668
2005-01-07,561.8889888425441
2005-01-10,559.5645086677144
2005-01-11,557.1517148208238
2005-01-12,550.3053280604527
2005-01-13,553.7649260327316
2005-01-14,558.3322338345979
2005-01-17,559.5406532285898
2005-01-18,563.3113000587788
2005-01-19,562.8790974270538
2005-01-20,566.42099415654
2005-01-21,564.3947160299655
2005-01-24,565.1764378493481
2005-01-25,569.8044410817323
2005-01-26,568.1879967865352
2005-01-27,569.6260612796867
2005-01-28,570.8958376567276
2005-01-31,571.4250435544874
2005-02-01,569.9941872688221
2005-02-02,573.534518105446
2005-02-03,577.0320847371439
2005-02-04,577.5670961350072
2005-02-07,587.0224755731655
2005-02-08,586.6287230112935
2005-02-09,582.9058710535176
2005-02-10,578.2489538754285
2005-02-11,578.9674708064273
2005-02-14,575.7098721408842
2005-02-15,576.4432801453222
2005-02-16,569.3996762935581
2005-02-17,565.8160913578845
2005-02-18,565.7727852393771
2005-02-21,566.4628756004557
2005-02-22,557.7103257232665
2005-02-23,566.6579373743784
2005-02-24,566.1858833540732
2005-02-25,566.7868160228089
2005-02-28,571.1887125847456
2005-03-01,576.473282428766
2005-03-02,581.5666868791117
2005-03-03,581.0129193235232
2005-03-04,575.7817423500633
2005-03-07,585.6279805808532
2005-03-08,585.4399790279839
2005-03-09,590.0111479490822
2005-03-10,587.3518723255343
2005-03-11,585.1482118833023
2005-03-14,611.1064304619192
2005-03-15,596.0753648687107
2005-03-16,601.8704663942684
2005-03-17,604.119692697173
2005-03-18,608.3024969664594
2005-03-21,620.7355359382676
2005-03-22,607.5943347204668
2005-03-23,614.1615622915632
2005-03-24,617.0136852353505
2005-03-25,617.0136852353505
2005-03-28,636.8287985409078
2005-03-29,640.2310831459249
2005-03-30,647.6706677410142
2005-03-31,645.865710222294
2005-04-01,647.6597124265301
2005-04-04,667.3005723679049
2005-04-05,670.3986926193988
2005-04-06,672.8579681450177
2005-04-07,670.4386490410807
2005-04-08,673.2456917704292
2005-04-11,675.4850403387547
2005-04-12,685.4077562838772
2005-04-13,688.548502252168
2005-04-14,693.3599553245891
2005-04-15,686.7912538414862
2005-04-18,682.0177530823478
2005-04-19,674.5858058241621
2005-04-20,676.9951198894878
2005-04-21,674.7362943395759
2005-04-22,676.2964131031639
2005-04-25,698.9438116546005
2005-04-26,708.1939322717805
2005-04-27,706.694799396029
2005-04-28,709.3485640796036
2005-04-29,709.5567514079735
2005-05-02,694.9793341344275
2005-05-03,691.9909563609904
2005-05-04,678.9080689609433
2005-05-05,679.7212895999614
2005-05-06,684.6951181242022
2005-05-09,659.070223516586
2005-05-10,643.6944916159904
2005-05-11,662.3204485408463
2005-05-12,667.7489435384587
2005-05-13,671.2338152637216
2005-05-16,680.010044510622
2005-05-17,686.2125753517574
2005-05-18,685.1432819568039
2005-05-19,686.0030793612787
2005-05-20,690.1676478202628
2005-05-23,691.9894494047759
2005-05-24,688.852570778517
2005-05-25,682.4492410932204
2005-05-26,686.4906154394222
2005-05-27,685.2866779736272
2005-05-30,680.8130309801693
2005-05-31,688.9731934277146
2005-06-01,702.5255189872493
2005-06-02,701.3245229030152
2005-06-03,701.8043352428293
2005-06-06,746.111400176104
2005-06-07,751.1383263863734
2005-06-08,751.8204460121258
2005-06-09,760.2065506385475
2005-06-10,764.5962770600529
2005-06-13,759.7461583840382
2005-06-14,761.0734702751814
2005-06-15,763.3516099817517
2005-06-16,764.9308056662685
2005-06-17,755.6701482780218
2005-06-20,777.3172349141244
2005-06-21,775.2892039686228
2005-06-22,788.594091571085
2005-06-23,793.758437185867
2005-06-24,791.4971720703331
2005-06-27,773.0665608793997
2005-06-28,769.6338320058535
2005-06-29,770.1983536651345
2005-06-30,767.7808475783816
2005-07-01,776.6984609323314
2005-07-04,784.7282335325305
2005-07-05,794.2332562616024
2005-07-06,806.13862552097
2005-07-07,804.5198055391684
2005-07-08,805.7333100851695
2005-07-11,780.30416174714
2005-07-12,764.8643574842033
2005-07-13,775.8368813882884
2005-07-14,775.1317790876916
2005-07-15,779.0581264843576
2005-07-18,766.9370744948362
2005-07-19,786.5163034037839
2005-07-20,785.5892466830865
2005-07-21,778.8516403737187
2005-07-22,779.1730946806952
2005-07-25,773.5952802562347
2005-07-26,803.0056698447079
2005-07-27,807.3181956788547
2005-07-28,804.3116728331936
2005-07-29,800.1399661367385
2005-08-01,803.7410770418234
2005-08-02,809.4676120975524
2005-08-03,800.6930604549764
2005-08-04,797.1258106438416
2005-08-05,799.1933304769199
2005-08-08,799.4506201582745
2005-08-09,804.9932437119472
2005-08-10,812.2279847612529
2005-08-11,808.473866428085
2005-08-12,809.1326253450699
2005-08-15,816.9260348969755
2005-08-16,813.5810019137251
2005-08-17,804.0000554693734
2005-08-18,812.4460960808075
2005-08-19,814.6595859943923
2005-08-22,820.1465342678518
2005-08-23,815.1125500442989
2005-08-24,816.5605942335254
2005-08-25,814.2348733727067
2005-08-26,811.2567186188576
2005-08-29,817.3107351075249
2005-08-30,822.0246819571424
2005-08-31,815.2541814434146
2005-09-01,804.2677215322533
2005-09-02,799.2126240609573
2005-09-05,793.5840369593872
2005-09-06,797.0358979080955
2005-09-07,808.0905253758285
2005-09-08,810.5078909099293
2005-09-09,809.464472456008
2005-09-12,830.3674679466133
2005-09-13,836.2571403854763
2005-09-14,838.4458529627929
2005-09-15,844.4163697794705
2005-09-16,844.4854907527265
2005-09-19,879.5300763851391
2005-09-20,883.3001335392744
2005-09-21,872.9196232735915
2005-09-22,878.7412435844195
2005-09-23,884.4626149592557
2005-09-26,878.7594808765921
2005-09-27,888.2420765342264
2005-09-28,887.5667574218759
2005-09-29,887.193161537882
2005-09-30,884.0331278978637
2005-10-03,921.5347154061081
2005-10-04,916.2444844600714
2005-10-05,914.6699392535013
2005-10-06,901.1762301731554
2005-10-07,902.3605940207084
2005-10-10,908.8965642971824
2005-10-11,911.94145867399
2005-10-12,909.1979892266097
2005-10-13,916.6312465825331
2005-10-14,906.1519895178003
2005-10-17,919.3979007010882
2005-10-18,935.4462046689231
2005-10-19,935.0674213640959
2005-10-20,935.3796178237978
2005-10-21,932.4952727906781
2005-10-24,939.6852773671852
2005-10-25,940.5774666651774
2005-10-26,932.602007074079
2005-10-27,927.2985740680092
2005-10-28,930.7470626290656
2005-10-31,945.5541908134134
2005-11-01,949.824962342656
2005-11-02,959.287457544853
2005-11-03,964.12185081278
2005-11-04,979.5827875373425
2005-11-07,996.2072579138677
2005-11-08,1007.619478742847
2005-11-09,1015.6601486568157
2005-11-10,1015.4809896766797
2005-11-11,1020.1606904434866
2005-11-14,1053.4263180329806
2005-11-15,1043.1035549774626
2005-11-16,1018.1678713299447
2005-11-17,1012.6109921447558
2005-11-18,1014.3409899957695
2005-11-21,1000.0788880709106
2005-11-22,1010.7314524910848
2005-11-23,1016.7526686572264
2005-11-24,1016.9235653264625
2005-11-25,1021.8656801595299
2005-11-28,1035.9776911706874
2005-11-29,1051.00101848652
2005-11-30,1049.4026308109621
2005-12-01,1056.256494147173
2005-12-02,1057.9272351572781
2005-12-05,1042.4423663030893
2005-12-06,1035.2431429297326
2005-12-07,1025.037848878362
2005-12-08,1016.2837697164593
2005-12-09,1015.5967143095443
2005-12-12,968.6857177712836
2005-12-13,969.3369031442738
2005-12-14,947.8314126992832
2005-12-15,954.2965137692912
2005-12-16,949.765681960133
2005-12-19,938.7849411379093
2005-12-20,962.1884581595928
2005-12-21,975.104827859973
2005-12-22,970.7903865416425
2005-12-23,970.5449999165739
2005-12-26,978.0948525154156
2005-12-27,973.0822621510571
2005-12-28,977.4160687923675
2005-12-29,981.6423310948617
2005-12-30,987.0789729884475
2006-01-02,995.1276997218888
2006-01-03,982.4046347603137
2006-01-04,969.0443635255239
2006-01-05,968.1193119333321
2006-01-06,963.9803564724641
2006-01-09,991.006614305443
2006-01-10,991.4992643477672
2006-01-11,989.1226491751355
2006-01-12,994.0524459895646
2006-01-13,991.006614305443
2006-01-16,990.7539066427747
2006-01-17,996.7071147847963
2006-01-18,993.8241968047569
2006-01-19,992.5937595176395
2006-01-20,994.3583341686752
2006-01-23,960.2021623868424
2006-01-24,981.8811673816343
2006-01-25,986.1112828112259
2006-01-26,986.1031791736996
2006-01-27,995.0735604083179
2006-01-30,985.103737781378
2006-01-31,981.338292323522
2006-02-01,996.2430387656703
2006-02-02,997.2320701174957
2006-02-03,1004.461701391211
2006-02-06,1005.1906790531228
2006-02-07,1008.1996247355117
2006-02-08,1004.9556963950091
2006-02-09,1004.0656622616417
2006-02-10,1007.437414475088
2006-02-13,1010.8694550779072
2006-02-14,1013.117655643632
2006-02-15,1002.5340426103271
2006-02-16,1003.0332115373305
2006-02-17,999.9201612645564
2006-02-20,964.566147660758
2006-02-21,977.0296496176999
2006-02-22,981.3791698728587
2006-02-23,977.3765798565067
2006-02-24,981.741154885566
2006-02-27,976.8591395301431
2006-02-28,969.801176303778
2006-03-01,963.2156724908859
2006-03-02,958.7836331111931
2006-03-03,956.7123777235679
2006-03-06,926.14805881638
2006-03-07,928.80184187836
2006-03-08,905.9404182453372
2006-03-09,905.7245892620988
2006-03-10,908.8120268401741
2006-03-13,896.0624983015657
2006-03-14,851.1526941827412
2006-03-15,847.2847165050757
2006-03-16,838.9195705936348
2006-03-17,837.7478470837887
2006-03-20,892.8480641060415
2006-03-21,878.483970962431
2006-03-22,887.0995830818201
2006-03-23,896.3337313873909
2006-03-24,894.5874763377801
2006-03-27,836.757810871035
2006-03-28,833.6635923055015
2006-03-29,848.5569688750423
2006-03-30,838.8803666929363
2006-03-31,841.653181192603
2006-04-03,867.9680780694438
2006-04-04,870.9472663056689
2006-04-05,884.2932783440513
2006-04-06,886.7802877193265
2006-04-07,894.6960803935012
2006-04-10,919.4968757321611
2006-04-11,937.8501462481364
2006-04-12,927.452104281897
2006-04-13,928.7045315370088
2006-04-14,928.7045315370088
2006-04-17,906.5965240483057
2006-04-18,897.8029982605343
2006-04-19,881.889205748826
2006-04-20,883.4795245480817
2006-04-21,881.1882132229175
2006-04-24,853.9957533603966
2006-04-25,866.0872528631014
2006-04-26,866.6519124893455
2006-04-27,859.5140153986717
2006-04-28,855.6246573327229
2006-05-01,858.2798784538844
2006-05-02,856.7967183101783
2006-05-03,854.1452071190828
2006-05-04,848.2000888728703
2006-05-05,845.3827595490463
2006-05-08,808.6590882481079
2006-05-09,814.5604126097104
2006-05-10,801.7075478949185
2006-05-11,808.6314415716912
2006-05-12,804.4614042148204
2006-05-15,806.0697572280048
2006-05-16,796.336083318522
2006-05-17,793.4748051617288
2006-05-18,792.9800367755619
2006-05-19,799.5333328962523
2006-05-22,796.3344448468205
2006-05-23,799.4981742116723
2006-05-24,813.046476659595
2006-05-25,812.4540338349872
2006-05-26,816.3635099773891
2006-05-29,812.3769366419491
2006-05-30,804.1686062546272
2006-05-31,812.0769325655493
2006-06-01,814.2519927635068
2006-06-02,807.1677076093446
2006-06-05,822.8589289586159
2006-06-06,836.8330692418127
2006-06-07,850.1928009713819
2006-06-08,860.4544973724156
2006-06-09,859.9101427815351
2006-06-12,865.8419484928737
2006-06-13,860.1820490082008
2006-06-14,843.0085132992245
2006-06-15,843.252108246281
2006-06-16,842.1179426669315
2006-06-19,842.0974073529858
2006-06-20,833.6301809309648
2006-06-21,817.5806280323842
2006-06-22,822.4907602671043
2006-06-23,826.3020864441897
2006-06-26,827.9339487601865
2006-06-27,828.2782196909205
2006-06-28,836.3465368973802
2006-06-29,836.1929214870446
2006-06-30,819.9745783494552
2006-07-03,814.4469328786247
2006-07-04,815.0829388011737
2006-07-05,826.7201230256732
2006-07-06,824.9026868799587
2006-07-07,820.3994162165469
2006-07-10,830.2597453821564
2006-07-11,828.3601507529063
2006-07-12,829.8448426724656
2006-07-13,829.4525892312525
2006-07-14,833.3259283237884
2006-07-17,822.9321989617359
2006-07-18,828.3793643618902
2006-07-19,822.2950169156054
2006-07-20,817.6031664695365
2006-07-21,815.0252981324236
2006-07-24,811.08438756275
2006-07-25,804.4075162918434
2006-07-26,795.8731850671807
2006-07-27,789.1400282248646
2006-07-28,787.16184633593
2006-07-31,786.0214513099028
2006-08-01,779.3141791098666
2006-08-02,775.0722666919502
2006-08-03,776.9038819522294
2006-08-04,770.7281754184279
2006-08-07,790.1900121030963
2006-08-08,797.7121514579453
2006-08-09,805.2383367065613
2006-08-10,812.7652226852009
2006-08-11,813.3382427004112
2006-08-14,816.8747745710173
2006-08-15,812.5796312215369
2006-08-16,800.4048135624586
2006-08-17,800.2172915078908
2006-08-18,802.6687754757413
2006-08-21,798.7972095105769
2006-08-22,804.9058707284025
2006-08-23,806.5856656763399
2006-08-24,806.6487072696552
2006-08-25,809.686336261845
2006-08-28,815.1739749674011
2006-08-29,816.6957138396967
2006-08-30,817.2783789029011
2006-08-31,819.2576476616206
2006-09-01,819.0656866397919
2006-09-04,827.3354998490347
2006-09-05,834.2445153907233
2006-09-06,838.6796838502786
2006-09-07,842.4345235768988
2006-09-08,846.6239205051338
2006-09-11,843.9665935076769
2006-09-12,850.592553391813
2006-09-13,854.0103465081744
2006-09-14,849.1875107147245
2006-09-15,855.8330633459058
2006-09-18,842.8114310085602
2006-09-19,849.7399731470061
2006-09-20,846.8254714115956
2006-09-21,845.5939431338568
2006-09-22,840.2109393169922
2006-09-25,845.7868378317467
2006-09-26,850.252559080117
2006-09-27,847.266015444087
2006-09-28,848.6015019325512
2006-09-29,850.0083013436885
2006-10-02,863.4923757116954
2006-10-03,881.6529332660999
2006-10-04,883.7645473935971
2006-10-05,883.6948965643111
2006-10-06,890.856290077167
2006-10-09,919.9852749286007
2006-10-10,934.4113723551384
2006-10-11,939.4917289311395
2006-10-12,940.4285226940334
2006-10-13,943.5521197720922
2006-10-16,942.2599146652833
2006-10-17,948.4500262587471
2006-10-18,952.6617139068155
2006-10-19,946.3845002161661
2006-10-20,945.8588770558129
2006-10-23,957.824659732305
2006-10-24,958.1300276547479
2006-10-25,955.0092069092585
2006-10-26,948.8281614878482
2006-10-27,944.8012254466377
2006-10-30,932.9907009014419
2006-10-31,918.3252460640548
2006-11-01,907.2815473148472
2006-11-02,907.7938054575304
2006-11-03,912.2095141558534
2006-11-06,920.5059261240646
2006-11-07,912.0062960901774
2006-11-08,924.2795678794464
2006-11-09,921.6787108470736
2006-11-10,916.9482940411397
2006-11-13,903.0159249714253
2006-11-14,904.2430121719292
2006-11-15,903.1195778574976
2006-11-16,903.1900982633739
2006-11-17,901.7114787300641
2006-11-20,860.1272041456442
2006-11-21,877.1132675171693
2006-11-22,860.7837965760857
2006-11-23,859.7203209770576
2006-11-24,850.3958767854406
2006-11-27,825.09779560548
2006-11-28,797.045892640619
2006-11-29,815.1694091432444
2006-11-30,808.6954096832003
2006-12-01,803.9830267898856
2006-12-04,745.7300894803631
2006-12-05,761.6564559022864
2006-12-06,786.6967083254426
2006-12-07,787.8800222927656
2006-12-08,786.7737088586146
2006-12-11,789.4368799497215
2006-12-12,790.1656318768896
2006-12-13,803.6785510286475
2006-12-14,806.7906277229615
2006-12-15,811.783182125006
2006-12-18,843.1540729864532
2006-12-19,838.4697366716906
2006-12-20,828.7822547750395
2006-12-21,830.0098938018247
2006-12-22,830.5777239142657
2006-12-25,840.1361804037061
2006-12-26,835.9095807263201
2006-12-27,845.5899601313988
2006-12-28,844.4319261767927
2006-12-29,841.8238777205825
2007-01-01,841.8238777205825
2007-01-02,836.0542695208029
2007-01-03,841.2497111562624
2007-01-04,847.9155828492056
2007-01-05,854.1802456385637
2007-01-08,869.9774284571039
2007-01-09,880.6356229010836
2007-01-10,878.250679942422
2007-01-11,882.2186045992862
2007-01-12,879.3534832852966
2007-01-15,848.3596399602798
2007-01-16,850.328050603782
2007-01-17,846.0218195189415
2007-01-18,845.8102037979968
2007-01-19,846.1369101998656
2007-01-22,843.1373233173159
2007-01-23,843.5367759186748
2007-01-24,844.3481851805358
2007-01-25,843.5673753919052
2007-01-26,848.2740165657763
2007-01-29,858.1756879782359
2007-01-30,857.4204960061704
2007-01-31,855.1784848861423
2007-02-01,853.0447263689886
2007-02-02,856.2006203815293
2007-02-05,842.6958884829324
2007-02-06,845.0320654225111
2007-02-07,837.0153007651464
2007-02-08,835.8919819201972
2007-02-09,838.238866121141
2007-02-12,861.8279976679971
2007-02-13,864.31331413526
2007-02-14,855.530035114636
2007-02-15,854.7189926333523
2007-02-16,856.0216697034735
2007-02-19,865.4814841553876
2007-02-20,874.0068182722028
2007-02-21,872.1684018299321
2007-02-22,873.8498681020592
2007-02-23,870.0845157645957
2007-02-26,869.8202632257355
2007-02-27,866.8351332306006
2007-02-28,870.3120864363802
2007-03-01,873.2870603350954
2007-03-02,872.8229515075251
2007-03-05,886.5272604361875
2007-03-06,886.0827854761014
2007-03-07,889.7194581765559
2007-03-08,891.6917238609606
2007-03-09,892.507699815994
2007-03-12,913.5440440749198
2007-03-13,912.4776715573473
2007-03-14,915.1871088531921
2007-03-15,914.2106895827042
2007-03-16,910.1571495319483
2007-03-19,942.8261500428603
2007-03-20,951.0317561187152
2007-03-21,948.5185145266203
2007-03-22,945.0110755338476
2007-03-23,949.0606662796605
2007-03-26,951.7363699787212
2007-03-27,947.89567069896
2007-03-28,935.0459849054797
2007-03-29,937.4303223627705
2007-03-30,938.9796193685157
2007-04-02,926.4634918095605
2007-04-03,933.5595130939303
2007-04-04,942.57076931442
2007-04-05,938.5459436499357
2007-04-06,938.5459436499357
2007-04-09,954.8341310581205
2007-04-10,932.0788472647627
2007-04-11,927.4221943715887
2007-04-12,923.4366805514463
2007-04-13,922.2749960456281
2007-04-16,932.619214628894
2007-04-17,930.7460029776029
2007-04-18,926.5622123146006
2007-04-19,924.9280037461239
2007-04-20,925.880590795261
2007-04-23,933.8950986201069
2007-04-24,938.3677536128778
2007-04-25,943.2608149640768
2007-04-26,947.0739306028277
2007-04-27,944.2753415467365
2007-04-30,947.7915477569461
2007-05-01,970.0454230657409
2007-05-02,974.5935469423083
2007-05-03,976.7488531535259
2007-05-04,975.1673646700391
2007-05-07,994.4188230109266
2007-05-08,1000.4402178061846
2007-05-09,996.8468207528841
2007-05-10,999.6869452699409
2007-05-11,998.9846323854841
2007-05-14,999.642584467716
2007-05-15,985.2505159619545
2007-05-16,996.6485638771876
2007-05-17,1002.7060950811256
2007-05-18,1002.4831806874657
2007-05-21,1019.8686148729562
2007-05-22,1038.1449435347934
2007-05-23,1047.0289294366357
2007-05-24,1052.3331411816825
2007-05-25,1050.6908868090882
2007-05-28,1060.3612527770526
2007-05-29,1064.3098879053816
2007-05-30,1078.2243105669338
2007-05-31,1076.8874306321945
2007-06-01,1079.9370801730543
2007-06-04,1056.9162969477504
2007-06-05,1046.1982501235968
2007-06-06,1045.0698960421992
2007-06-07,1047.710039926394
2007-06-08,1055.2909034691606
2007-06-11,1063.898652913223
2007-06-12,1073.6156992096855
2007-06-13,1088.4700094848995
2007-06-14,1088.193619297697
2007-06-15,1084.0001164995952
2007-06-18,1106.826047158079
2007-06-19,1102.9368242313008
2007-06-20,1110.4550384506363
2007-06-21,1112.2227342311817
2007-06-22,1109.7379680974411
2007-06-25,1103.7214661052792
2007-06-26,1102.771141394816
2007-06-27,1104.596178591513
2007-06-28,1102.0801693147023
2007-06-29,1098.7344740837293
2007-07-02,1105.9633495789583
2007-07-03,1103.6174638653918
2007-07-04,1114.6439403483212
2007-07-05,1116.6110313861066
2007-07-06,1113.9897825870487
2007-07-09,1120.3079751439122
2007-07-10,1113.5939548263073
2007-07-11,1097.8583262599186
2007-07-12,1102.507049323505
2007-07-13,1102.1868904649407
2007-07-16,1081.9978366711223
2007-07-17,1089.7686030412017
2007-07-18,1083.8135002860913
2007-07-19,1082.7157691228424
2007-07-20,1081.7766250099746
2007-07-23,1075.6089986034563
2007-07-24,1083.866048512021
2007-07-25,1120.9759612475689
2007-07-26,1119.4355956354032
2007-07-27,1124.6821174120257
2007-07-30,1115.5212323149142
2007-07-31,1119.6082596812364
2007-08-01,1113.532804994272
2007-08-02,1113.6956795772237
2007-08-03,1106.2524335984285
2007-08-06,1098.5836759835358
2007-08-07,1108.5562667800875
2007-08-08,1108.8410972578095
2007-08-09,1117.5056667551307
2007-08-10,1119.711511913766
2007-08-13,1107.8167269000244
2007-08-14,1123.149034621474
2007-08-15,1140.6044391115229
2007-08-16,1146.3919331875281
2007-08-17,1138.3350503815702
2007-08-20,1142.0417564831996
2007-08-21,1141.9538630087468
2007-08-22,1136.040977336777
2007-08-23,1131.5047625040388
2007-08-24,1126.1950653379092
2007-08-27,1139.3167437551135
2007-08-28,1148.5243831544155
2007-08-29,1141.7959822153148
2007-08-30,1142.7170217639061
2007-08-31,1143.0523137563548
2007-09-03,1148.3883614087345
2007-09-04,1148.4561389838832
2007-09-05,1144.6539002131915
2007-09-06,1154.3276837873798
2007-09-07,1148.4933096268428
2007-09-10,1123.2729560385249
2007-09-11,1125.58009464873
2007-09-12,1123.3408856052547
2007-09-13,1126.4496230506804
2007-09-14,1126.6631653339591
2007-09-17,1134.992584688789
2007-09-18,1140.5467276209772
2007-09-19,1125.250268455686
2007-09-20,1117.7203283944461
2007-09-21,1117.5629558724572
2007-09-24,1128.89719118169
2007-09-25,1127.1480764917192
2007-09-26,1125.2808417668305
2007-09-27,1121.1300125268847
2007-09-28,1116.0104593190742
2007-10-01,1116.1002976700115
2007-10-02,1132.9353097189478
2007-10-03,1139.0045693392003
2007-10-04,1135.986644765346
2007-10-05,1135.829810856363
2007-10-08,1145.7134200858357
2007-10-09,1139.2637641089448
2007-10-10,1135.6453639503518
2007-10-11,1139.4025862930814
2007-10-12,1144.7090514305294
2007-10-15,1139.426922437452
2007-10-16,1153.5508936550086
2007-10-17,1148.549357749222
2007-10-18,1141.1193424615976
2007-10-19,1144.2635673659483
2007-10-22,1147.4439528357432
2007-10-23,1145.1073076914531
2007-10-24,1149.7210599002406
2007-10-25,1136.7071353878648
2007-10-26,1130.7938100038434
2007-10-29,1102.4294110850014
2007-10-30,1073.6281693859116
2007-10-31,1080.989247721968
2007-11-01,1097.4592045033644
2007-11-02,1094.0949042546831
2007-11-05,1079.5190026186897
2007-11-06,1073.6028289666842
2007-11-07,1057.421287849543
2007-11-08,1039.6073729133186
2007-11-09,1041.8233284956123
2007-11-12,1029.401159293024
2007-11-13,1014.8772761020888
2007-11-14,1021.2363081575999
2007-11-15,1037.8102984958236
2007-11-16,1037.4556734151827
2007-11-19,1050.408369602814
2007-11-20,1054.7619409261526
2007-11-21,1054.1180059301003
2007-11-22,1052.360609985844
2007-11-23,1057.1224181204616
2007-11-26,1029.120439093553
2007-11-27,1021.5345561759668
2007-11-28,1013.6251114350723
2007-11-29,995.334006105436
2007-11-30,1000.0000000000003
2007-12-03,1013.408096565573
2007-12-04,1010.8487704903797
2007-12-05,1015.3557799061531
2007-12-06,1024.6114601382178
2007-12-07,1022.3389742164591
2007-12-10,1025.4080848428707
2007-12-11,1018.2344236562795
2007-12-12,1016.6097728435997
2007-12-13,1022.5937333992692
2007-12-14,1032.5416763267642
2007-12-17,1045.0439598772307
2007-12-18,1043.610009722138
2007-12-19,1045.2692333333082
2007-12-20,1047.0668121173496
2007-12-21,1045.8611254930308
2007-12-24,1055.7264772497633
2007-12-25,1050.0266742788888
2007-12-26,1036.1689969671525
2007-12-27,1043.5043961823578
2007-12-28,1035.3663006839622
2007-12-31,1041.8698872831637
2008-01-01,1041.8698872831637
2008-01-02,1044.3324151013762
2008-01-03,1052.5612874000994
2008-01-04,1049.2409128163397
2008-01-07,1082.7094398472723
2008-01-08,1088.0894196983209
2008-01-09,1098.8851412497054
2008-01-10,1095.0898788918453
2008-01-11,1091.5432244075516
2008-01-14,1108.9237216774477
2008-01-15,1131.0561821518631
2008-01-16,1160.1971882590644
2008-01-17,1150.0408693910929
2008-01-18,1153.8055484862336
2008-01-21,1140.3835798628024
2008-01-22,1105.1715100900701
2008-01-23,1123.371099868316
2008-01-24,1112.886217858615
2008-01-25,1114.634782584296
2008-01-28,1111.3620919699747
2008-01-29,1122.309991963141
2008-01-30,1129.167500373779
2008-01-31,1129.375976322126
2008-02-01,1128.3253633235738
2008-02-04,1148.3766822172577
2008-02-05,1166.041641848326
2008-02-06,1157.212712484536
2008-02-07,1176.9795552577052
2008-02-08,1177.3327729377245
2008-02-11,1160.7737666623605
2008-02-12,1152.8165376086317
2008-02-13,1153.337685721691
2008-02-14,1146.4407953000039
2008-02-15,1141.7067706425437
2008-02-18,1149.4349959673596
2008-02-19,1146.431593296009
2008-02-20,1159.3742722643644
2008-02-21,1148.8709351166992
2008-02-22,1148.5598009780788
2008-02-25,1146.9004813009785
2008-02-26,1143.1024901128249
2008-02-27,1141.725235062106
2008-02-28,1143.59812329024
2008-02-29,1144.459759166443
2008-03-03,1141.3372740863588
2008-03-04,1143.3201749510763
2008-03-05,1135.7847824113499
2008-03-06,1138.8032600362526
2008-03-07,1139.2967441849767
2008-03-10,1133.4292405590252
2008-03-11,1147.2509954980785
2008-03-12,1129.376938507095
2008-03-13,1130.2669111055234
2008-03-14,1130.417929659298
2008-03-17,1106.6506789797193
2008-03-18,1104.8643581842439
2008-03-19,1129.1105545001656
2008-03-20,1145.2337966207963
2008-03-21,1145.2337966207963
2008-03-24,1129.0766416579127
2008-03-25,1095.9137964775282
2008-03-26,1069.5006237346597
2008-03-27,1075.6227461829458
2008-03-28,1077.1356812959564
2008-03-31,1048.9120150389351
2008-04-01,1067.2658425179138
2008-04-02,1078.2572203056734
2008-04-03,1085.9620487148409
2008-04-04,1078.5463955316204
2008-04-07,1076.1222959488155
2008-04-08,1086.3497440225203
2008-04-09,1081.6997914392716
2008-04-10,1091.3629429789685
2008-04-11,1089.840677837581
2008-04-14,1080.3195956277175
2008-04-15,1077.3126420524438
2008-04-16,1070.8706924497512
2008-04-17,1066.4879247280087
2008-04-18,1077.1339049446199
2008-04-21,1060.3207915218306
2008-04-22,1050.0822523274055
2008-04-23,1054.5868172477567
2008-04-24,1048.587684362824
2008-04-25,1051.3331165323616
2008-04-28,1040.4755351675703
2008-04-29,1061.1069686361654
2008-04-30,1057.467274905606
2008-05-01,1069.0793798712684
2008-05-02,1071.468149672295
2008-05-05,1074.6581023934218
2008-05-06,1076.4997966543965
2008-05-07,1078.2279387602903
2008-05-08,1075.6130926222515
2008-05-09,1075.178879167918
2008-05-12,1062.5481531466867
2008-05-13,1053.8389595246229
2008-05-14,1055.7138145391416
2008-05-15,1055.1408796399744
2008-05-16,1050.2834044736205
2008-05-19,1056.101838853793
2008-05-20,1052.471950094804
2008-05-21,1043.3987185811031
2008-05-22,1043.645874055454
2008-05-23,1040.5301781528015
2008-05-26,1033.798172547774
2008-05-27,1024.910314445901
2008-05-28,1025.526622724377
2008-05-29,1034.3797479951952
2008-05-30,1035.603186903719
2008-06-02,1072.1716396022873
2008-06-03,1081.7183256084106
2008-06-04,1081.485826084429
2008-06-05,1078.7595419035524
2008-06-06,1067.1940371390517
2008-06-09,1059.8614577709825
2008-06-10,1073.5984499328463
2008-06-11,1071.3623288694098
2008-06-12,1068.3669247714363
2008-06-13,1073.2550169902506
2008-06-16,1069.783597226637
2008-06-17,1077.3104621480506
2008-06-18,1071.9950885668713
2008-06-19,1069.5855704211358
2008-06-20,1061.5308495551458
2008-06-23,1080.1678551631155
2008-06-24,1070.5012571176383
2008-06-25,1062.9642258558883
2008-06-26,1050.4870507971832
2008-06-27,1051.942697157648
2008-06-30,1038.0514681504321
2008-07-01,1042.2073696248733
2008-07-02,1029.7359795574357
2008-07-03,1034.8634145746591
2008-07-04,1035.1742531964926
2008-07-07,1021.3168109791571
2008-07-08,1012.6532105196382
2008-07-09,986.4496409986153
2008-07-10,991.5085037662301
2008-07-11,985.4250713682301
2008-07-14,978.1530927494968
2008-07-15,968.5250243507002
2008-07-16,963.3575447919249
2008-07-17,970.3959108010713
2008-07-18,971.1650166383838
2008-07-21,998.7990252623742
2008-07-22,991.8138710010536
2008-07-23,1007.0506298971105
2008-07-24,1023.029579274085
2008-07-25,1023.8652658191007
2008-07-28,1017.235817383884
2008-07-29,1016.8494964749192
2008-07-30,1025.2910815713553
2008-07-31,1023.6804267862947
2008-08-01,1025.0275360052926
2008-08-04,1015.7587206413584
2008-08-05,1023.1633918379016
2008-08-06,1031.9854017124444
2008-08-07,1029.6933507311676
2008-08-08,1049.3904695217884
2008-08-11,1031.7293339092419
2008-08-12,1016.4911102829616
2008-08-13,1022.4936127511731
2008-08-14,1043.261353849747
2008-08-15,1055.6737723651122
2008-08-18,1050.7837278227391
2008-08-19,1049.1618522517379
2008-08-20,1044.8462781562964
2008-08-21,1034.4679150212003
2008-08-22,1037.2062887250368
2008-08-25,1032.8419050969076
2008-08-26,1036.4797833825735
2008-08-27,1028.9937682732166
2008-08-28,1028.5185419851405
2008-08-29,1028.5185419851405
2008-09-01,1010.4108856824644
2008-09-02,1002.2842075919508
2008-09-03,1017.7676441708659
2008-09-04,1014.2720221779535
2008-09-05,1022.8045780096584
2008-09-08,995.250933284038
2008-09-09,1008.7785081819017
2008-09-10,992.3131151231049
2008-09-11,993.6001796497708
2008-09-12,978.489403411312
2008-09-15,899.7689187346325
2008-09-16,924.0863296597795
2008-09-17,949.558617305029
2008-09-18,950.8577597041993
2008-09-19,948.456541659018
2008-09-22,954.5954813277042
2008-09-23,925.7439617997553
2008-09-24,914.9859483411143
2008-09-25,889.8333285349403
2008-09-26,893.2763312784482
2008-09-29,924.5857671224271
2008-09-30,949.94721453611
2008-10-01,951.3625379889111
2008-10-02,966.5593029272917
2008-10-03,965.3054464544587
2008-10-06,898.4879127442273
2008-10-07,852.7713355973121
2008-10-08,849.9564474182691
2008-10-09,901.3268814530531
2008-10-10,912.0934528446047
2008-10-13,931.5909435949754
2008-10-14,921.9657776853613
2008-10-15,936.3148374491643
2008-10-16,941.5005693149836
2008-10-17,938.2459303176121
2008-10-20,879.2888203965522
2008-10-21,916.6388529763964
2008-10-22,901.8694570607903
2008-10-23,867.6894631347812
2008-10-24,878.3905823056821
2008-10-27,836.4545140637966
2008-10-28,831.4339191208041
2008-10-29,818.2477937061614
2008-10-30,838.8608606450854
2008-10-31,839.2805844260124
2008-11-03,814.7441906514596
2008-11-04,797.596547749557
2008-11-05,790.0652411732465
2008-11-06,807.3770725249797
2008-11-07,807.0144203253284
2008-11-10,760.3365235069413
2008-11-11,740.588743065743
2008-11-12,708.0283199792091
2008-11-13,675.8063554226322
2008-11-14,669.448839021087
2008-11-17,640.9958297238041
2008-11-18,669.2477016565402
2008-11-19,711.9142630310201
2008-11-20,749.67290946785
2008-11-21,747.6295444771733
2008-11-24,720.5356892340487
2008-11-25,726.8386853261883
2008-11-26,728.8080652631556
2008-11-27,756.9997658395012
2008-11-28,767.0009268797946
2008-12-01,789.0580755622324
2008-12-02,763.4343311301728
2008-12-03,777.3477445357581
2008-12-04,784.6058149374146
2008-12-05,787.809422726901
2008-12-08,774.2493715467996
2008-12-09,775.8977782371728
2008-12-10,770.9318219860311
2008-12-11,758.6746070828125
2008-12-12,751.5527827412154
2008-12-15,737.0330242777175
2008-12-16,721.7930390486455
2008-12-17,685.6025127854291
2008-12-18,659.4535614638517
2008-12-19,681.3147384005136
2008-12-22,610.3966317178929
2008-12-23,643.368975946634
2008-12-24,649.9903374969022
2008-12-25,622.4202985504078
2008-12-26,619.6552650020498
2008-12-29,582.2217866273636
2008-12-30,584.0060786480684
2008-12-31,568.6040869933666
2009-01-01,568.6040869933666
2009-01-02,567.4422401876693
2009-01-05,528.3939370186524
2009-01-06,556.414240468898
2009-01-07,541.0022038238283
2009-01-08,541.3717484971307
2009-01-09,549.2600367098885
2009-01-12,529.4177284352713
2009-01-13,529.3070645260335
2009-01-14,545.5241503353516
2009-01-15,520.427922579337
2009-01-16,513.614345691892
2009-01-19,480.79263636234145
2009-01-20,460.68797603521483
2009-01-21,442.06977370565914
2009-01-22,430.71557210633006
2009-01-23,436.4993641148048
2009-01-26,458.47436856674534
2009-01-27,478.5462703599634
2009-01-28,479.60604373630656
2009-01-29,502.2061712251086
2009-01-30,511.6871371774949
2009-02-02,512.5407315448496
2009-02-03,522.8072671902164
2009-02-04,534.7258275778356
2009-02-05,520.3323648091164
2009-02-06,520.2068031491282
2009-02-09,473.30132377879636
2009-02-10,475.4432750100387
2009-02-11,500.92605604559367
2009-02-12,508.56623067286625
2009-02-13,504.23449902730187
2009-02-16,501.7381558383948
2009-02-17,505.6030727026857
2009-02-18,498.8936248986493
2009-02-19,505.45558095297554
2009-02-20,506.2987264780943
2009-02-23,484.6136964367402
2009-02-24,465.47864077059864
2009-02-25,466.6987933603312
2009-02-26,464.6856618255039
2009-02-27,465.72166795073315
2009-03-02,484.26382986367554
2009-03-03,472.9242438081243
2009-03-04,499.1911178863506
2009-03-05,505.1413221870094
2009-03-06,498.9641424592992
2009-03-09,508.1755906985276
2009-03-10,501.0535539488222
2009-03-11,507.89019001356405
2009-03-12,507.7969263334287
2009-03-13,504.11381310620243
2009-03-16,520.7461281053661
2009-03-17,508.17959259664764
2009-03-18,512.8443169967209
2009-03-19,501.85249771435053
2009-03-20,507.9196393328057
2009-03-23,507.87408447151466
2009-03-24,502.55667629451125
2009-03-25,498.14131239836104
2009-03-26,503.55974881994547
2009-03-27,513.1533454174094
2009-03-30,503.4375744885733
2009-03-31,499.15049528371816
2009-04-01,507.8063134586727
2009-04-02,508.31415983624345
2009-04-03,508.9957237587026
2009-04-06,551.7351938460945
2009-04-07,552.9884892367659
2009-04-08,539.6923066118509
2009-04-09,544.8887128042257
2009-04-10,544.8887128042257
2009-04-13,560.6283798687545
2009-04-14,549.0282348225891
2009-04-15,552.9567024252304
2009-04-16,566.5567260250649
2009-04-17,571.6994717320576
2009-04-20,586.0075682240342
2009-04-21,576.1890765846803
2009-04-22,569.0792631274879
2009-04-23,557.6867243197005
2009-04-24,550.6609204579775
2009-04-27,562.2492088517306
2009-04-28,565.8984084815515
2009-04-29,562.7708461445976
2009-04-30,560.7678173374608
2009-05-01,561.5515710170712
2009-05-04,560.2268705121218
2009-05-05,569.4902603670844
2009-05-06,574.1029357190083
2009-05-07,564.159995462759
2009-05-08,561.5966161866555
2009-05-11,559.2225965435512
2009-05-12,564.0094227957002
2009-05-13,560.2365917543935
2009-05-14,549.490939585588
2009-05-15,549.5125963961292
2009-05-18,564.0916836313357
2009-05-19,564.2837337455793
2009-05-20,556.9507173966483
2009-05-21,560.0611553724241
2009-05-22,551.9781994151072
2009-05-25,566.7133140549588
2009-05-26,576.8233749978407
2009-05-27,593.1238460320247
2009-05-28,589.0560585117581
2009-05-29,581.3287568976366
2009-06-01,613.3678555021868
2009-06-02,614.4628687238409
2009-06-03,628.1960065191423
2009-06-04,639.4109767394173
2009-06-05,645.6230291709699
2009-06-08,635.4660751231947
2009-06-09,627.884762630507
2009-06-10,640.7741688985483
2009-06-11,642.8486191094913
2009-06-12,644.8354233875324
2009-06-15,662.3909236675908
2009-06-16,650.8185875571969
2009-06-17,653.0178370242689
2009-06-18,654.7843520380395
2009-06-19,654.6115868007222
2009-06-22,632.2979567470557
2009-06-23,625.5270797784207
2009-06-24,643.0951562490021
2009-06-25,650.795131562369
2009-06-26,645.2258711956767
2009-06-29,625.4924856517074
2009-06-30,628.1419738926847
2009-07-01,640.5129082824999
2009-07-02,645.5000205458144
2009-07-03,645.9670152600354
2009-07-06,588.365945131269
2009-07-07,596.5529282472446
2009-07-08,589.2246720334269
2009-07-09,569.0421085596613
2009-07-10,570.849892035383
2009-07-13,578.0136086023599
2009-07-14,594.9215859785877
2009-07-15,597.5974665644789
2009-07-16,592.533167596566
2009-07-17,591.6703524424403
2009-07-20,581.5661587597332
2009-07-21,592.6005974287928
2009-07-22,601.2216717128271
2009-07-23,599.5127565495209
2009-07-24,602.378759467599
2009-07-27,615.6802994500505
2009-07-28,616.3575509167998
2009-07-29,611.5526162309023
2009-07-30,615.8305181480707
2009-07-31,611.1540508080168
2009-08-03,606.1962510843928
2009-08-04,611.8725566388626
2009-08-05,613.4803602734269
2009-08-06,616.147767406425
2009-08-07,621.5038697256945
2009-08-10,623.1319001011236
2009-08-11,642.3752591249097
2009-08-12,619.5517869899011
2009-08-13,615.8650086079664
2009-08-14,618.9128940125836
2009-08-17,639.8033127912415
2009-08-18,641.2446204502131
2009-08-19,638.4649817284871
2009-08-20,624.6578999188237
2009-08-21,622.7721874142768
2009-08-24,635.331294165372
2009-08-25,645.0475310182239
2009-08-26,653.2089083785465
2009-08-27,652.4354299984851
2009-08-28,647.2708957963766
2009-08-31,646.7920938033948
2009-09-01,640.3330684497093
2009-09-02,641.3510562948616
2009-09-03,639.5717431191016
2009-09-04,641.4761628770037
2009-09-07,644.5157562462668
2009-09-08,626.10946187794
2009-09-09,629.0601905820079
2009-09-10,613.7489560599312
2009-09-11,611.7328773676555
2009-09-14,610.6836376462301
2009-09-15,609.7610040010117
2009-09-16,607.8681541129798
2009-09-17,612.7462375551519
2009-09-18,613.3401893429599
2009-09-21,614.9202157364904
2009-09-22,610.6511876789875
2009-09-23,611.0608281344926
2009-09-24,613.1295264764972
2009-09-25,613.7972871751305
2009-09-28,621.9162068126609
2009-09-29,623.4198478589815
2009-09-30,619.1051075804205
2009-10-01,616.6701465325633
2009-10-02,615.0479256581104
2009-10-05,625.2462513880026
2009-10-06,624.2762350770817
2009-10-07,635.2109281887443
2009-10-08,627.9011857270863
2009-10-09,627.8275382107793
2009-10-12,601.7327864405221
2009-10-13,610.8351134150927
2009-10-14,603.8572520669852
2009-10-15,598.3963511008861
2009-10-16,600.8254406915963
2009-10-19,600.0285593358328
2009-10-20,603.4876793447775
2009-10-21,599.4324179064481
2009-10-22,598.2873959299042
2009-10-23,596.6132890519968
2009-10-26,577.5741929325285
2009-10-27,582.5839705308074
2009-10-28,572.9994758468554
2009-10-29,558.2469614002347
2009-10-30,560.2764394415568
2009-11-02,545.2642921020748
2009-11-03,549.7070921362416
2009-11-04,562.2940157976261
2009-11-05,555.4637529430477
2009-11-06,556.0202940372773
2009-11-09,547.5262902146935
2009-11-10,540.8015129492975
2009-11-11,523.2282962640038
2009-11-12,522.2937224273498
2009-11-13,521.6611925563461
2009-11-16,508.21801700910333
2009-11-17,480.94306569286266
2009-11-18,472.10502461440524
2009-11-19,486.73132589651493
2009-11-20,487.124736862787
2009-11-23,483.69716481640995
2009-11-24,498.04967229869516
2009-11-25,498.16933981737594
2009-11-26,500.6764678941259
2009-11-27,500.9940393476391
2009-11-30,499.968193045573
2009-12-01,474.2345674796173
2009-12-02,468.06661256067855
2009-12-03,475.5334624841248
2009-12-04,480.6920011383243
2009-12-07,484.82957301973534
2009-12-08,499.23732698632375
2009-12-09,489.9731463709203
2009-12-10,494.8336937878699
2009-12-11,498.0628646024445
2009-12-14,509.76610078147405
2009-12-15,520.7012987229347
2009-12-16,526.2225320093881
2009-12-17,538.03485889011
2009-12-18,540.427429779353
2009-12-21,532.6407700571323
2009-12-22,528.8013838891848
2009-12-23,522.726270505912
2009-12-24,517.9955177694062
2009-12-25,517.9955177694062
2009-12-28,520.0603099467726
2009-12-29,517.1133654532925
2009-12-30,512.9494941895034
2009-12-31,515.73567491058
2010-01-01,515.73567491058
2010-01-04,497.02427721715867
2010-01-05,507.2552753332021
2010-01-06,507.4544069555192
2010-01-07,517.4135688068169
2010-01-08,518.3525831487958
2010-01-11,514.1162745231587
2010-01-12,507.03520872738164
2010-01-13,505.17033881396895
2010-01-14,505.7860909226785
2010-01-15,509.0551329516301
2010-01-18,508.0057093222406
2010-01-19,510.27638341544497
2010-01-20,520.3521285176352
2010-01-21,521.1545624893529
2010-01-22,519.0575952444051
2010-01-25,510.97369501356326
2010-01-26,512.1682777752628
2010-01-27,500.315582458288
2010-01-28,507.5585524277026
2010-01-29,508.1753182237401
2010-02-01,509.90833392570266
2010-02-02,513.2100360440969
2010-02-03,514.2737926363305
2010-02-04,523.4975053377375
2010-02-05,527.3244957917328
2010-02-08,552.7754275435125
2010-02-09,564.0605027518246
2010-02-10,563.2158366391391
2010-02-11,567.907252731015
2010-02-12,567.9371343270008
2010-02-15,594.2773469079452
2010-02-16,604.5870855180356
2010-02-17,604.0236410814472
2010-02-18,612.867199091935
2010-02-19,616.5009304031325
2010-02-22,622.5985890769163
2010-02-23,625.4970962833643
2010-02-24,615.9755158672064
2010-02-25,621.4124450350237
2010-02-26,616.6207759038557
2010-03-01,622.3857875267688
2010-03-02,625.629524382174
2010-03-03,625.1168923003511
2010-03-04,636.4155423478329
2010-03-05,635.2670281043902
2010-03-08,620.6424480168012
2010-03-09,636.7572899244268
2010-03-10,631.3131390242938
2010-03-11,634.3107918205477
2010-03-12,631.1630474152937
2010-03-15,640.3729735020748
2010-03-16,622.8888913643847
2010-03-17,629.0194625041416
2010-03-18,634.1423065932535
2010-03-19,636.9483538081377
2010-03-22,650.1871822128438
2010-03-23,652.2280740505431
2010-03-24,666.7340642197736
2010-03-25,669.9021217376701
2010-03-26,667.5890560459355
2010-03-29,659.8688570812091
2010-03-30,662.0227799942962
2010-03-31,644.1070902203156
2010-04-01,649.2143386306516
2010-04-02,649.2143386306516
2010-04-05,662.5733647132332
2010-04-06,668.6954764220404
2010-04-07,667.7020692000565
2010-04-08,671.2403047586956
2010-04-09,667.2594047922196
2010-04-12,662.796478644102
2010-04-13,656.6511476567963
2010-04-14,638.3959889863356
2010-04-15,638.4062362811163
2010-04-16,640.9481112101979
2010-04-19,647.1184524711889
2010-04-20,635.0695939802965
2010-04-21,634.2198634736402
2010-04-22,647.6714015310815
2010-04-23,644.5877007949863
2010-04-26,645.8716721982634
2010-04-27,654.5738830704965
2010-04-28,663.2940864202587
2010-04-29,653.7651717366813
2010-04-30,651.6349549866301
2010-05-03,661.9908567939177
2010-05-04,666.5311680960975
2010-05-05,665.5925823726519
2010-05-06,667.2982030028065
2010-05-07,670.5260277253765
2010-05-10,664.7570627760716
2010-05-11,668.6986969746667
2010-05-12,674.3279265181964
2010-05-13,686.0818662793525
2010-05-14,692.4329853110594
2010-05-17,692.5282594557369
2010-05-18,692.0548277532929
2010-05-19,684.3215073645187
2010-05-20,688.2247171502339
2010-05-21,675.913968329617
2010-05-24,675.6534753862164
2010-05-25,666.8907787358978
2010-05-26,668.1857219200774
2010-05-27,672.2510035404862
2010-05-28,668.1666177648813
2010-05-31,636.9362044796518
2010-06-01,661.7544408356499
2010-06-02,667.2517675976036
2010-06-03,669.6798094318632
2010-06-04,679.7550407455379
2010-06-07,675.2846199490787
2010-06-08,678.7873531941767
2010-06-09,671.7230649787251
2010-06-10,671.7809393234808
2010-06-11,669.0154725636617
2010-06-14,639.4604170321962
2010-06-15,631.4310951260085
2010-06-16,636.1864443465449
2010-06-17,641.390945764016
2010-06-18,642.1469668433978
2010-06-21,653.2282751017218
2010-06-22,658.1207009932997
2010-06-23,659.2030870314017
2010-06-24,651.1349011063019
2010-06-25,654.7582575928432
2010-06-28,641.1282254999287
2010-06-29,651.2667249081134
2010-06-30,635.2883952815142
2010-07-01,614.413540008638
2010-07-02,606.8528868884113
2010-07-05,598.5223602814823
2010-07-06,602.3555789384901
2010-07-07,617.7260678177645
2010-07-08,621.4994810049989
2010-07-09,623.7870280716656
2010-07-12,638.1532082670341
2010-07-13,634.0093114955708
2010-07-14,633.5371187153663
2010-07-15,624.5149325849944
2010-07-16,617.4221220374859
2010-07-19,626.2061165176
2010-07-20,633.3491916317901
2010-07-21,647.3568477309528
2010-07-22,643.2271967703223
2010-07-23,650.6518513760832
2010-07-26,651.5921428739732
2010-07-27,649.1845208628309
2010-07-28,649.4343643330889
2010-07-29,650.6533312970921
2010-07-30,653.2728786397239
2010-08-02,646.9834386341114
2010-08-03,646.5864322538217
2010-08-04,648.5828504925597
2010-08-05,651.7004680083502
2010-08-06,645.9091159734315
2010-08-09,656.6166918250036
2010-08-10,666.5700849154101
2010-08-11,675.7374831986749
2010-08-12,681.4339241775288
2010-08-13,685.4165696676072
2010-08-16,668.2178274263367
2010-08-17,679.4340302190345
2010-08-18,673.6285623064822
2010-08-19,686.0011623976071
2010-08-20,694.5561298951393
2010-08-23,705.1216932912324
2010-08-24,709.3904132390046
2010-08-25,712.6676835170525
2010-08-26,703.165965536891
2010-08-27,705.4685762184365
2010-08-30,708.4907134946122
2010-08-31,707.4138102599169
2010-09-01,706.2994345503238
2010-09-02,716.1787036075876
2010-09-03,713.7614007894616
2010-09-06,731.1198308018102
2010-09-07,744.6923593964799
2010-09-08,743.0385764978757
2010-09-09,743.5761761850385
2010-09-10,744.2773324096356
2010-09-13,735.9783466525523
2010-09-14,736.4312808720016
2010-09-15,735.0191114032444
2010-09-16,734.4598411998916
2010-09-17,737.7411373784208
2010-09-20,734.767484709131
2010-09-21,728.6054592393741
2010-09-22,720.128133958243
2010-09-23,715.1816819725512
2010-09-24,703.9020583902682
2010-09-27,696.2527482960047
2010-09-28,698.5594396770042
2010-09-29,719.858918881904
2010-09-30,724.8221025422627
2010-10-01,720.5985202829935
2010-10-04,725.030142142424
2010-10-05,716.5956301848182
2010-10-06,716.5114587930768
2010-10-07,727.1133068826043
2010-10-08,727.0152909007716
2010-10-11,729.7204203503858
2010-10-12,739.8726117540069
2010-10-13,740.6724193484905
2010-10-14,723.2672466295611
2010-10-15,727.0354733721625
2010-10-18,737.028786925702
2010-10-19,736.1978424441871
2010-10-20,724.3008686995518
2010-10-21,715.6737645424838
2010-10-22,721.3228838153356
2010-10-25,726.3346153681614
2010-10-26,736.265512301914
2010-10-27,739.6979991447093
2010-10-28,731.1249155347068
2010-10-29,731.2038195834372
2010-11-01,731.2790814280268
2010-11-02,737.0128032890364
2010-11-03,737.6008006670262
2010-11-04,723.8850621699966
2010-11-05,732.375130902868
2010-11-08,731.6733298936173
2010-11-09,723.7858973136364
2010-11-10,747.4833541938141
2010-11-11,734.2566939712964
2010-11-12,732.7493197597325
2010-11-15,737.2302027746298
2010-11-16,738.93471978258
2010-11-17,739.8797498923556
2010-11-18,736.3270983629678
2010-11-19,733.6415918252818
2010-11-22,738.5622200162836
2010-11-23,741.3874386356282
2010-11-24,751.7666715541269
2010-11-25,746.5992637462641
2010-11-26,753.8620443386809
2010-11-29,751.5040029339849
2010-11-30,753.0797537439822
2010-12-01,739.7468988783892
2010-12-02,729.1764369786856
2010-12-03,719.9922813658545
2010-12-06,738.5001418213383
2010-12-07,735.4208870401872
2010-12-08,748.3628589492499
2010-12-09,742.0596444120916
2010-12-10,740.1140157026779
2010-12-13,741.4119338145159
2010-12-14,744.0382715982619
2010-12-15,762.8936852078988
2010-12-16,770.7353338815907
2010-12-17,772.3857400129456
2010-12-20,771.362791636441
2010-12-21,770.033656309104
2010-12-22,774.7156256576105
2010-12-23,782.8033290625607
2010-12-24,780.0063833481
2010-12-27,799.1899975760585
2010-12-28,800.2073827077651
2010-12-29,793.1702406415978
2010-12-30,783.2792386196085
2010-12-31,776.3117257937063
2011-01-03,783.6777171540573
2011-01-04,789.9217489550156
2011-01-05,801.0723352720053
2011-01-06,803.0991483043317
2011-01-07,806.0919883433902
2011-01-10,806.8308812454817
2011-01-11,809.3854438400015
2011-01-12,800.169990829358
2011-01-13,779.4824359354711
2011-01-14,778.2935138866841
2011-01-17,783.1465454866782
2011-01-18,782.170568998912
2011-01-19,781.7120178109554
2011-01-20,781.2095167732182
2011-01-21,772.803438734271
2011-01-24,787.2266940908262
2011-01-25,779.084792024408
2011-01-26,775.9909071995332
2011-01-27,770.548894685437
2011-01-28,776.294305764585
2011-01-31,759.0877811891555
2011-02-01,741.9771724653442
2011-02-02,752.4562324779974
2011-02-03,759.8968015495485
2011-02-04,761.4883185483294
2011-02-07,757.4420748181774
2011-02-08,751.8805311637318
2011-02-09,746.1818662784488
2011-02-10,756.4028964741401
2011-02-11,758.7874969220342
2011-02-14,743.1578793245874
2011-02-15,741.7818522509892
2011-02-16,729.2582745719959
2011-02-17,725.9554257697146
2011-02-18,723.3831613776606
2011-02-21,699.4898223903068
2011-02-22,709.1691890559946
2011-02-23,712.6808111367665
2011-02-24,714.7291501843702
2011-02-25,716.7076869686402
2011-02-28,713.3883693622838
2011-03-01,687.4664514777234
2011-03-02,651.3687714230899
2011-03-03,668.1729976324003
2011-03-04,664.5647432065128
2011-03-07,654.3888636033838
2011-03-08,664.5339913341213
2011-03-09,681.7776823002955
2011-03-10,702.6519434958084
2011-03-11,700.7216142547376
2011-03-14,703.1177145081645
2011-03-15,689.6544710006158
2011-03-16,671.7257276967929
2011-03-17,675.6660387332009
2011-03-18,670.800099049397
2011-03-21,671.0715707912364
2011-03-22,676.4461586591294
2011-03-23,680.4452187797147
2011-03-24,673.7790818195525
2011-03-25,676.6908756572075
2011-03-28,678.8816794809862
2011-03-29,680.4838492935132
2011-03-30,678.5430240463545
2011-03-31,664.8244007060159
2011-04-01,666.6988559791203
2011-04-04,672.6764405957905
2011-04-05,677.3433131438509
2011-04-06,671.9677640534459
2011-04-07,676.0848912434437
2011-04-08,670.2845875343717
2011-04-11,675.655760882101
2011-04-12,669.0542899539095
2011-04-13,679.396214257309
2011-04-14,686.1729709191131
2011-04-15,688.272476065019
2011-04-18,694.6678209071478
2011-04-19,687.8207315728247
2011-04-20,692.7652261512827
2011-04-21,694.7876387596775
2011-04-22,694.7876387596775
2011-04-25,701.3537701845372
2011-04-26,698.4361140577364
2011-04-27,696.8896610482593
2011-04-28,697.6841331757333
2011-04-29,696.8188468417865
2011-05-02,692.8353856375757
2011-05-03,695.6637829835245
2011-05-04,687.1590333045477
2011-05-05,700.5778964288943
2011-05-06,704.2859300646987
2011-05-09,708.3570099169855
2011-05-10,704.7009834303026
2011-05-11,699.2291128582121
2011-05-12,706.9015138880828
2011-05-13,705.6608959434077
2011-05-16,690.1935019162217
2011-05-17,694.5169053759553
2011-05-18,689.8762017891155
2011-05-19,687.1327015569249
2011-05-20,691.688650541131
2011-05-23,691.2642762224289
2011-05-24,684.8899992728723
2011-05-25,682.3211491488495
2011-05-26,680.9061428292238
2011-05-27,674.585190010857
2011-05-30,672.2526903125581
2011-05-31,673.5233252035068
2011-06-01,669.2773631211502
2011-06-02,658.8029162632718
2011-06-03,652.6075611088352
2011-06-06,650.7387794303237
2011-06-07,648.9224592658453
2011-06-08,652.5811082146402
2011-06-09,660.3753183490701
2011-06-10,666.938923940421
2011-06-13,668.7601938412881
2011-06-14,668.5039654553555
2011-06-15,678.8997130262351
2011-06-16,682.668936237219
2011-06-17,674.8948334776079
2011-06-20,661.6423598339958
2011-06-21,665.1169087145896
2011-06-22,658.7426458072872
2011-06-23,669.9394565132271
2011-06-24,668.916016865567
2011-06-27,663.3444605409314
2011-06-28,652.2251700288947
2011-06-29,655.9278919242682
2011-06-30,653.0717854322995
2011-07-01,653.3168482410543
2011-07-04,643.6735670315085
2011-07-05,651.8066760715828
2011-07-06,655.2383513500992
2011-07-07,652.2010092429322
2011-07-08,657.979555370234
2011-07-11,663.0720487622882
2011-07-12,662.6278761097595
2011-07-13,662.0480201529646
2011-07-14,660.1528517490376
2011-07-15,662.8559660260405
2011-07-18,631.8476707465787
2011-07-19,636.1413556295528
2011-07-20,630.3181996304226
2011-07-21,635.8264361674089
2011-07-22,636.329796994162
2011-07-25,630.2058266387036
2011-07-26,629.4476519431864
2011-07-27,632.4143199314702
2011-07-28,631.5080236945134
2011-07-29,628.8918367421306
2011-08-01,629.7576017720559
2011-08-02,639.4590154495097
2011-08-03,637.0900753197661
2011-08-04,641.8197924929099
2011-08-05,640.4033819226848
2011-08-08,615.0886963903492
2011-08-09,609.0558759613646
2011-08-10,614.0169831103148
2011-08-11,606.9461996590251
2011-08-12,609.230440219101
2011-08-15,601.172498123698
2011-08-16,600.5467101786671
2011-08-17,595.2903197694991
2011-08-18,599.5871320325363
2011-08-19,595.8918948726156
2011-08-22,601.2997933214865
2011-08-23,596.8305978062155
2011-08-24,596.6554969090345
2011-08-25,596.4535643391314
2011-08-26,596.0326915319775
2011-08-29,598.9301935158262
2011-08-30,601.3732762533767
2011-08-31,603.1448843615954
2011-09-01,608.2708309210726
2011-09-02,610.6284590703084
2011-09-05,613.9601183700906
2011-09-06,613.9304674110134
2011-09-07,627.1064097596928
2011-09-08,640.9419396664014
2011-09-09,652.5438609270648
2011-09-12,651.8463906623052
2011-09-13,656.0375465542184
2011-09-14,663.4399904495293
2011-09-15,654.9270426965855
2011-09-16,657.0590688242127
2011-09-19,655.6986437916629
2011-09-20,645.5948684206031
2011-09-21,646.7169994129697
2011-09-22,651.8750560763749
2011-09-23,649.7641245442197
2011-09-26,646.2123701395395
2011-09-27,639.2118951714156
2011-09-28,641.991124528523
2011-09-29,636.3325012170533
2011-09-30,645.7929653552903
2011-10-03,648.9906123909836
2011-10-04,652.3962795434553
2011-10-05,648.1633768828226
2011-10-06,650.8660305830529
2011-10-07,647.2976300390856
2011-10-10,642.8437435782896
2011-10-11,646.7430359418405
2011-10-12,642.0312921098221
2011-10-13,643.7263177063992
2011-10-14,637.4760848040484
2011-10-17,651.4056731040228
2011-10-18,651.9441859505074
2011-10-19,642.9891280864374
2011-10-20,653.0146973456636
2011-10-21,643.7573134417172
2011-10-24,645.1873631350152
2011-10-25,647.0228118753864
2011-10-26,656.2588743471497
2011-10-27,639.6844614480442
2011-10-28,638.4058291159747
2011-10-31,650.9443589522177
2011-11-01,662.8252791502836
2011-11-02,660.3900230531721
2011-11-03,666.918797042939
2011-11-04,666.3850918827153
2011-11-07,667.0149332816599
2011-11-08,664.1889701679991
2011-11-09,673.5505748615112
2011-11-10,673.232290373109
2011-11-11,666.33995910334
2011-11-14,669.5896886703691
2011-11-15,674.1146629051304
2011-11-16,670.510031639432
2011-11-17,669.7546495793886
2011-11-18,669.9151639617689
2011-11-21,652.6330622276685
2011-11-22,657.1845620860933
2011-11-23,664.7888577296566
2011-11-24,665.0344773868218
2011-11-25,667.4748567713215
2011-11-28,659.5792027705623
2011-11-29,666.3032397584985
2011-11-30,662.3106053323498
2011-12-01,668.9639804017035
2011-12-02,670.6891910235654
2011-12-05,661.8099727891573
2011-12-06,671.7717642932176
2011-12-07,671.1994615082933
2011-12-08,673.6443685749458
2011-12-09,671.3363195326095
2011-12-12,670.9637379122299
2011-12-13,681.9278662148852
2011-12-14,684.8244670730153
2011-12-15,673.3443580763509
2011-12-16,670.9101566500035
2011-12-19,668.204388323572
2011-12-20,669.0289085399942
2011-12-21,666.6911601592363
2011-12-22,659.8065550348877
2011-12-23,661.0034637869767
2011-12-26,665.2575112537694
2011-12-27,663.7051174011996
2011-12-28,668.3989113477467
2011-12-29,675.3724795658359
2011-12-30,672.3691705950672
2012-01-02,663.7365866609773
2012-01-03,658.7457179069319
2012-01-04,667.5583037835828
2012-01-05,669.8100419837257
2012-01-06,673.4890279795998
2012-01-09,667.5421262429724
2012-01-10,672.5953356086102
2012-01-11,672.8005836519391
2012-01-12,666.6052558536945
2012-01-13,672.6300888108464
2012-01-16,678.1161917782534
2012-01-17,682.3816330706477
2012-01-18,675.6211460763302
2012-01-19,670.1768075982634
2012-01-20,669.0161918740805
2012-01-23,661.652523446696
2012-01-24,662.2256328730684
2012-01-25,663.2583711373265
2012-01-26,662.0165816548802
2012-01-27,662.6804214271573
2012-01-30,667.2912321983516
2012-01-31,668.3467116548
2012-02-01,663.7267994988341
2012-02-02,664.7971798699057
2012-02-03,667.0898401640462
2012-02-06,669.6714829009298
2012-02-07,662.4996186778168
2012-02-08,663.4770347452286
2012-02-09,658.8308726890722
2012-02-10,661.948693747474
2012-02-13,666.108225876021
2012-02-14,663.0681115515434
2012-02-15,664.6511869373371
2012-02-16,667.0332485967513
2012-02-17,661.61543502785
2012-02-20,663.411349591252
2012-02-21,661.4262047634667
2012-02-22,660.4534686956573
2012-02-23,659.8421841110202
2012-02-24,654.1887810439326
2012-02-27,656.7983218423378
2012-02-28,657.4707906538133
2012-02-29,652.7202476769573
2012-03-01,660.8767756637085
2012-03-02,665.5542306308415
2012-03-05,678.4887018183534
2012-03-06,683.7543142594811
2012-03-07,673.7897561523616
2012-03-08,671.9144641530037
2012-03-09,677.8250316146311
2012-03-12,678.9934523856988
2012-03-13,680.2821699113667
2012-03-14,689.8668055749724
2012-03-15,690.0025904741434
2012-03-16,684.4925203238168
2012-03-19,687.9495980378193
2012-03-20,690.4328669086242
2012-03-21,689.9934236612825
2012-03-22,688.3409464464846
2012-03-23,685.7709678446682
2012-03-26,677.6766983491025
2012-03-27,674.282113619226
2012-03-28,679.9583058960038
2012-03-29,681.1367965703596
2012-03-30,679.2130845179631
2012-04-02,676.4847306955063
2012-04-03,670.7170654341951
2012-04-04,674.3918852178701
2012-04-05,669.1678288387099
2012-04-06,669.1678288387099
2012-04-09,661.6600469727414
2012-04-10,669.1804400720398
2012-04-11,664.53797667082
2012-04-12,670.1733024044255
2012-04-13,673.8905651799829
2012-04-16,671.9501242651907
2012-04-17,676.5475030177103
2012-04-18,677.385197371031
2012-04-19,675.4481138528552
2012-04-20,672.6070794163961
2012-04-23,685.0234032909624
2012-04-24,682.3797330551218
2012-04-25,679.2878260576249
2012-04-26,672.9739715327701
2012-04-27,672.5405811131197
2012-04-30,671.4528705439702
2012-05-01,669.4390343911933
2012-05-02,676.4174476563073
2012-05-03,681.6522641689057
2012-05-04,684.0227974285503
2012-05-07,682.7968884258526
2012-05-08,680.2327050269756
2012-05-09,682.3738496043397
2012-05-10,687.2524147356474
2012-05-11,686.126038363218
2012-05-14,685.1022921694919
2012-05-15,694.9620677432699
2012-05-16,684.253128788763
2012-05-17,675.9035807069193
2012-05-18,675.5223778582023
2012-05-21,676.3531564805538
2012-05-22,682.3925447009489
2012-05-23,689.4844192486034
2012-05-24,684.6931337573302
2012-05-25,687.814549804347
2012-05-28,685.8131482722537
2012-05-29,687.2409101554567
2012-05-30,699.1191819245217
2012-05-31,692.3014711111738
2012-06-01,692.262267631239
2012-06-04,679.2863224075886
2012-06-05,686.2750685632044
2012-06-06,683.8662212327563
2012-06-07,681.0026897566568
2012-06-08,685.268726861938
2012-06-11,679.9366239689402
2012-06-12,674.1500451815438
2012-06-13,666.8934677432388
2012-06-14,663.4287985448634
2012-06-15,662.4041341864788
2012-06-18,667.1267878790828
2012-06-19,671.779982099166
2012-06-20,666.6460622790939
2012-06-21,672.1270625710047
2012-06-22,673.8589204243843
2012-06-25,679.2035930019629
2012-06-26,681.5042955838773
2012-06-27,688.8514879687549
2012-06-28,686.7260206560392
2012-06-29,674.7223930176185
2012-07-02,686.0509695917556
2012-07-03,683.6623341384886
2012-07-04,688.0537511791873
2012-07-05,695.287582043859
2012-07-06,697.3576622670929
2012-07-09,692.9390696702482
2012-07-10,693.4463141915619
2012-07-11,693.6800508165867
2012-07-12,702.4330082495524
2012-07-13,699.7353654170377
2012-07-16,699.7717452195066
2012-07-17,699.7615474707374
2012-07-18,700.0749192354219
2012-07-19,682.6320735139186
2012-07-20,688.2441070785547
2012-07-23,689.0179501327895
2012-07-24,689.6947441466624
2012-07-25,680.4768544871538
2012-07-26,673.8892083762797
2012-07-27,669.837900467669
2012-07-30,676.1210339454457
2012-07-31,669.633649274669
2012-08-01,670.2558172806372
2012-08-02,674.6297722418475
2012-08-03,665.2331035429319
2012-08-06,660.648849673405
2012-08-07,653.8108538398444
2012-08-08,659.7640712858538
2012-08-09,663.6438661839403
2012-08-10,663.8443772854547
2012-08-13,650.3213622873596
2012-08-14,665.3798064973859
2012-08-15,670.8201794786723
2012-08-16,667.9512727526717
2012-08-17,671.7740720560143
2012-08-20,669.2604663912431
2012-08-21,663.3328862799817
2012-08-22,663.2313008763615
2012-08-23,659.1492794286663
2012-08-24,662.6248608333395
2012-08-27,658.5946023319934
2012-08-28,656.2698778023743
2012-08-29,661.0608259656977
2012-08-30,661.4551831948932
2012-08-31,657.3530534101153
2012-09-03,658.1878431723786
2012-09-04,660.6789026490546
2012-09-05,654.3020969268372
2012-09-06,653.5515368829122
2012-09-07,646.796962246674
2012-09-10,639.1264447482081
2012-09-11,635.2214205667735
2012-09-12,637.2715292033646
2012-09-13,634.7090198202463
2012-09-14,624.6549931388051
2012-09-17,625.9617707998356
2012-09-18,633.8101277692198
2012-09-19,642.1212605558457
2012-09-20,650.7279111728544
2012-09-21,649.2211388890441
2012-09-24,672.4170022946056
2012-09-25,673.0579354790689
2012-09-26,677.2144586380244
2012-09-27,683.656931349495
2012-09-28,683.4709384027618
2012-10-01,675.9696585366096
2012-10-02,678.9844922877248
2012-10-03,681.0736099502392
2012-10-04,675.3591647663226
2012-10-05,672.0361741265187
2012-10-08,674.0868578268528
2012-10-09,680.9024775101259
2012-10-10,678.2844402462914
2012-10-11,674.8048137789151
2012-10-12,673.5558498296058
2012-10-15,673.962901494887
2012-10-16,664.8899288491635
2012-10-17,652.8740562097165
2012-10-18,658.9784312255887
2012-10-19,661.5918176727346
2012-10-22,646.9062976167965
2012-10-23,655.0316808980095
2012-10-24,656.8180621430168
2012-10-25,657.2995445760089
2012-10-26,658.3714471453858
2012-10-29,659.8406966253298
2012-10-30,655.9160485301264
2012-10-31,657.5686308219308
2012-11-01,654.5169403980328
2012-11-02,658.2690942592867
2012-11-05,669.1836084047604
2012-11-06,668.2150227043404
2012-11-07,669.3609693404456
2012-11-08,678.1730949708542
2012-11-09,678.89294766743
2012-11-12,679.2787734336737
2012-11-13,679.7705823026978
2012-11-14,680.3281826747941
2012-11-15,677.070948054983
2012-11-16,681.680498014194
2012-11-19,675.7230732852788
2012-11-20,676.3679103621575
2012-11-21,685.9792408240146
2012-11-22,690.7869378868188
2012-11-23,687.3559680114512
2012-11-26,690.1231431638723
2012-11-27,698.0620720612308
2012-11-28,698.8949637457267
2012-11-29,694.4674803861935
2012-11-30,689.5964495952337
2012-12-03,681.6309423871728
2012-12-04,676.906020089364
2012-12-05,677.7313895889323
2012-12-06,680.3774977470192
2012-12-07,683.4562480268924
2012-12-10,682.7183182159711
2012-12-11,674.8302855795654
2012-12-12,672.6961307578601
2012-12-13,670.327878679164
2012-12-14,669.3473036299196
2012-12-17,670.9137117384752
2012-12-18,672.9713912342457
2012-12-19,676.4393402407921
2012-12-20,674.8394680381282
2012-12-21,677.5588385587661
2012-12-24,670.7658258957542
2012-12-25,667.0613318299519
2012-12-26,666.2546037625594
2012-12-27,665.8381227580445
2012-12-28,665.4403798110245
2012-12-31,663.0302316507114
2013-01-01,663.0302316507114
2013-01-02,666.2429253325537
2013-01-03,675.0122772680729
2013-01-04,675.5854389056149
2013-01-07,675.3283933262934
2013-01-08,678.8447028243465
2013-01-09,681.9859365889358
2013-01-10,674.3126265540932
2013-01-11,668.4732718104767
2013-01-14,671.090601380145
2013-01-15,677.8999730832717
2013-01-16,678.9047885067097
2013-01-17,678.2398526832177
2013-01-18,681.6332206404411
2013-01-21,675.9930511733323
2013-01-22,679.3227223451676
2013-01-23,681.544754115539
2013-01-24,676.8054343807743
2013-01-25,671.6133256016494
2013-01-28,672.6129106615798
2013-01-29,674.1712534861886
2013-01-30,670.4601153661155
2013-01-31,669.6866119146785
2013-02-01,663.7212375970973
2013-02-04,664.9672636527324
2013-02-05,665.6138720534425
2013-02-06,665.3568973448732
2013-02-07,668.661288430504
2013-02-08,668.2805868213645
2013-02-11,665.2517049658195
2013-02-12,664.8255608480777
2013-02-13,663.2444302963434
2013-02-14,668.1194258542747
2013-02-15,667.1960042151945
2013-02-18,667.6080938698803
2013-02-19,668.5990279266858
2013-02-20,664.9635940659656
2013-02-21,676.5771907471612
2013-02-22,679.4468653470283
2013-02-25,676.3888483711094
2013-02-26,683.8307667372172
2013-02-27,680.2025425490341
2013-02-28,680.1173209907469
2013-03-01,685.0472469808066
2013-03-04,679.112887062556
2013-03-05,675.4849435423021
2013-03-06,675.8280445828236
2013-03-07,674.5401600846038
2013-03-08,679.0708320831576
2013-03-11,683.1928814813712
2013-03-12,683.0335342229331
2013-03-13,681.2719063956954
2013-03-14,680.5233091045933
2013-03-15,676.903059698206
2013-03-18,685.4060831907777
2013-03-19,687.9186800312333
2013-03-20,682.6599298129663
2013-03-21,679.1087603440112
2013-03-22,675.6097729297151
2013-03-25,680.5712931539754
2013-03-26,686.897060974405
2013-03-27,695.091587712647
2013-03-28,683.9249537080444
2013-03-29,683.9249537080444
2013-04-01,687.9608071833161
2013-04-02,695.4838437320675
2013-04-03,692.1162476554871
2013-04-04,696.0994990222937
2013-04-05,687.1189495033454
2013-04-08,696.0982959862696
2013-04-09,698.8837303376786
2013-04-10,688.1347259130504
2013-04-11,685.2081319758913
2013-04-12,686.7252944746355
2013-04-15,691.5955904893647
2013-04-16,692.949360021302
2013-04-17,696.8980366299185
2013-04-18,699.306462264882
2013-04-19,699.2104580002828
2013-04-22,701.2104104094454
2013-04-23,701.0861721672815
2013-04-24,705.6846023765079
2013-04-25,707.8443950199949
2013-04-26,706.703323990946
2013-04-29,713.1705745353249
2013-04-30,711.0646446676844
2013-05-01,711.6383655789014
2013-05-02,721.792786350525
2013-05-03,718.8939899649276
2013-05-06,719.1437522592605
2013-05-07,722.4036408493008
2013-05-08,712.6155312467434
2013-05-09,717.6516237932436
2013-05-10,722.933334896037
2013-05-13,725.8241278477014
2013-05-14,719.2449703281225
2013-05-15,730.3714274094715
2013-05-16,723.3054176333518
2013-05-17,728.5508483757022
2013-05-20,735.3455526090263
2013-05-21,736.9548490919345
2013-05-22,733.267557834027
2013-05-23,727.2826608158072
2013-05-24,725.67966357415
2013-05-27,736.8398749980038
2013-05-28,738.4448959279948
2013-05-29,732.0681590461359
2013-05-30,733.7322600125367
2013-05-31,738.565369465422
2013-06-03,731.044250515572
2013-06-04,723.3793537542673
2013-06-05,724.5951609239761
2013-06-06,719.267108686711
2013-06-07,718.6089977920078
2013-06-10,704.3575360140499
2013-06-11,705.8008728483884
2013-06-12,701.5790940022891
2013-06-13,694.5297503232234
2013-06-14,692.4211704965301
2013-06-17,690.569290120005
2013-06-18,695.5016651033789
2013-06-19,692.7572631168924
2013-06-20,700.7889774730932
2013-06-21,703.3391835058662
2013-06-24,695.6146163670157
2013-06-25,693.0069674916415
2013-06-26,691.1925672182933
2013-06-27,690.9192666415431
2013-06-28,691.1584586021452
2013-07-01,685.927021940921
2013-07-02,692.3336847826725
2013-07-03,697.447473662665
2013-07-04,701.443013619008
2013-07-05,704.2841083872624
2013-07-08,700.1127204530483
2013-07-09,705.9942925479072
2013-07-10,696.9358583513456
2013-07-11,694.164449041265
2013-07-12,693.499718845301
2013-07-15,696.9066043985503
2013-07-16,698.9638208502314
2013-07-17,706.5758060094365
2013-07-18,705.7707621478048
2013-07-19,703.6854555364262
2013-07-22,704.055900248826
2013-07-23,702.2668859986846
2013-07-24,698.9320379780834
2013-07-25,701.7152404072897
2013-07-26,700.0582078022851
2013-07-29,697.6212472506871
2013-07-30,701.2410359091083
2013-07-31,696.8499224422918
2013-08-01,699.7921133126041
2013-08-02,698.7777145725231
2013-08-05,701.6538937186398
2013-08-06,694.5031277654058
2013-08-07,695.8924721222251
2013-08-08,692.4352348583104
2013-08-09,694.1985422009449
2013-08-12,693.7360217731461
2013-08-13,700.4490682082414
2013-08-14,695.4640962146451
2013-08-15,699.0029649191112
2013-08-16,694.486137765063
2013-08-19,695.5287684491985
2013-08-20,689.773958104158
2013-08-21,694.1523370613569
2013-08-22,697.1738896272633
2013-08-23,694.6185892933586
2013-08-26,690.4978027129305
2013-08-27,683.149945235661
2013-08-28,681.845407389018
2013-08-29,685.1690964160753
2013-08-30,687.4102757988761
2013-09-02,681.3552520924137
2013-09-03,679.9383243166182
2013-09-04,672.7363960978744
2013-09-05,682.663417571466
2013-09-06,681.2355049702372
2013-09-09,677.7963175223643
2013-09-10,693.485728248471
2013-09-11,691.8803256226445
2013-09-12,694.0766447115991
2013-09-13,696.7639908101474
2013-09-16,706.7903600712458
2013-09-17,702.6756414711061
2013-09-18,704.9131857000667
2013-09-19,699.731532727653
2013-09-20,700.5749612034992
2013-09-23,714.3641782145494
2013-09-24,703.9340471701436
2013-09-25,704.5751845561042
2013-09-26,711.8419717547212
2013-09-27,709.4128731330045
2013-09-30,703.1685875069288
2013-10-01,699.4496492780664
2013-10-02,699.2647289476646
2013-10-03,692.5757593631508
2013-10-04,694.1249330885644
2013-10-07,694.8198627141986
2013-10-08,699.1183284775278
2013-10-09,700.5940911715525
2013-10-10,705.4870752723614
2013-10-11,703.4063760641848
2013-10-14,702.1896787406527
2013-10-15,706.4797256541272
2013-10-16,707.1081032776568
2013-10-17,698.1812774714949
2013-10-18,696.575442690702
2013-10-21,702.911124133009
2013-10-22,697.7370296619496
2013-10-23,694.2828972164054
2013-10-24,696.4419951325099
2013-10-25,696.9216383798464
2013-10-28,691.0595169246583
2013-10-29,699.6040464858498
2013-10-30,696.6363929234577
2013-10-31,707.0802330416647
2013-11-01,712.2110592724696
2013-11-04,705.2605987478654
2013-11-05,706.5200561706012
2013-11-06,703.9392464094472
2013-11-07,715.1020511301925
2013-11-08,717.50272704307
2013-11-11,711.614820978352
2013-11-12,707.8859320651783
2013-11-13,707.1158885901147
2013-11-14,700.1541045600327
2013-11-15,699.5698324009275
2013-11-18,691.1200352939798
2013-11-19,692.0965383463201
2013-11-20,697.3053578944712
2013-11-21,689.1442102733333
2013-11-22,686.661425419505
2013-11-25,691.3581834894159
2013-11-26,682.4976374746778
2013-11-27,688.5573782887352
2013-11-28,690.6529508088975
2013-11-29,690.4516059620935
2013-12-02,683.1820380628859
2013-12-03,682.6431886277587
2013-12-04,680.5492197274373
2013-12-05,685.3014959066645
2013-12-06,683.4406017503873
2013-12-09,683.8295902113273
2013-12-10,681.7197040680537
2013-12-11,674.3557800064231
2013-12-12,679.162019459306
2013-12-13,680.2996857094472
2013-12-16,678.0462640916257
2013-12-17,680.8453047962092
2013-12-18,677.0889500009843
2013-12-19,680.0472516337751
2013-12-20,681.0312465920072
2013-12-23,676.2681837218227
2013-12-24,680.3912803114316
2013-12-25,678.1590125212792
2013-12-26,674.5595315753775
2013-12-27,670.3978505603961
2013-12-30,670.5881010728988
2013-12-31,673.5399153986351
2014-01-01,673.5399153986351
2014-01-02,679.506773381813
2014-01-03,681.7529117593194
2014-01-06,678.3858412506936
2014-01-07,684.8333574066834
2014-01-08,680.8689533085353
2014-01-09,684.2678366048921
2014-01-10,679.9386113367293
2014-01-13,674.9635212449109
2014-01-14,674.6259819066228
2014-01-15,676.9440518706951
2014-01-16,677.6732354929795
2014-01-17,679.8725806791637
2014-01-20,678.325979233769
2014-01-21,686.8374378272512
2014-01-22,682.0347722107288
2014-01-23,677.0301835488749
2014-01-24,677.2621383975005
2014-01-27,676.6393470528811
2014-01-28,678.000482477178
2014-01-29,684.2583765807256
2014-01-30,689.5371881912274
2014-01-31,693.0351672852146
2014-02-03,692.9160778088702
2014-02-04,693.2910706740317
2014-02-05,692.6464966998855
2014-02-06,686.962326802682
2014-02-07,686.246608130509
2014-02-10,697.5574876447225
2014-02-11,696.3327066246177
2014-02-12,702.6284666570219
2014-02-13,694.5650590460926
2014-02-14,693.6730062983094
2014-02-17,700.5891457791525
2014-02-18,695.8900599452581
2014-02-19,696.6390156596742
2014-02-20,697.2194584159471
2014-02-21,695.3241418293495
2014-02-24,700.4117236970438
2014-02-25,700.3032327823709
2014-02-26,703.2114600577313
2014-02-27,702.8401625216238
2014-02-28,696.966829314294
2014-03-03,692.0673710834196
2014-03-04,692.5755180575609
2014-03-05,690.3556029226244
2014-03-06,683.7907496566737
2014-03-07,682.7055241125639
2014-03-10,681.5849568218077
2014-03-11,691.8505066039967
2014-03-12,687.0340830110831
2014-03-13,688.4954968932842
2014-03-14,688.6191047024213
2014-03-17,691.5658024989868
2014-03-18,698.8031445363041
2014-03-19,707.1655645769416
2014-03-20,725.0471853893474
2014-03-21,725.0997917514292
2014-03-24,721.0734262381555
2014-03-25,727.33193100685
2014-03-26,739.0717032791938
2014-03-27,755.5561794484969
2014-03-28,754.8419652814125
2014-03-31,740.5089834594435
2014-04-01,755.7570847016967
2014-04-02,765.7277371977111
2014-04-03,766.6140485285747
2014-04-04,767.4934345438547
2014-04-07,776.2840942203101
2014-04-08,765.7217451869211
2014-04-09,768.4856345700384
2014-04-10,765.6309087542022
2014-04-11,765.2725576537953
2014-04-14,757.8359629493896
2014-04-15,767.760769877479
2014-04-16,772.1871333093493
2014-04-17,768.8498777861073
2014-04-18,768.8498777861073
2014-04-21,763.6799750975631
2014-04-22,763.0234370417085
2014-04-23,760.5285318577438
2014-04-24,760.2845834487321
2014-04-25,759.5656631640486
2014-04-28,757.8120836453392
2014-04-29,751.5697984423206
2014-04-30,752.3623872550486
2014-05-01,753.4723391377536
2014-05-02,752.9363460101437
2014-05-05,748.8218998549502
2014-05-06,744.9709705343939
2014-05-07,749.7242635319573
2014-05-08,752.3378479803149
2014-05-09,757.4883711721536
2014-05-12,753.724441571397
2014-05-13,758.9192523529676
2014-05-14,764.7124901361916
2014-05-15,756.1515382193273
2014-05-16,756.8136432547996
2014-05-19,759.9438131231104
2014-05-20,754.8638666131452
2014-05-21,758.918613028434
2014-05-22,751.5765325490514
2014-05-23,752.554406548379
2014-05-26,750.1744461272835
2014-05-27,760.5627022534402
2014-05-28,770.5943166779059
2014-05-29,769.8484726423735
2014-05-30,768.4284323513285
2014-06-02,767.6856423997485
2014-06-03,769.0411581896607
2014-06-04,769.0698499586939
2014-06-05,766.5625203678038
2014-06-06,765.3492832411467
2014-06-09,760.6630988258837
2014-06-10,765.615828412405
2014-06-11,765.972860875647
2014-06-12,761.9291527707932
2014-06-13,762.8188368560793
2014-06-16,749.060903187392
2014-06-17,743.5524878816232
2014-06-18,736.4041968693587
2014-06-19,731.7520625511676
2014-06-20,733.8862118468554
2014-06-23,729.7202590295393
2014-06-24,726.2333833321284
2014-06-25,735.142989285904
2014-06-26,728.4395589208112
2014-06-27,726.2310786128123
2014-06-30,722.1289646896822
2014-07-01,723.1097373518998
2014-07-02,739.5234209530129
2014-07-03,735.9099581584217
2014-07-04,737.0472095471425
2014-07-07,727.1500730113432
2014-07-08,733.2867672252867
2014-07-09,733.094036201437
2014-07-10,742.7682243239615
2014-07-11,742.745770464946
2014-07-14,748.9514166721843
2014-07-15,745.5269133625861
2014-07-16,750.071727251032
2014-07-17,744.5334355159348
2014-07-18,745.0018861767204
2014-07-21,748.7471440065772
2014-07-22,755.5959435089835
2014-07-23,752.8703139978255
2014-07-24,753.5100544700053
2014-07-25,754.9953993169154
2014-07-28,754.8970417966186
2014-07-29,755.699769484781
2014-07-30,756.7338025567361
2014-07-31,757.1832292177406
2014-08-01,754.6868425467567
2014-08-04,764.0522972226395
2014-08-05,766.9735737858052
2014-08-06,766.6304212821163
2014-08-07,774.6512802482381
2014-08-08,771.5577006113041
2014-08-11,768.2193541827826
2014-08-12,771.9643595464264
2014-08-13,774.8059046339727
2014-08-14,774.7407472300373
2014-08-15,774.5960224397755
2014-08-18,774.2181059180551
2014-08-19,780.6600094641774
2014-08-20,785.6360716966773
2014-08-21,784.122980982691
2014-08-22,787.0164682682362
2014-08-25,779.1276278664136
2014-08-26,781.2478814773885
2014-08-27,780.9460593522005
2014-08-28,781.257544095566
2014-08-29,781.4651360637057
2014-09-01,783.1622004370828
2014-09-02,787.2493950821449
2014-09-03,788.6171001382282
2014-09-04,796.4925360466727
2014-09-05,796.9842550178788
2014-09-08,794.6992978860013
2014-09-09,797.7881460786432
2014-09-10,799.9672503036959
2014-09-11,795.2990141636562
2014-09-12,795.2058170019853
2014-09-15,797.1432101170475
2014-09-16,799.5580560606285
2014-09-17,802.2748547288447
2014-09-18,802.062528996952
2014-09-19,806.030112736804
2014-09-22,810.0530788118612
2014-09-23,804.81231418618
2014-09-24,806.8134108580917
2014-09-25,811.6432261601739
2014-09-26,814.2281629141048
2014-09-29,809.8405741450307
2014-09-30,813.0195296769289
2014-10-01,817.4890677714988
2014-10-02,820.5575138541452
2014-10-03,827.0029240681185
2014-10-06,824.2164008860359
2014-10-07,821.8644047497102
2014-10-08,818.5650025320526
2014-10-09,816.6076477993062
2014-10-10,820.9214910854721
2014-10-13,804.4988672268876
2014-10-14,806.0162355939716
2014-10-15,797.3706424301787
2014-10-16,793.4514530717024
2014-10-17,794.5346123432877
2014-10-20,785.3046465302319
2014-10-21,782.2081650187187
2014-10-22,779.1866557181969
2014-10-23,796.442193031495
2014-10-24,795.1848347127809
2014-10-27,774.1386133658206
2014-10-28,772.9549519296677
2014-10-29,775.4435920511152
2014-10-30,783.1272113816711
2014-10-31,786.4631311966693
2014-11-03,790.6880157771105
2014-11-04,783.7198197782327
2014-11-05,779.0434618775637
2014-11-06,771.8098830355972
2014-11-07,772.1484857165044
2014-11-10,774.669646359153
2014-11-11,783.044958901512
2014-11-12,776.3064548403445
2014-11-13,775.6315727541411
2014-11-14,775.054651597293
2014-11-17,768.6138473856083
2014-11-18,763.6148338477594
2014-11-19,758.1562411865948
2014-11-20,754.7257825839152
2014-11-21,761.8236777229263
2014-11-24,768.6921128854453
2014-11-25,757.0975972636066
2014-11-26,761.0404987766128
2014-11-27,756.0381324629918
2014-11-28,756.0389594481837
2014-12-01,746.5993912003868
2014-12-02,746.9031394738251
2014-12-03,756.02902035225
2014-12-04,751.2007396344834
2014-12-05,757.6722752134484
2014-12-08,744.2169396453247
2014-12-09,726.4049449844642
2014-12-10,735.8088397711147
2014-12-11,717.7947116710383
2014-12-12,714.4387614575976
2014-12-15,680.5979717042729
2014-12-16,652.4289230389611
2014-12-17,646.416031002429
2014-12-18,670.241458375306
2014-12-19,670.886549183825
2014-12-22,728.182398780509
2014-12-23,738.7581977246952
2014-12-24,743.2170397055876
2014-12-25,733.2177334741847
2014-12-26,733.8611265188875
2014-12-29,728.7590400855638
2014-12-30,728.1039555765376
2014-12-31,730.5432083465778
2015-01-01,730.5432083465779
2015-01-02,733.1668718269259
2015-01-05,733.7096505965419
2015-01-06,721.1579588667386
2015-01-07,725.5166626048084
2015-01-08,734.26759516573
2015-01-09,732.6578549748472
2015-01-12,751.4411742715863
2015-01-13,756.3211750467099
2015-01-14,763.1038840561645
2015-01-15,772.4610985797887
2015-01-16,779.0371778419575
2015-01-19,766.7033762101582
2015-01-20,766.2307389620584
2015-01-21,774.29830269477
2015-01-22,787.6632764703611
2015-01-23,797.5982041957441
2015-01-26,794.5996637690922
2015-01-27,778.9889966148279
2015-01-28,786.0450068332298
2015-01-29,783.3648338264545
2015-01-30,786.2793088076845
2015-02-02,792.0660517164382
2015-02-03,780.8790975702972
2015-02-04,786.2716956899791
2015-02-05,786.9597683089756
2015-02-06,791.3144346861609
2015-02-09,796.2402673264678
2015-02-10,801.5988857414429
2015-02-11,799.7379751499403
2015-02-12,797.9139474994042
2015-02-13,796.2190801875928
2015-02-16,795.3735053810676
2015-02-17,793.0514232412033
2015-02-18,799.1923261872741
2015-02-19,799.194153239486
2015-02-20,800.7407311847969
2015-02-23,811.0815900529516
2015-02-24,812.7834644874861
2015-02-25,811.865246633907
2015-02-26,816.1937987311946
2015-02-27,816.8023595176611
2015-03-02,813.8171634450127
2015-03-03,815.4972525824
2015-03-04,823.7181619626233
2015-03-05,822.3828416032875
2015-03-06,832.0235342707913
2015-03-09,830.3259140414488
2015-03-10,837.4763496955521
2015-03-11,850.4927152694324
2015-03-12,844.3856026360388
2015-03-13,850.3067866256088
2015-03-16,839.2837577129056
2015-03-17,832.8858591643999
2015-03-18,827.9807369876282
2015-03-19,827.7589152743991
2015-03-20,816.414067743717
2015-03-23,801.8268866869926
2015-03-24,803.0582561628128
2015-03-25,788.9011260604808
2015-03-26,772.1061158709844
2015-03-27,773.8330353328195
2015-03-30,789.3650835656174
2015-03-31,790.5816378262688
2015-04-01,785.238451589948
2015-04-02,779.0399317262111
2015-04-03,779.0399317262113
2015-04-06,769.4552942314288
2015-04-07,786.9190161152123
2015-04-08,793.2634621443791
2015-04-09,793.0966572389633
2015-04-10,796.9403007573189
2015-04-13,808.9175113130453
2015-04-14,804.1367575124897
2015-04-15,816.1404040536364
2015-04-16,818.9705185532479
2015-04-17,814.8876738380703
2015-04-20,811.5751747920585
2015-04-21,808.0401165878964
2015-04-22,816.1067243710821
2015-04-23,809.5861169495706
2015-04-24,806.5514359645284
2015-04-27,803.9917020593416
2015-04-28,793.0813042360444
2015-04-29,783.3628918721693
2015-04-30,783.6560347737966
2015-05-01,782.7283809534274
2015-05-04,781.9514002901367
2015-05-05,776.4762811101409
2015-05-06,765.4747023677721
2015-05-07,765.7221449888666
2015-05-08,768.6571231262755
2015-05-11,772.2004170789222
2015-05-12,765.8604382610908
2015-05-13,754.5166918921432
2015-05-14,752.3276479084611
2015-05-15,748.8140120918367
2015-05-18,754.973767668068
2015-05-19,760.4655147159816
2015-05-20,756.6163955089007
2015-05-21,752.3026208871388
2015-05-22,757.9867093266379
2015-05-25,751.4889204513488
2015-05-26,757.3262805027781
2015-05-27,760.2931671943479
2015-05-28,759.9614733115105
2015-05-29,756.9670605059955
2015-06-01,769.4236660649583
2015-06-02,761.194794999176
2015-06-03,755.625666436699
2015-06-04,746.5500338904496
2015-06-05,757.3891567721537
2015-06-08,745.5612169455677
2015-06-09,751.2979255287788
2015-06-10,751.7063683641846
2015-06-11,752.206529362292
2015-06-12,750.3095349183169
2015-06-15,746.8479349612974
2015-06-16,750.768631090496
2015-06-17,747.6719963671716
2015-06-18,738.7718377926751
2015-06-19,742.9813576230886
2015-06-22,730.0841059799442
2015-06-23,750.3669183296122
2015-06-24,744.6456086293243
2015-06-25,748.6888730662804
2015-06-26,752.5567240350495
2015-06-29,751.4630154690944
2015-06-30,747.4435949185961
2015-07-01,750.3272236417339
2015-07-02,748.6157140228274
2015-07-03,749.3806860447694
2015-07-06,750.3935007512202
2015-07-07,753.594664092347
2015-07-08,749.1952180610594
2015-07-09,751.6811385356091
2015-07-10,743.7179169398892
2015-07-13,755.5218789899294
2015-07-14,761.6887509579559
2015-07-15,772.8132182221026
2015-07-16,767.5557655759103
2015-07-17,771.0917482799961
2015-07-20,770.1278640470406
2015-07-21,766.5050355620884
2015-07-22,769.3563569549682
2015-07-23,763.869058134823
2015-07-24,764.1442746982235
2015-07-27,754.5282484991087
2015-07-28,751.6532428346961
2015-07-29,751.3167932397826
2015-07-30,757.4367800686645
2015-07-31,749.9253937113757
2015-08-03,746.8378270048499
2015-08-04,748.7466453371239
2015-08-05,755.726975414044
2015-08-06,753.8946005190661
2015-08-07,752.0683555431757
2015-08-10,750.1721335119128
2015-08-11,750.1924921342122
2015-08-12,738.3481784031494
2015-08-13,735.3477307135857
2015-08-14,738.1433279017214
2015-08-17,729.6961540771656
2015-08-18,734.4616372886861
2015-08-19,725.282704227758
2015-08-20,705.3418971407413
2015-08-21,699.2975961341211
2015-08-24,660.154640618342
2015-08-25,671.5386031289377
2015-08-26,671.4107761452887
2015-08-27,690.1677973635875
2015-08-28,689.7987730099644
2015-08-31,675.4198945881906
2015-09-01,674.3899219245945
2015-09-02,669.06515360571
2015-09-03,682.8548584620095
2015-09-04,682.2512954189104
2015-09-07,679.6970477086904
2015-09-08,669.7509227209316
2015-09-09,686.858569979012
2015-09-10,676.302630786971
2015-09-11,672.7718101624808
2015-09-14,668.3840103292322
2015-09-15,671.1444796357156
2015-09-16,670.917526459752
2015-09-17,668.6091469305286
2015-09-18,666.1563784339174
2015-09-21,685.4219297195194
2015-09-22,692.4764155565166
2015-09-23,690.0467696907674
2015-09-24,681.8383619895245
2015-09-25,689.0839698532857
2015-09-28,679.2216223559861
2015-09-29,685.0349993403826
2015-09-30,684.7560600368662
2015-10-01,676.535089269936
2015-10-02,672.356208627743
2015-10-05,677.9052289164389
2015-10-06,677.8489387216983
2015-10-07,680.290239435428
2015-10-08,672.0555943222934
2015-10-09,667.7190340663722
2015-10-12,669.4297845989358
2015-10-13,667.6316757799253
2015-10-14,664.2028714590327
2015-10-15,667.8646012490143
2015-10-16,667.5368061000294
2015-10-19,676.210866872724
2015-10-20,680.1985265256592
2015-10-21,675.2847503942324
2015-10-22,687.0436495216092
2015-10-23,694.211037382461
2015-10-26,697.0649664839978
2015-10-27,695.2467186111046
2015-10-28,688.4874291829706
2015-10-29,693.4103721269379
2015-10-30,688.1254988199499
2015-11-02,689.1711500259491
2015-11-03,691.730347897373
2015-11-04,696.4508499096878
2015-11-05,702.7962301949948
2015-11-06,709.8421489249106
2015-11-09,724.6583705724179
2015-11-10,723.9528607617862
2015-11-11,724.651941122747
2015-11-12,725.944060182296
2015-11-13,727.4999203494855
2015-11-16,720.9795552177977
2015-11-17,716.8547546057827
2015-11-18,710.542899744888
2015-11-19,713.591673417048
2015-11-20,717.8028846245759
2015-11-23,734.1334315185387
2015-11-24,725.0089992853176
2015-11-25,725.5247146575205
2015-11-26,729.4956345122944
2015-11-27,729.385502031853
2015-11-30,720.845310709557
2015-12-01,718.0940660372033
2015-12-02,718.8912187224282
2015-12-03,712.3295043261666
2015-12-04,710.1426661779032
2015-12-07,700.7863682450726
2015-12-08,701.123298073219
2015-12-09,694.4721249167781
2015-12-10,690.5057265135034
2015-12-11,687.0780493660355
2015-12-14,673.7809303847041
2015-12-15,683.5406899306818
2015-12-16,681.6172405777932
2015-12-17,688.3128797696417
2015-12-18,687.5333143536319
2015-12-21,687.1797916836864
2015-12-22,678.3699920533901
2015-12-23,685.1543680012159
2015-12-24,680.6634742251737
2015-12-25,680.6634742251737
2015-12-28,676.5963878649032
2015-12-29,678.6773467580779
2015-12-30,681.2178461047882
2015-12-31,682.5715844937071
2016-01-01,682.5715844937071
2016-01-04,678.0397485768253
2016-01-05,679.7228870512236
2016-01-06,678.0943872762717
2016-01-07,662.4066192378419
2016-01-08,658.6523775085643
2016-01-11,646.8896872049858
2016-01-12,643.6292492514515
2016-01-13,642.2313771416863
2016-01-14,625.2794600023773
2016-01-15,619.3657084058044
2016-01-18,594.1254941214684
2016-01-19,595.2804300358218
2016-01-20,581.2811586837597
2016-01-21,577.5220765502769
2016-01-22,577.2792339899627
2016-01-25,587.0502328947647
2016-01-26,588.9287572792897
2016-01-27,595.9911190948827
2016-01-28,609.9197832327767
2016-01-29,615.613273581229
2016-02-01,626.3204463566558
2016-02-02,632.1783972061062
2016-02-03,612.9429655787063
2016-02-04,626.9411272827132
2016-02-05,629.1633782253793
2016-02-08,626.2883656572764
2016-02-09,614.6629024442734
2016-02-10,611.618257620203
2016-02-11,603.0014728728843
2016-02-12,607.9299354615072
2016-02-15,614.6781638665673
2016-02-16,620.2773577797154
2016-02-17,618.5228586888932
2016-02-18,616.0241813769379
2016-02-19,615.6359250162807
2016-02-22,623.3963834408889
2016-02-23,632.145173177558
2016-02-24,633.6436388616796
2016-02-25,632.1692789665443
2016-02-26,637.9064351239086
2016-02-29,640.8355182199033
2016-03-01,641.3968889000703
2016-03-02,654.5132079453939
2016-03-03,649.9800265490969
2016-03-04,646.0883164897372
2016-03-07,648.3317295777481
2016-03-08,643.6284993019252
2016-03-09,650.8639369518819
2016-03-10,645.4152909100678
2016-03-11,645.3356132364238
2016-03-14,636.2344472074291
2016-03-15,632.5045649801424
2016-03-16,636.6545603046475
2016-03-17,627.0894216435129
2016-03-18,628.5823692309436
2016-03-21,624.9510473909465
2016-03-22,625.8852819732525
2016-03-23,633.3087516314915
2016-03-24,637.7564865419934
2016-03-25,637.7564865419935
2016-03-28,634.8989455380369
2016-03-29,635.9481666648992
2016-03-30,637.8297957804483
2016-03-31,639.5486925226884
2016-04-01,643.0338683180757
2016-04-04,627.9754954470504
2016-04-05,630.7607105882407
2016-04-06,632.1136135772289
2016-04-07,639.5521736185215
2016-04-08,638.0167649284055
2016-04-11,637.3334546271258
2016-04-12,640.1806207555582
2016-04-13,651.5193508285885
2016-04-14,654.5610989137263
2016-04-15,652.4540883165238
2016-04-18,646.4009359090608
2016-04-19,646.7139785810303
2016-04-20,650.6546694791023
2016-04-21,647.4860695276819
2016-04-22,650.416388606907
2016-04-25,651.4053430434504
2016-04-26,651.2118852545336
2016-04-27,648.9941314596211
2016-04-28,654.1056864731385
2016-04-29,647.4840945283964
2016-05-02,638.4754663747161
2016-05-03,636.7049298319728
2016-05-04,638.3205034213141
2016-05-05,645.0281487614552
2016-05-06,643.9155868297096
2016-05-09,643.807640206435
2016-05-10,641.3046423491683
2016-05-11,640.17990286555
2016-05-12,636.949532175892
2016-05-13,642.6839007224742
2016-05-16,641.037389753956
2016-05-17,637.3349507220262
2016-05-18,645.3407557571066
2016-05-19,636.3522923445134
2016-05-20,635.8982819691673
2016-05-23,631.3137353548032
2016-05-24,637.2490515908041
2016-05-25,644.4521548600972
2016-05-26,637.7792651297775
2016-05-27,640.6038848133567
2016-05-30,637.0496979819253
2016-05-31,636.9965200647017
2016-06-01,632.643179586365
2016-06-02,632.5181451172176
2016-06-03,622.7870455678365
2016-06-06,623.1806926211567
2016-06-07,624.2302928741467
2016-06-08,625.6250893384741
2016-06-09,624.5139604892653
2016-06-10,626.0617711459324
2016-06-13,623.4931938888438
2016-06-14,625.9063365037172
2016-06-15,626.1026383736219
2016-06-16,628.0312860298473
2016-06-17,622.1297230940334
2016-06-20,620.2132255352827
2016-06-21,625.8702709657628
2016-06-22,617.1376837021417
2016-06-23,613.7735221998901
2016-06-24,624.0522240040553
2016-06-27,626.307927640824
2016-06-28,632.5198903771554
2016-06-29,623.4235308607962
2016-06-30,617.8332401418916
2016-07-01,616.278174228678
2016-07-04,617.4620301616122
2016-07-05,619.1487312448317
2016-07-06,620.8342088533375
2016-07-07,620.8809848790327
2016-07-08,623.2256432937564
2016-07-11,618.3534199755846
2016-07-12,613.4437040575299
2016-07-13,610.7120311960931
2016-07-14,610.7534838095187
2016-07-15,612.8319684908131
2016-07-18,620.2802464641869
2016-07-19,617.4470536013173
2016-07-20,627.3721071723083
2016-07-21,625.3994501129188
2016-07-22,627.1891563898378
2016-07-25,630.028981243735
2016-07-26,629.7838643871689
2016-07-27,631.311535203778
2016-07-28,627.4300687426168
2016-07-29,622.1839278199617
2016-08-01,623.6545018188724
2016-08-02,616.3510681716933
2016-08-03,627.6857509775656
2016-08-04,620.863329542504
2016-08-05,624.7804437831273
2016-08-08,630.3372136669288
2016-08-09,629.9115245682616
2016-08-10,622.1808762962811
2016-08-11,623.8731014210913
2016-08-12,624.7752302191599
2016-08-15,625.9214778200493
2016-08-16,626.5905240291709
2016-08-17,621.8936485313453
2016-08-18,616.8016713911549
2016-08-19,616.9923028406555
2016-08-22,611.8726935555782
2016-08-23,618.149435149983
2016-08-24,615.7878397664236
2016-08-25,612.2658278159494
2016-08-26,612.4488432060458
2016-08-29,611.7031898895308
2016-08-30,615.6329656030717
2016-08-31,611.9887642980927
2016-09-01,612.4750513183699
2016-09-02,615.3699313581645
2016-09-05,614.3418682551548
2016-09-06,610.4271897405275
2016-09-07,619.9091958279276
2016-09-08,618.3643473245896
2016-09-09,621.1173290890728
2016-09-12,620.543893286317
2016-09-13,619.3295216751892
2016-09-14,619.4099031375449
2016-09-15,619.4247394516859
2016-09-16,624.1263630288546
2016-09-19,622.4871168635534
2016-09-20,621.4893384933752
2016-09-21,624.3079040065721
2016-09-22,616.5917673736631
2016-09-23,617.7733461426398
2016-09-26,616.1674360771786
2016-09-27,625.0151383182075
2016-09-28,623.5242443534373
2016-09-29,618.3534361681227
2016-09-30,617.6807656968414
2016-10-03,612.6690975301774
2016-10-04,613.5392755592877
2016-10-05,619.2548150451826
2016-10-06,617.1399678425566
2016-10-07,615.6778788851402
2016-10-10,613.1167551581592
2016-10-11,622.071723756339
2016-10-12,621.4825916366657
2016-10-13,618.4137565005494
2016-10-14,619.5217325682787
2016-10-17,613.9856872767856
2016-10-18,614.2029595071427
2016-10-19,620.083148689582
2016-10-20,629.3654710465656
2016-10-21,631.2970664751633
2016-10-24,638.524396329667
2016-10-25,658.3692698098712
2016-10-26,667.5338477159858
2016-10-27,662.1916335877892
2016-10-28,661.6644408764641
2016-10-31,646.5348722958925
2016-11-01,644.81439865413
2016-11-02,646.7132246399452
2016-11-03,643.4606281660887
2016-11-04,643.828856961314
2016-11-07,658.80296526257
2016-11-08,662.9365502959681
2016-11-09,667.1214405101351
2016-11-10,678.8898011965066
2016-11-11,680.3908012175767
2016-11-14,690.3962071743736
2016-11-15,706.8377441681123
2016-11-16,705.4830225304278
2016-11-17,705.4977433448713
2016-11-18,711.9022799539506
2016-11-21,706.6661711475454
2016-11-22,713.3672746336027
2016-11-23,709.4524873632291
2016-11-24,702.4284063130772
2016-11-25,699.7126191794231
2016-11-28,701.5249855494909
2016-11-29,698.5352966981778
2016-11-30,693.9037349477361
2016-12-01,701.3013028188794
2016-12-02,698.0778363925273
2016-12-05,702.8059544259685
2016-12-06,706.7163191463623
2016-12-07,702.9888469554826
2016-12-08,713.7762671604255
2016-12-09,717.5275077879099
2016-12-12,729.2534974221511
2016-12-13,731.8612062256649
2016-12-14,720.9980088623125
2016-12-15,737.9329180936501
2016-12-16,738.805378854745
2016-12-19,738.9586310499335
2016-12-20,733.2091735571119
2016-12-21,732.0720530213385
2016-12-22,727.8500757330975
2016-12-23,727.1459354885314
2016-12-26,736.9371088532239
2016-12-27,739.3547206950852
2016-12-28,736.6605747142464
2016-12-29,729.1446316043138
2016-12-30,726.3217201450738
2017-01-02,727.5476236940336
2017-01-03,744.3965781084263
2017-01-04,744.4295217466698
2017-01-05,736.9438880943787
2017-01-06,737.9425365270786
2017-01-09,746.4440981505744
2017-01-10,743.8777153546231
2017-01-11,755.2499598858186
2017-01-12,743.8567925691551
2017-01-13,745.4860465957465
2017-01-16,765.5426298298648
2017-01-17,785.2219726248594
2017-01-18,776.7958936426539
2017-01-19,778.5833277696082
2017-01-20,773.5716009444259
2017-01-23,794.8494543679477
2017-01-24,804.4946407535207
2017-01-25,810.9353369556075
2017-01-26,813.3101259762678
2017-01-27,810.3664083906848
2017-01-30,818.6743319805049
2017-01-31,805.7767106179376
2017-02-01,812.5395384018375
2017-02-02,795.6997484239724
2017-02-03,796.2067232289885
2017-02-06,808.350344560177
2017-02-07,805.4441141491016
2017-02-08,807.0584677950462
2017-02-09,793.1537402887491
2017-02-10,795.5628189685652
2017-02-13,787.4289755146176
2017-02-14,804.5459764444431
2017-02-15,812.8861301734973
2017-02-16,808.5918142535437
2017-02-17,812.2807743014198
2017-02-20,798.3796043136748
2017-02-21,803.0569950265789
2017-02-22,799.800371063106
2017-02-23,805.7954167795184
2017-02-24,808.2486126588487
2017-02-27,801.8690615052077
2017-02-28,796.7172371801937
2017-03-01,796.4280193095278
2017-03-02,807.3311775802363
2017-03-03,804.4480103944171
2017-03-06,808.3332643950897
2017-03-07,799.889269170593
2017-03-08,798.4507800322009
2017-03-09,800.2521354056554
2017-03-10,794.322652021134
2017-03-13,794.846110063889
2017-03-14,793.1386962974511
2017-03-15,800.5621375567629
2017-03-16,800.4567708253533
2017-03-17,800.7404077532074
2017-03-20,808.4334841014357
2017-03-21,812.0285519512695
2017-03-22,802.1884765472129
2017-03-23,810.0902075609331
2017-03-24,808.4378932320981
2017-03-27,790.9813281252946
2017-03-28,783.0573354710119
2017-03-29,779.0202232918716
2017-03-30,784.9968237062947
2017-03-31,787.6376018927243
2017-04-03,798.3584566264515
2017-04-04,803.3349819288715
2017-04-05,811.7063405848824
2017-04-06,811.9424599844715
2017-04-07,815.0397256555058
2017-04-10,816.0208842257427
2017-04-11,818.0229117372918
2017-04-12,813.405571094754
2017-04-13,804.189291344263
2017-04-14,804.189291344263
2017-04-17,800.9799565833549
2017-04-18,793.5969507362578
2017-04-19,782.8818128621537
2017-04-20,775.8042357937771
2017-04-21,781.3739906477596
2017-04-24,762.7344158695299
2017-04-25,754.6388118045365
2017-04-26,757.3527095437513
2017-04-27,758.0496705795437
2017-04-28,756.6972011924119
2017-05-01,756.6584572175857
2017-05-02,758.2158603768819
2017-05-03,756.8692598464397
2017-05-04,746.263245253432
2017-05-05,743.6889075878025
2017-05-08,737.9997178693407
2017-05-09,740.5194199410599
2017-05-10,747.2974167802709
2017-05-11,755.2445885301523
2017-05-12,751.4417456876038
2017-05-15,757.0252018463434
2017-05-16,747.4377318448923
2017-05-17,753.1864348065175
2017-05-18,750.5452529431936
2017-05-19,745.9528143700262
2017-05-22,735.3508511402773
2017-05-23,739.8030587852248
2017-05-24,739.4418098678415
2017-05-25,736.8123715466547
2017-05-26,738.2363565406117
2017-05-29,738.1288250474005
2017-05-30,738.785858591915
2017-05-31,734.6384339946496
2017-06-01,736.9027130609721
2017-06-02,734.1510016079976
2017-06-05,724.4900250817722
2017-06-06,726.3405933395396
2017-06-07,720.7178079932455
2017-06-08,726.1296300935359
2017-06-09,728.1168371893003
2017-06-12,720.8264120775958
2017-06-13,720.4697781529147
2017-06-14,718.4215179999146
2017-06-15,731.299181267717
2017-06-16,727.4125909348966
2017-06-19,758.8834281059052
2017-06-20,764.6963846132743
2017-06-21,750.4128938111329
2017-06-22,749.7820837784212
2017-06-23,747.3059077669305
2017-06-26,747.1724841090539
2017-06-27,741.4564471713119
2017-06-28,736.9401451476829
2017-06-29,724.8216102742302
2017-06-30,724.7210728802464
2017-07-03,723.4274141232377
2017-07-04,727.2853053765788
2017-07-05,731.9301389905714
2017-07-06,725.2351390397737
2017-07-07,726.158316066907
2017-07-10,736.7890323361925
2017-07-11,744.2454477689242
2017-07-12,744.9679862766272
2017-07-13,745.8151107540102
2017-07-14,742.9810459086028
2017-07-17,743.8630994953255
2017-07-18,740.947576080696
2017-07-19,745.2442641543764
2017-07-20,741.5759363032325
2017-07-21,740.2350522288193
2017-07-24,764.0733241731366
2017-07-25,768.6513819782101
2017-07-26,770.1545422556733
2017-07-27,769.2800381542717
2017-07-28,763.7227990551276
2017-07-31,750.2298900483694
2017-08-01,749.8452176694439
2017-08-02,745.9479184936148
2017-08-03,744.1227098668909
2017-08-04,751.946965582726
2017-08-07,756.3481041461093
2017-08-08,770.284173394636
2017-08-09,769.7814030737492
2017-08-10,774.3435810533327
2017-08-11,771.7132655164958
2017-08-14,787.066628984418
2017-08-15,791.5665851560124
2017-08-16,792.0629051989928
2017-08-17,791.3947209343683
2017-08-18,790.8559219243281
2017-08-21,793.6852761825079
2017-08-22,800.2353128351342
2017-08-23,795.2044302527903
2017-08-24,794.6718328788404
2017-08-25,790.317946766538
2017-08-28,788.7273050020817
2017-08-29,787.8036830243159
2017-08-30,790.6615307898503
2017-08-31,791.6361790128179
2017-09-01,792.8279951276858
2017-09-04,790.631611326543
2017-09-05,794.639969437071
2017-09-06,795.9812488032109
2017-09-07,796.7501447477526
2017-09-08,795.6244069250446
2017-09-11,820.6058382656897
2017-09-12,819.229547290592
2017-09-13,818.8347788417602
2017-09-14,831.3935890756687
2017-09-15,826.7137297808943
2017-09-18,834.4605893889966
2017-09-19,827.2697888417947
2017-09-20,817.4460444005941
2017-09-21,820.8508292555138
2017-09-22,818.7465857173808
2017-09-25,799.4098276710429
2017-09-26,809.3810425124775
2017-09-27,819.0885312378867
2017-09-28,809.747426918094
2017-09-29,807.5147055608246
2017-10-02,829.360825327993
2017-10-03,832.5394169476649
2017-10-04,834.7994115192733
2017-10-05,841.2741740952094
2017-10-06,840.2615395248713
2017-10-09,832.9919275625939
2017-10-10,813.0458349458498
2017-10-11,807.2912973220157
2017-10-12,807.8903065907654
2017-10-13,809.0089279364488
2017-10-16,813.8432235556701
2017-10-17,816.7983022265435
2017-10-18,814.5873402023778
2017-10-19,807.6732891928939
2017-10-20,811.8268022081913
2017-10-23,812.6142607103167
2017-10-24,808.1437410032158
2017-10-25,807.1134753245598
2017-10-26,816.704020304114
2017-10-27,823.7370170993242
2017-10-30,803.9607762315989
2017-10-31,791.8576457933199
2017-11-01,794.4094685756351
2017-11-02,789.2980660351119
2017-11-03,792.8407212045331
2017-11-06,758.2282663891361
2017-11-07,722.008818960949
2017-11-08,730.08367202827
2017-11-09,747.9251397861664
2017-11-10,745.3971110704343
2017-11-13,744.0532612093672
2017-11-14,743.8208092121581
2017-11-15,747.1581090806083
2017-11-16,750.0461551006724
2017-11-17,749.5653999476981
2017-11-20,746.4058502601715
2017-11-21,735.1373661323354
2017-11-22,730.5048561090875
2017-11-23,730.8911986163342
2017-11-24,724.6247716248298
2017-11-27,731.388748038862
2017-11-28,736.7332526387413
2017-11-29,738.6933852028777
2017-11-30,734.1708358574834
2017-12-01,737.6973801328699
2017-12-04,748.4875917955923
2017-12-05,741.4690179878739
2017-12-06,738.5116885926969
2017-12-07,736.5697346927853
2017-12-08,739.1052160485192
2017-12-11,726.0730477147378
2017-12-12,740.0975135413752
2017-12-13,744.4375077273704
2017-12-14,751.6243975455734
2017-12-15,752.387782055187
2017-12-18,747.5849593346206
2017-12-19,745.662072971484
2017-12-20,743.3583928025017
2017-12-21,749.0014584822285
2017-12-22,750.5228003759471
2017-12-25,748.0030083556323
2017-12-26,744.5932566932498
2017-12-27,744.1526625894942
2017-12-28,744.2311536368652
2017-12-29,740.0152775144834
2018-01-01,740.0152775144833
2018-01-02,737.3746575321077
2018-01-03,757.2268790944653
2018-01-04,758.6546767528602
2018-01-05,760.9865856084682
2018-01-08,768.7337127879657
2018-01-09,776.9688619482844
2018-01-10,779.2681615136936
2018-01-11,775.5261467587578
2018-01-12,770.1308461181193
2018-01-15,777.0812297139047
2018-01-16,779.5475982117275
2018-01-17,775.3981287705627
2018-01-18,773.7678033218255
2018-01-19,774.9750170132178
2018-01-22,777.7799837469075
2018-01-23,772.3667345247096
2018-01-24,765.4869710943262
2018-01-25,757.6445304238122
2018-01-26,761.6253503248213
2018-01-29,758.3056246531424
2018-01-30,750.3869465811439
2018-01-31,739.00452952161
2018-02-01,739.0699581640473
2018-02-02,740.5663289396468
2018-02-05,735.8767198130637
2018-02-06,734.7570870491857
2018-02-07,747.995613058585
2018-02-08,752.870636011987
2018-02-09,753.0473722546469
2018-02-12,743.1171581761569
2018-02-13,739.336240782525
2018-02-14,739.4699709874092
2018-02-15,738.5984373126478
2018-02-16,740.4377393616248
2018-02-19,741.3161420933728
2018-02-20,744.0547610601973
2018-02-21,746.98239924598
2018-02-22,748.6437530843577
2018-02-23,750.1385457001994
2018-02-26,750.4987851740622
2018-02-27,760.1304875385534
2018-02-28,761.3257074769975
2018-03-01,763.3490669496408
2018-03-02,756.5487135661157
2018-03-05,754.468305438953
2018-03-06,748.3324977612695
2018-03-07,746.816347834783
2018-03-08,748.4830656734557
2018-03-09,748.2815877377378
2018-03-12,745.8967324717435
2018-03-13,742.7090559879708
2018-03-14,746.8171879786789
2018-03-15,751.8213485528169
2018-03-16,754.3008896453566
2018-03-19,754.3375806462433
2018-03-20,753.1774286457859
2018-03-21,751.5628142990817
2018-03-22,753.1413827544378
2018-03-23,750.2535867661385
2018-03-26,749.5647028120339
2018-03-27,749.1795414063168
2018-03-28,760.0878940291635
2018-03-29,772.4691314749056
2018-03-30,772.4691314749053
2018-04-02,756.1050200381059
2018-04-03,755.320206032324
2018-04-04,748.9499502041218
2018-04-05,755.2533432172253
2018-04-06,753.0952173494744
2018-04-09,754.187711572394
2018-04-10,752.3205016533025
2018-04-11,752.3842288399303
2018-04-12,749.1420862854354
2018-04-13,748.5647479371179
2018-04-16,748.2677979275909
2018-04-17,748.8884493819863
2018-04-18,747.6830668018483
2018-04-19,747.3391460560566
2018-04-20,752.3227777329324
2018-04-23,757.5449991026727
2018-04-24,758.3995049278958
2018-04-25,765.336459539967
2018-04-26,767.3096179055347
2018-04-27,767.2733015547223
2018-04-30,765.8057513578808
2018-05-01,771.9784797237369
2018-05-02,773.4267373296611
2018-05-03,774.3296239958154
2018-05-04,775.5001133731223
2018-05-07,777.3967576041497
2018-05-08,779.8986141680678
2018-05-09,779.691026392741
2018-05-10,779.1894878218842
2018-05-11,775.4957920708492
2018-05-14,769.7937322483875
2018-05-15,779.326493494812
2018-05-16,782.2924878865301
2018-05-17,779.5749864350801
2018-05-18,781.4200658112807
2018-05-21,781.437162800779
2018-05-22,778.7839968070781
2018-05-23,778.1275776102486
2018-05-24,770.8341692845454
2018-05-25,775.3026983281653
2018-05-28,778.048913714023
2018-05-29,784.6061344743106
2018-05-30,778.8526312477637
2018-05-31,773.2643537551044
2018-06-01,773.7993748045299
2018-06-04,775.8906547812013
2018-06-05,780.2568354518203
2018-06-06,780.3405830145532
2018-06-07,781.7808543121479
2018-06-08,785.4410173199326
2018-06-11,777.0200355013906
2018-06-12,782.2899842929853
2018-06-13,788.0107398194345
2018-06-14,799.2748556099027
2018-06-15,800.4861329986671
2018-06-18,800.7273782275381
2018-06-19,801.2647489184533
2018-06-20,800.6927648383412
2018-06-21,797.4136911618277
2018-06-22,795.6839884405138
2018-06-25,801.4018099876315
2018-06-26,810.5704219457251
2018-06-27,817.3601537208586
2018-06-28,814.5079774927074
2018-06-29,808.1063526320452
2018-07-02,817.3487895071968
2018-07-03,827.0168460911742
2018-07-04,850.8264760733204
2018-07-05,853.189097730826
2018-07-06,849.6554544298583
2018-07-09,860.5708370610503
2018-07-10,872.639313628652
2018-07-11,885.4919156473162
2018-07-12,882.6769471835745
2018-07-13,883.379664040441
2018-07-16,883.3562587447091
2018-07-17,876.6227415151355
2018-07-18,880.1757349644244
2018-07-19,882.552653726975
2018-07-20,876.1139656127498
2018-07-23,874.9702925477726
2018-07-24,875.7174931446505
2018-07-25,876.5682375259353
2018-07-26,880.7626343902726
2018-07-27,881.2917344495504
2018-07-30,875.403461057667
2018-07-31,866.518726788699
2018-08-01,869.5070198755469
2018-08-02,880.6357128918971
2018-08-03,882.3073251165408
2018-08-06,898.4063152510338
2018-08-07,900.4401920907427
2018-08-08,901.0320240219498
2018-08-09,902.3854318507391
2018-08-10,912.5323574244301
2018-08-13,899.7290479878529
2018-08-14,902.9795518357108
2018-08-15,905.5734351813387
2018-08-16,901.135333395388
2018-08-17,899.7531028463109
2018-08-20,897.9036212878689
2018-08-21,891.4546892999449
2018-08-22,886.2206499382446
2018-08-23,888.4595747684488
2018-08-24,884.0103382763906
2018-08-27,868.4518062743036
2018-08-28,857.5592128392132
2018-08-29,861.0437399020492
2018-08-30,863.1964138189787
2018-08-31,865.1513977332181
2018-09-03,856.6704571579144
2018-09-04,872.0858052845134
2018-09-05,868.6060583483734
2018-09-06,869.8860781615182
2018-09-07,873.0582415492103
2018-09-10,877.6766861304317
2018-09-11,878.7880561776096
2018-09-12,875.4890810316102
2018-09-13,873.3365156019364
2018-09-14,874.3683105215493
2018-09-17,873.1904377814386
2018-09-18,871.5802322370197
2018-09-19,868.354398170993
2018-09-20,870.8839941924474
2018-09-21,869.9302343540442
2018-09-24,852.0949144896953
2018-09-25,862.6276486277837
2018-09-26,863.7473810525161
2018-09-27,869.8395962183865
2018-09-28,873.4732725694187
2018-10-01,875.6051555234543
2018-10-02,875.1459945592278
2018-10-03,877.5363706601901
2018-10-04,876.4085227076919
2018-10-05,876.9191039819302
2018-10-08,876.9100335991676
2018-10-09,875.8393627874397
2018-10-10,869.8529004422728
2018-10-11,863.1359552340017
2018-10-12,862.597224506692
2018-10-15,850.8868419843179
2018-10-16,848.1446308047866
2018-10-17,853.3692256414037
2018-10-18,854.3760849160217
2018-10-19,853.3671684328223
2018-10-22,849.0342359076079
2018-10-23,853.0821288922805
2018-10-24,864.8451777057722
2018-10-25,868.622534695871
2018-10-26,869.0239700465962
2018-10-29,865.7651789891445
2018-10-30,870.096018312994
2018-10-31,873.1980906171998
2018-11-01,875.4215848767275
2018-11-02,877.2780619417691
2018-11-05,875.5000038572427
2018-11-06,874.6665826527164
2018-11-07,875.4044999596015
2018-11-08,879.9719786338989
2018-11-09,885.0473142558469
2018-11-12,892.3826639184198
2018-11-13,890.625565467614
2018-11-14,888.4596472636557
2018-11-15,887.5962268095609
2018-11-16,881.715010861154
2018-11-19,877.6935765057808
2018-11-20,877.5921808914869
2018-11-21,876.4997551279293
2018-11-22,875.9328417769467
2018-11-23,880.5077787252773
2018-11-26,885.2113895838786
2018-11-27,895.1011944661003
2018-11-28,898.1467569648355
2018-11-29,885.6667513362019
2018-11-30,890.2339053975876
2018-12-03,889.7781745217062
2018-12-04,897.3752247463705
2018-12-05,902.074171834341
2018-12-06,906.2991301049224
2018-12-07,906.0697002240698
2018-12-10,901.3259122318085
2018-12-11,905.7651103481161
2018-12-12,900.1769259059158
2018-12-13,901.378632815684
2018-12-14,904.4760747793276
2018-12-17,906.0984403840445
2018-12-18,895.3293290500998
2018-12-19,893.4842740684925
2018-12-20,882.534831994179
2018-12-21,882.7281414154767
2018-12-24,885.7420401295286
2018-12-25,880.8127958740639
2018-12-26,878.8581537134658
2018-12-27,882.0745654525509
2018-12-28,880.0405536206856
2018-12-31,878.736269677479
2019-01-01,878.736269677479
2019-01-02,889.6204747010289
2019-01-03,893.6052947788793
2019-01-04,892.5287531151673
2019-01-07,898.5153331799916
2019-01-08,898.1853800859326
2019-01-09,890.342313832513
2019-01-10,901.2405358155519
2019-01-11,904.2475032966405
2019-01-14,907.0265730626912
2019-01-15,910.4928569185071
2019-01-16,911.8384138130795
2019-01-17,914.6785157290929
2019-01-18,915.2717636915039
2019-01-21,916.6014080326547
2019-01-22,918.820445656683
2019-01-23,910.1955661867072
2019-01-24,912.7260264675551
2019-01-25,909.0127382164092
2019-01-28,887.9283577591627
2019-01-29,892.3109135482098
2019-01-30,893.3677879649338
2019-01-31,891.1540123482927
2019-02-01,891.070753901277
2019-02-04,892.007255336204
2019-02-05,896.0086835226792
2019-02-06,896.3948709891756
2019-02-07,896.2793149403793
2019-02-08,898.3467698920159
2019-02-11,904.282442041281
2019-02-12,911.4942633631214
2019-02-13,906.1059512219233
2019-02-14,897.6218594343575
2019-02-15,898.2427568644792
2019-02-18,897.645127846729
2019-02-19,901.6533716893637
2019-02-20,901.4542307446203
2019-02-21,905.9413792221941
2019-02-22,906.5805194870891
2019-02-25,905.9413792221941
2019-02-26,905.064031405894
2019-02-27,908.9325475329074
2019-02-28,900.8432260018429
2019-03-01,900.2104525547769
2019-03-04,917.1339990284114
2019-03-05,923.0209926402235
2019-03-06,926.4282900539897
2019-03-07,933.0589886969544
2019-03-08,932.8098296808797
2019-03-11,930.4966153214306
2019-03-12,929.8692806852416
2019-03-13,926.5449940018416
2019-03-14,938.1445462192523
2019-03-15,936.2095952920674
2019-03-18,939.1670858795444
2019-03-19,948.4309295457343
2019-03-20,959.4036124453261
2019-03-21,971.4744028941769
2019-03-22,978.147208550855
2019-03-25,981.3484768410884
2019-03-26,989.3086399547794
2019-03-27,999.2673606639852
2019-03-28,999.5389101326983
2019-03-29,999.953088382095
2019-04-01,1016.2824212635326
2019-04-02,1035.1829326315192
2019-04-03,1043.5729158283652
2019-04-04,1044.2678373074814
2019-04-05,1043.49171404378
2019-04-08,1050.8894109844769
2019-04-09,1036.2885944313075
2019-04-10,1041.5135868978432
2019-04-11,1041.2112480272776
2019-04-12,1037.7792269364525
2019-04-15,1040.3674903223102
2019-04-16,1049.5425287360474
2019-04-17,1048.9598736178427
2019-04-18,1067.6347071025416
2019-04-19,1067.6347071025416
2019-04-22,1054.6204321475188
2019-04-23,1054.541257703942
2019-04-24,1059.76606204391
2019-04-25,1060.360660021307
2019-04-26,1058.7771709594758
2019-04-29,1041.5094818125542
2019-04-30,1038.4461222601506
2019-05-01,1035.6750569314536
2019-05-02,1056.4511061508745
2019-05-03,1056.0733806157143
2019-05-06,1067.6471633144765
2019-05-07,1090.0988036987928
2019-05-08,1099.934156980772
2019-05-09,1085.0799913941535
2019-05-10,1084.0369371051938
2019-05-13,1045.6571302841414
2019-05-14,1034.9689640843344
2019-05-15,1038.1067779595487
2019-05-16,1057.5640026496137
2019-05-17,1059.4119795349288
2019-05-20,1040.0322071822914
2019-05-21,1047.9959543350628
2019-05-22,1052.9176387431328
2019-05-23,1047.008987559812
2019-05-24,1042.9902873921894
2019-05-27,1054.750446937633
2019-05-28,1066.2716673798757
2019-05-29,1079.276986739574
2019-05-30,1087.199784978975
2019-05-31,1085.897820761208
2019-06-03,1087.722780091807
2019-06-04,1084.850859173565
2019-06-05,1083.1256813790724
2019-06-06,1081.1576710561592
2019-06-07,1076.0898805758575
2019-06-10,1104.0219703843698
2019-06-11,1114.3223114537311
2019-06-12,1107.9623336876086
2019-06-13,1102.1255722116687
2019-06-14,1106.0613241070118
2019-06-17,1096.4531042415933
2019-06-18,1090.5269285219554
2019-06-19,1087.1809999443178
2019-06-20,1093.3648121635
2019-06-21,1090.5156215836823
2019-06-24,1085.802750823889
2019-06-25,1090.1011228014102
2019-06-26,1083.5135153293027
2019-06-27,1086.8086652767213
2019-06-28,1085.3052880053215
2019-07-01,1096.4389410271344
2019-07-02,1108.0793333747577
2019-07-03,1116.6973598717052
2019-07-04,1121.6597153463852
2019-07-05,1127.9776310196678
2019-07-08,1141.239008868373
2019-07-09,1159.6994451014784
2019-07-10,1164.2762559371529
2019-07-11,1166.8002084432296
2019-07-12,1167.235509212563
2019-07-15,1155.8328545857626
2019-07-16,1166.1913313613866
2019-07-17,1166.9361984496873
2019-07-18,1165.3542762206837
2019-07-19,1165.3736598052412
2019-07-22,1151.3507968512563
2019-07-23,1154.4227741790082
2019-07-24,1160.3842743583016
2019-07-25,1166.940981011623
2019-07-26,1169.528707072917
2019-07-29,1177.4350838857697
2019-07-30,1169.516167610782
2019-07-31,1170.6409918476377
2019-08-01,1178.0918333920179
2019-08-02,1174.24657460664
2019-08-05,1163.2250196878842
2019-08-06,1158.0593780666966
2019-08-07,1162.6008653032
2019-08-08,1162.590612950242
2019-08-09,1162.6779283132075
2019-08-12,1161.055189551871
2019-08-13,1165.6138196210288
2019-08-14,1170.6995923318725
2019-08-15,1163.8969080509053
2019-08-16,1164.3161603929473
2019-08-19,1153.0563370985644
2019-08-20,1158.660383067062
2019-08-21,1151.3600372209546
2019-08-22,1152.7749142227776
2019-08-23,1149.869238605166
2019-08-26,1135.0352418583034
2019-08-27,1136.1879093815776
2019-08-28,1140.574151009471
2019-08-29,1139.9278905788242
2019-08-30,1144.952325865155
2019-09-02,1150.060003342571
2019-09-03,1151.9225828405642
2019-09-04,1144.2042299369764
2019-09-05,1141.8465659546948
2019-09-06,1141.4331342946975
2019-09-09,1117.512660343483
2019-09-10,1119.3136675373953
2019-09-11,1093.9652593064834
2019-09-12,1086.9174075451983
2019-09-13,1082.0269706286624
2019-09-16,1066.0859540634312
2019-09-17,1056.5177326072167
2019-09-18,1031.970503142172
2019-09-19,1048.9069607875495
2019-09-20,1053.3668276452954
2019-09-23,1095.3988269645508
2019-09-24,1097.978128442838
2019-09-25,1101.6105151385473
2019-09-26,1094.8197226687248
2019-09-27,1094.039861993275
2019-09-30,1091.0453595348224
2019-10-01,1085.7330596947495
2019-10-02,1076.5929519819783
2019-10-03,1074.0308315714553
2019-10-04,1074.5199389222328
2019-10-07,1092.2002824329468
2019-10-08,1097.279953582352
2019-10-09,1086.6171625163163
2019-10-10,1086.5133933921977
2019-10-11,1084.6549649837898
2019-10-14,1089.775738090406
2019-10-15,1091.6426980929423
2019-10-16,1099.4465808434172
2019-10-17,1094.6799495797218
2019-10-18,1092.550593730341
2019-10-21,1086.9452513979752
2019-10-22,1094.101294933076
2019-10-23,1095.0407004097672
2019-10-24,1095.462303820733
2019-10-25,1096.795703974153
2019-10-28,1095.7656086117809
2019-10-29,1092.059002838631
2019-10-30,1083.743576266329
2019-10-31,1078.2604842439773
2019-11-01,1076.6505940890547
2019-11-04,1070.5436432611818
2019-11-05,1073.5007594126844
2019-11-06,1074.6984125821737
2019-11-07,1081.8837583662437
2019-11-08,1083.833716223954
2019-11-11,1099.8501481064643
2019-11-12,1101.415816723803
2019-11-13,1102.3939059903903
2019-11-14,1101.5074312969687
2019-11-15,1096.654823095795
2019-11-18,1099.3957236710394
2019-11-19,1105.2635483519398
2019-11-20,1107.7160041387472
2019-11-21,1107.17676281302
2019-11-22,1110.8927334728817
2019-11-25,1130.7847516816573
2019-11-26,1123.0845930691246
2019-11-27,1135.7681281036564
2019-11-28,1146.2809926018024
2019-11-29,1145.383681863072
2019-12-02,1164.8233067041585
2019-12-03,1156.4473484102864
2019-12-04,1159.1916783805218
2019-12-05,1161.4414448079472
2019-12-06,1166.3981747816576
2019-12-09,1179.0321275534275
2019-12-10,1177.3093209097651
2019-12-11,1178.1863679702847
2019-12-12,1178.4177973384194
2019-12-13,1177.5709045116296
2019-12-16,1182.8059065873927
2019-12-17,1177.1919327786218
2019-12-18,1183.8557050926024
2019-12-19,1192.8241308914478
2019-12-20,1195.8199376869823
2019-12-23,1213.4669263266849
2019-12-24,1214.7839161603524
2019-12-25,1211.9162903843467
2019-12-26,1203.7751296781973
2019-12-27,1197.4114007926428
2019-12-30,1196.9246295348005
2019-12-31,1196.3743183754286
2020-01-01,1196.3743183754289
2020-01-02,1198.9377487513786
2020-01-03,1203.5972256876526
2020-01-06,1154.3869955580235
2020-01-07,1175.341071582531
2020-01-08,1177.7771966077642
2020-01-09,1201.0834470966092
2020-01-10,1198.3147819821047
2020-01-13,1197.6853755514737
2020-01-14,1219.5218354029553
2020-01-15,1220.0436893989893
2020-01-16,1222.678220643165
2020-01-17,1227.3979448340451
2020-01-20,1233.4845597229576
2020-01-21,1228.1687365378511
2020-01-22,1228.1348966836106
2020-01-23,1233.6695137647353
2020-01-24,1236.3704472650325
2020-01-27,1218.9844310268836
2020-01-28,1224.342401425954
2020-01-29,1228.0796746567582
2020-01-30,1219.6560394555033
2020-01-31,1214.8831060431403
2020-02-03,1206.618024087091
2020-02-04,1210.1040179319796
2020-02-05,1212.432890729089
2020-02-06,1218.2573537005605
2020-02-07,1219.9578830522107
2020-02-10,1206.103743113144
2020-02-11,1212.1853281658941
2020-02-12,1209.365703381846
2020-02-13,1211.4264850047991
2020-02-14,1211.5628660245732
2020-02-17,1208.7891306589097
2020-02-18,1198.0581926678278
2020-02-19,1194.3258642312423
2020-02-20,1206.0219494012115
2020-02-21,1200.6319692550674
2020-02-24,1177.5075401656425
2020-02-25,1177.0246369929644
2020-02-26,1176.532199144844
2020-02-27,1164.387443423113
2020-02-28,1165.3075890493535
2020-03-02,1087.8058176552258
2020-03-03,1107.984169136314
2020-03-04,1100.372135833237
2020-03-05,1086.2933223144626
2020-03-06,1076.3834803647592
2020-03-09,858.1864030547551
2020-03-10,865.010353897654
2020-03-11,880.9832191065041
2020-03-12,893.5053395157688
2020-03-13,893.2078610597277
2020-03-16,792.3275471665
2020-03-17,803.9440394825898
2020-03-18,807.1441723785598
2020-03-19,851.2950783569764
2020-03-20,851.7430367411254
2020-03-23,860.0004197900316
2020-03-24,901.6307451295825
2020-03-25,929.4878825762819
2020-03-26,905.095796497334
2020-03-27,902.3129011201493
2020-03-30,877.8133231984519
2020-03-31,892.3429037838074
2020-04-01,888.7505354791609
2020-04-02,884.5521514812913
2020-04-03,893.3101918901232
2020-04-06,907.0791133447028
2020-04-07,902.6564549249083
2020-04-08,897.1653919386117
2020-04-09,861.7781795429132
2020-04-10,861.7781795429132
2020-04-13,890.9436536099233
2020-04-14,920.674306502802
2020-04-15,909.0111466849692
2020-04-16,909.1327654906055
2020-04-17,905.5440759391736
2020-04-20,919.0175693326389
2020-04-21,896.0535886663389
2020-04-22,902.4540274329829
2020-04-23,900.6147151336152
2020-04-24,901.9057697541539
2020-04-27,930.8490662203413
2020-04-28,946.7057387582078
2020-04-29,955.8543560998652
2020-04-30,965.8633232389981
2020-05-01,960.062670899415
2020-05-04,935.4701986220547
2020-05-05,961.2801123938395
2020-05-06,969.490921617526
2020-05-07,965.7922522537034
2020-05-08,957.3535064303782
2020-05-11,940.5593335635567
2020-05-12,938.6831517150091
2020-05-13,927.9647451299103
2020-05-14,926.6115082129302
2020-05-15,926.7823385915605
2020-05-18,955.0969963692789
2020-05-19,963.9767730924527
2020-05-20,959.2216040295102
2020-05-21,966.6008558990484
2020-05-22,970.4988674925825
2020-05-25,970.2315983318463
2020-05-26,962.1938109543416
2020-05-27,993.4776996666133
2020-05-28,986.8795307541798
2020-05-29,981.641792798695
2020-06-01,978.6730807078986
2020-06-02,978.7310922284286
2020-06-03,974.963730535302
2020-06-04,964.9334954531134
2020-06-05,967.2207194565723
2020-06-08,988.1176597783758
2020-06-09,996.9457889458504
2020-06-10,997.6518430654454
2020-06-11,977.4067188660009
2020-06-12,987.8108386070566
2020-06-15,964.901460019028
2020-06-16,983.9461711094879
2020-06-17,982.4447393855176
2020-06-18,976.4647073798761
2020-06-19,979.2898168103299
2020-06-22,984.3621217399508
2020-06-23,993.3132111960863
2020-06-24,1013.0351138684147
2020-06-25,1017.2305182108872
2020-06-26,1018.2748094945354
2020-06-29,1008.338458607701
2020-06-30,1007.6182538779003
2020-07-01,997.4611578767757
2020-07-02,1005.5529484573391
2020-07-03,1004.3007588839878
2020-07-06,1003.2064902673378
2020-07-07,1006.8241952615983
2020-07-08,999.1075079129706
2020-07-09,999.2590768155383
2020-07-10,997.3760792217771
2020-07-13,996.748137421425
2020-07-14,975.9065085774108
2020-07-15,973.9733584149678
2020-07-16,964.3247000008801
2020-07-17,965.1267560900073
2020-07-20,950.5604950543353
2020-07-21,942.180587615613
2020-07-22,907.3814384818054
2020-07-23,911.6561646912047
2020-07-24,909.7876441436613
2020-07-27,914.063140590086
2020-07-28,941.8740055101621
2020-07-29,927.1142887929734
2020-07-30,925.8449374664276
2020-07-31,924.5154130451036
2020-08-03,929.6931850857532
2020-08-04,936.3527795526207
2020-08-05,931.0348531227753
2020-08-06,931.6766959173675
2020-08-07,935.3716221549607
2020-08-10,945.9534969264255
2020-08-11,955.6761372098553
2020-08-12,964.1510015085981
2020-08-13,956.8520132181233
2020-08-14,957.8528097570021
2020-08-17,971.9846537132483
2020-08-18,960.4489673480454
2020-08-19,964.9960678045157
2020-08-20,968.2189730908655
2020-08-21,973.3150787262173
2020-08-24,967.3731381094718
2020-08-25,978.1522566428546
2020-08-26,982.6089072471042
2020-08-27,988.1882433293281
2020-08-28,980.340158692207
2020-08-31,972.9240647982372
2020-09-01,979.0068427314944
2020-09-02,986.1189902693249
2020-09-03,983.7618807944343
2020-09-04,986.7746872091586
2020-09-07,977.7564416729435
2020-09-08,981.3104656543558
2020-09-09,982.6477358801483
2020-09-10,981.0284333622112
2020-09-11,984.3037797503281
2020-09-14,989.2430593298427
2020-09-15,990.0412493404007
2020-09-16,1000.5825174324913
2020-09-17,1012.1432127260762
2020-09-18,1007.6628148619855
2020-09-21,1037.9433060566025
2020-09-22,1050.8976458904724
2020-09-23,1064.2107261968026
2020-09-24,1063.37847537443
2020-09-25,1065.3461694290431
2020-09-28,1052.119176903983
2020-09-29,1021.2511683187882
2020-09-30,1021.3097439555982
2020-10-01,1021.1928550834581
2020-10-02,1023.357599628539
2020-10-05,1048.691506722478
2020-10-06,1058.672244958009
2020-10-07,1071.1467919039576
2020-10-08,1080.779681326042
2020-10-09,1074.74206153955
2020-10-12,1085.0588831005696
2020-10-13,1086.1636920988003
2020-10-14,1082.1178400891959
2020-10-15,1085.2424336056697
2020-10-16,1083.3441853216327
2020-10-19,1052.6667160559828
2020-10-20,1052.9938644440588
2020-10-21,1057.5458906059378
2020-10-22,1054.1341873923313
2020-10-23,1052.732251672277
2020-10-26,1020.680778271943
2020-10-27,1008.3956567683255
2020-10-28,1019.2179607210237
2020-10-29,1027.4364027804513
2020-10-30,1027.5577472467662
2020-11-02,1009.142560727341
2020-11-03,1025.4388828885913
2020-11-04,1024.4535173494105
2020-11-05,1018.2532867780544
2020-11-06,1014.4691863128155
2020-11-09,1038.5604598048503
2020-11-10,1048.4246874473463
2020-11-11,1036.6160731419734
2020-11-12,1027.8028958071611
2020-11-13,1027.3126603307937
2020-11-16,1009.2985965825401
2020-11-17,1014.6333770624123
2020-11-18,1018.163281399583
2020-11-19,1030.478904538755
2020-11-20,1030.6099555766698
2020-11-23,1042.2778245570737
2020-11-24,1040.117526504986
2020-11-25,1034.5773987737891
2020-11-26,1034.3933558579229
2020-11-27,1031.2109867928061
2020-11-30,1003.2484958311996
2020-12-01,987.696285263242
2020-12-02,995.5544948540296
2020-12-03,1010.2613335309233
2020-12-04,1012.133388149409
2020-12-07,1016.305356226302
2020-12-08,1014.9197246764578
2020-12-09,1014.8407821028459
2020-12-10,1010.3456608275706
2020-12-11,1012.5133778038262
2020-12-14,1007.9290638538887
2020-12-15,1009.4477302074912
2020-12-16,1006.6753046636981
2020-12-17,1015.3509231021645
2020-12-18,1015.2214509176512
2020-12-21,1008.8441274505958
2020-12-22,1004.8187929260037
2020-12-23,1007.1744774571991
2020-12-24,1006.0672070212362
2020-12-25,1006.0672070212362
2020-12-28,998.8709853435074
2020-12-29,1001.8652644255492
2020-12-30,998.647605099525
2020-12-31,1001.7955159335658
2021-01-01,1001.795515933566
2021-01-04,998.7284338499724
2021-01-05,1009.5548433993599
2021-01-06,1003.3455618089886
2021-01-07,1005.3164899189916
2021-01-08,1006.2664722241562
2021-01-11,1031.173581175243
2021-01-12,1033.8580723126622
2021-01-13,1034.813566413211
2021-01-14,1040.5821741264197
2021-01-15,1044.0672037062238
2021-01-18,1048.2407105716825
2021-01-19,1045.1208578196809
2021-01-20,1047.6267807402344
2021-01-21,1046.709869269859
2021-01-22,1045.335930265175
2021-01-25,1056.451473435278
2021-01-26,1053.8003900427775
2021-01-27,1063.8696119624826
2021-01-28,1061.5345599140155
2021-01-29,1059.2190882013047
2021-02-01,1062.6667661319507
2021-02-02,1066.5754707308934
2021-02-03,1058.0550258239991
2021-02-04,1060.5193021815794
2021-02-05,1056.3744094783624
2021-02-08,1055.4050210799292
2021-02-09,1053.365072943586
2021-02-10,1050.1797425909795
2021-02-11,1048.2547742672045
2021-02-12,1049.4225293072348
2021-02-15,1048.6084946326434
2021-02-16,1054.4961361977046
2021-02-17,1061.6697496818238
2021-02-18,1050.0503481079463
2021-02-19,1046.0657632383668
2021-02-22,1045.7073650387947
2021-02-23,1037.4370847567723
2021-02-24,1036.787187392036
2021-02-25,1028.8581806233287
2021-02-26,1035.6342955787397
2021-03-01,1050.4380930325972
2021-03-02,1050.783408382994
2021-03-03,1050.95526042675
2021-03-04,1050.1574491299377
2021-03-05,1059.6955755634158
2021-03-08,1077.0125010750119
2021-03-09,1083.0428331586527
2021-03-10,1083.9791953311974
2021-03-11,1079.248502157308
2021-03-12,1080.210964756038
2021-03-15,1091.3245213118942
2021-03-16,1097.4809984238618
2021-03-17,1101.1559897390584
2021-03-18,1102.3217385497194
2021-03-19,1103.7563904618498
2021-03-22,1104.7900295178886
2021-03-23,1109.6627523860773
2021-03-24,1112.6878595614185
2021-03-25,1114.0688075301664
2021-03-26,1112.0384201976328
2021-03-29,1109.1584156128372
2021-03-30,1114.2678211739526
2021-03-31,1124.943048012992
2021-04-01,1131.9111449940847
2021-04-02,1131.9111449940842
2021-04-05,1130.0293812658865
2021-04-06,1135.522410065402
2021-04-07,1136.633397082885
2021-04-08,1149.6711367631456
2021-04-09,1150.4447074847155
2021-04-12,1155.153518642219
2021-04-13,1144.465375521642
2021-04-14,1143.607819983536
2021-04-15,1146.7780238041337
2021-04-16,1145.4885483551132
2021-04-19,1146.4921894443366
2021-04-20,1152.9518699458488
2021-04-21,1155.011145628946
2021-04-22,1155.0780257426238
2021-04-23,1152.489776711954
2021-04-26,1151.1933398818721
2021-04-27,1157.9502266357308
2021-04-28,1175.613559875804
2021-04-29,1167.5929030322507
2021-04-30,1173.6006291228107
2021-05-03,1179.0543519779728
2021-05-04,1184.8442296265678
2021-05-05,1202.2540719538868
2021-05-06,1198.7054488596343
2021-05-07,1190.9066222480733
2021-05-10,1188.5977870578663
2021-05-11,1189.6603525689575
2021-05-12,1196.889234019166
2021-05-13,1196.4912348708917
2021-05-14,1191.415150191904
2021-05-17,1198.473654877239
2021-05-18,1191.9599261412181
2021-05-19,1193.0491769307976
2021-05-20,1192.7586967485029
2021-05-21,1195.400899219046
2021-05-24,1187.2276777527152
2021-05-25,1186.9435247954334
2021-05-26,1185.0261185548106
2021-05-27,1177.8828231930959
2021-05-28,1179.0327798064577
2021-05-31,1176.9885904297612
2021-06-01,1176.9535585400927
2021-06-02,1186.9857847133671
2021-06-03,1193.8913360414938
2021-06-04,1192.0823468862136
2021-06-07,1191.8164130919197
2021-06-08,1196.7271280198108
2021-06-09,1198.2122868458832
2021-06-10,1197.7849504378412
2021-06-11,1203.8675873605055
2021-06-14,1210.5642568025503
2021-06-15,1213.3633069475154
2021-06-16,1217.0816930905087
2021-06-17,1238.0006628923713
2021-06-18,1245.739985289959
2021-06-21,1245.7813523334219
2021-06-22,1253.5914857205962
2021-06-23,1251.300376334182
2021-06-24,1251.6625315574229
2021-06-25,1249.5115584891805
2021-06-28,1254.607496311147
2021-06-29,1256.716806365286
2021-06-30,1241.0534796290788
2021-07-01,1243.606136710558
2021-07-02,1246.231329095745
2021-07-05,1244.20837716222
2021-07-06,1240.930246124783
2021-07-07,1249.085522961884
2021-07-08,1242.3537008338642
2021-07-09,1241.3065823705203
2021-07-12,1241.3587741216732
2021-07-13,1242.3693370617675
2021-07-14,1244.0761497720148
2021-07-15,1249.4898247070419
2021-07-16,1250.079280170417
2021-07-19,1250.242074160303
2021-07-20,1255.0211451249695
2021-07-21,1252.0450274843665
2021-07-22,1252.661270585918
2021-07-23,1254.5022680867137
2021-07-26,1277.1085061033773
2021-07-27,1278.9328296327935
2021-07-28,1283.3561455523445
2021-07-29,1284.7260421177175
2021-07-30,1287.5971198809254
2021-08-02,1281.2106942742137
2021-08-03,1281.5485474502536
2021-08-04,1279.0045461738919
2021-08-05,1285.0340790607304
2021-08-06,1292.1067000649543
2021-08-09,1293.5969533703271
2021-08-10,1301.307094043425
2021-08-11,1300.4953585509047
2021-08-12,1302.141502165303
2021-08-13,1296.2069976085381
2021-08-16,1291.6796799594313
2021-08-17,1303.3332212115317
2021-08-18,1310.9336389270707
2021-08-19,1315.0575128167966
2021-08-20,1315.39529889826
2021-08-23,1311.8755215668261
2021-08-24,1317.2648163415872
2021-08-25,1331.9203670832048
2021-08-26,1337.2805672329341
2021-08-27,1334.149706739671
2021-08-30,1342.867683683851
2021-08-31,1333.832564961236
2021-09-01,1330.4947204541093
2021-09-02,1328.8573086377764
2021-09-03,1327.568153609262
2021-09-06,1325.4274801328713
2021-09-07,1328.4924639434628
2021-09-08,1328.0785035756996
2021-09-09,1332.3354257714047
2021-09-10,1330.421555118811
2021-09-13,1333.2098055665012
2021-09-14,1335.951441535607
2021-09-15,1335.5913448919541
2021-09-16,1347.7621942356534
2021-09-17,1349.907947953308
2021-09-20,1349.000259137143
2021-09-21,1344.4356793213467
2021-09-22,1341.86972612993
2021-09-23,1345.3594894017006
2021-09-24,1349.4942861420823
2021-09-27,1348.7554378370048
2021-09-28,1349.787407276164
2021-09-29,1355.4679386422486
2021-09-30,1356.9246223948176
2021-10-01,1357.0054123975897
2021-10-04,1354.5916013541148
2021-10-05,1357.8155848072845
2021-10-06,1361.092751597459
2021-10-07,1357.2823897595172
2021-10-08,1356.5988468052751
2021-10-11,1342.675976686524
2021-10-12,1348.4213103273034
2021-10-13,1349.563815631837
2021-10-14,1348.5858191837776
2021-10-15,1346.7265823471964
2021-10-18,1351.6840427997777
2021-10-19,1352.002824421959
2021-10-20,1354.870626567889
2021-10-21,1355.4947170002322
2021-10-22,1354.986959425535
2021-10-25,1363.828136576622
2021-10-26,1367.1775289001462
2021-10-27,1374.7798123556483
2021-10-28,1381.0376765379858
2021-10-29,1392.9865678626948
2021-11-01,1397.902168047788
2021-11-02,1403.323593621435
2021-11-03,1401.8556195387732
2021-11-04,1409.371110443897
2021-11-05,1408.7401062561441
2021-11-08,1413.4541177650483
2021-11-09,1418.569029551549
2021-11-10,1438.0069757820056
2021-11-11,1450.2463459500914
2021-11-12,1452.641931759429
2021-11-15,1438.294345292564
2021-11-16,1453.7153822656073
2021-11-17,1459.6642795887803
2021-11-18,1458.1493136933489
2021-11-19,1461.6597678772603
2021-11-22,1453.6836035572069
2021-11-23,1444.6543234675164
2021-11-24,1445.3520805775418
2021-11-25,1441.6533423489093
2021-11-26,1428.2120955973026
2021-11-29,1404.5382732899022
2021-11-30,1371.4333448501332
2021-12-01,1386.4098082980872
2021-12-02,1392.4388758340383
2021-12-03,1396.1441604187364
2021-12-06,1407.7126499718324
2021-12-07,1422.8847375696646
2021-12-08,1412.0172715230533
2021-12-09,1418.690777300584
2021-12-10,1415.604596873744
2021-12-13,1413.05670207211
2021-12-14,1418.0574728550996
2021-12-15,1409.3632933224249
2021-12-16,1399.216040985934
2021-12-17,1404.4074244721812
2021-12-20,1399.1794084052515
2021-12-21,1412.8696204233406
2021-12-22,1413.8660654263049
2021-12-23,1420.8061142172994
2021-12-24,1418.7039817330435
2021-12-27,1415.560938228871
2021-12-28,1422.6460646524483
2021-12-29,1415.3911124699937
2021-12-30,1415.4527109234011
2021-12-31,1411.5160556904816
2022-01-03,1422.475006575193
2022-01-04,1424.8862584242827
2022-01-05,1432.2279873616344
2022-01-06,1433.5076359317675
2022-01-07,1426.4672289916844
2022-01-10,1447.3617964911962
2022-01-11,1458.345193568734
2022-01-12,1464.0892499770118
2022-01-13,1484.325820195877
2022-01-14,1488.3242592312088
2022-01-17,1496.782792748996
2022-01-18,1495.7099500285294
2022-01-19,1494.1522709415005
2022-01-20,1491.8735162816597
2022-01-21,1492.0049936339362
2022-01-24,1490.23501239619
2022-01-25,1494.766070461182
2022-01-26,1488.8524654199177
2022-01-27,1508.96642639664
2022-01-28,1507.2341278436002
2022-01-31,1503.7926484450284
2022-02-01,1503.525844001852
2022-02-02,1498.396880700767
2022-02-03,1482.8010503344472
2022-02-04,1480.2312067602757
2022-02-07,1482.5550505389792
2022-02-08,1495.0001037662385
2022-02-09,1487.5400149986826
2022-02-10,1485.4836664512272
2022-02-11,1494.0680265283722
2022-02-14,1502.4876498031756
2022-02-15,1498.9092473382293
2022-02-16,1515.4361605022098
2022-02-17,1530.3997987929029
2022-02-18,1533.5360042215534
2022-02-21,1536.6395210061419
2022-02-22,1532.0153882368863
2022-02-23,1538.610371391419
2022-02-24,1566.5999206649237
2022-02-25,1551.0944413639543
2022-02-28,1552.1894383249964
2022-03-01,1564.2809328192602
2022-03-02,1612.086610900255
2022-03-03,1628.8781169931387
2022-03-04,1649.6657348648887
2022-03-07,1657.800595406353
2022-03-08,1674.63959422627
2022-03-09,1660.7431626698353
2022-03-10,1663.7483038189048
2022-03-11,1670.5368360459433
2022-03-14,1648.2498568525737
2022-03-15,1640.7331728634786
2022-03-16,1653.6497472185813
2022-03-17,1639.221755150974
2022-03-18,1647.4583875350038
2022-03-21,1646.7897014481598
2022-03-22,1664.5450930272625
2022-03-23,1675.8316554842038
2022-03-24,1694.5078404183369
2022-03-25,1698.0559018075328
2022-03-28,1715.002667406377
2022-03-29,1706.3956675489853
2022-03-30,1702.7925000750195
2022-03-31,1710.6793630820594
2022-04-01,1721.7957761034356
2022-04-04,1712.7482576838695
2022-04-05,1738.1417900005654
2022-04-06,1762.270401082025
2022-04-07,1763.8623680162775
2022-04-08,1767.995421338212
2022-04-11,1761.466886160239
2022-04-12,1766.4889371174002
2022-04-13,1776.1201313630527
2022-04-14,1787.4924736092994
2022-04-15,1787.4924736092992
2022-04-18,1769.2675713377241
2022-04-19,1789.7711720334357
2022-04-20,1775.3578814933262
2022-04-21,1777.5538249310855
2022-04-22,1788.6434517767073
2022-04-25,1816.4417800192582
2022-04-26,1832.8245768466445
2022-04-27,1850.8570929114314
2022-04-28,1851.8934148891003
2022-04-29,1848.5101475901138
2022-05-02,1852.7748928963485
2022-05-03,1848.9312607459303
2022-05-04,1847.780941832183
2022-05-05,1874.4154833826306
2022-05-06,1864.8129955215957
2022-05-09,1859.2659101328059
2022-05-10,1835.4584175448786
2022-05-11,1797.343174058131
2022-05-12,1762.749704294112
2022-05-13,1764.3642818611875
2022-05-16,1718.4040004448964
2022-05-17,1722.9346348180547
2022-05-18,1767.5303251666928
2022-05-19,1733.5505347636931
2022-05-20,1738.4388363548314
2022-05-23,1692.038082911076
2022-05-24,1648.1634411115253
2022-05-25,1659.529120076256
2022-05-26,1665.5293073155474
2022-05-27,1667.2407615018303
2022-05-30,1700.203450648663
2022-05-31,1714.2158108598726
2022-06-01,1714.5478627965826
2022-06-02,1693.8961992473894
2022-06-03,1692.4744662406688
2022-06-06,1675.8953345103703
2022-06-07,1670.629206610123
2022-06-08,1663.203668519284
2022-06-09,1673.3752195654365
2022-06-10,1689.68679538764
2022-06-13,1670.108770607448
2022-06-14,1664.5710824259306
2022-06-15,1666.76229777187
2022-06-16,1662.6680137127282
2022-06-17,1666.8876401576451
2022-06-20,1592.6023355187792
2022-06-21,1606.7064456360229
2022-06-22,1599.0114384262274
2022-06-23,1615.6101466488653
2022-06-24,1613.1586541792
2022-06-27,1627.899726056691
2022-06-28,1641.9737905978523
2022-06-29,1664.5635088485374
2022-06-30,1669.9618879926584
2022-07-01,1679.2655226301345
2022-07-04,1680.7784810232313
2022-07-05,1710.2230190308453
2022-07-06,1697.8969724079182
2022-07-07,1697.9142563242783
2022-07-08,1697.3301210810348
2022-07-11,1710.5323300754385
2022-07-12,1715.7620659667632
2022-07-13,1703.9187979705182
2022-07-14,1714.6805086181748
2022-07-15,1702.770507962362
2022-07-18,1701.8069320984828
2022-07-19,1701.3049684362989
2022-07-20,1730.6788635459577
2022-07-21,1771.7582755808698
2022-07-22,1766.5261938896522
2022-07-25,1761.8038042586745
2022-07-26,1781.946783435063
2022-07-27,1791.0612452125972
2022-07-28,1781.3816635609894
2022-07-29,1777.1116551770724
2022-08-01,1778.9886024698385
2022-08-02,1780.9716603935074
2022-08-03,1790.4201120883336
2022-08-04,1778.2700006728396
2022-08-05,1783.9897973524812
2022-08-08,1772.5436365389396
2022-08-09,1767.8941997605552
2022-08-10,1747.0621458688615
2022-08-11,1747.9043581663102
2022-08-12,1762.8343800157184
2022-08-15,1757.9849147489529
2022-08-16,1765.156486134163
2022-08-17,1773.7658797020183
2022-08-18,1785.2634559963335
2022-08-19,1797.3960199428097
2022-08-22,1830.5510904152763
2022-08-23,1857.5729322218792
2022-08-24,1840.3537315869155
2022-08-25,1833.61559744441
2022-08-26,1827.2085145401466
2022-08-29,1819.7971746724122
2022-08-30,1816.9122982366323
2022-08-31,1796.4345524327439
2022-09-01,1797.3212939756413
2022-09-02,1780.920905204884
2022-09-05,1778.5747961249713
2022-09-06,1793.3640298403093
2022-09-07,1773.9290227192794
2022-09-08,1768.9539107749838
2022-09-09,1756.649143640299
2022-09-12,1741.7750070291818
2022-09-13,1774.7011156456613
2022-09-14,1764.039566546927
2022-09-15,1774.6370285464957
2022-09-16,1769.589495228838
2022-09-19,1752.4445050161592
2022-09-20,1762.5337035882746
2022-09-21,1770.179548470741
2022-09-22,1767.0000878190178
2022-09-23,1786.4495794516472
2022-09-26,1719.8124514370977
2022-09-27,1724.4943029433905
2022-09-28,1695.0891673743765
2022-09-29,1674.7194026910652
2022-09-30,1670.1295436107125
2022-10-03,1637.0473293197836
2022-10-04,1670.2973446443802
2022-10-05,1704.1237120658627
2022-10-06,1686.941275087735
2022-10-07,1695.5011752346106
2022-10-10,1655.4651495816004
2022-10-11,1670.4792533654413
2022-10-12,1660.9280410745885
2022-10-13,1652.4583229754946
2022-10-14,1645.9245334554264
2022-10-17,1624.8766912300161
2022-10-18,1660.6218017639221
2022-10-19,1684.3294132186534
2022-10-20,1704.6958933566495
2022-10-21,1711.2207769053523
2022-10-24,1685.016593752304
2022-10-25,1684.6895688719455
2022-10-26,1672.3143550477216
2022-10-27,1677.4194236101987
2022-10-28,1683.6079853070967
2022-10-31,1718.475378848687
2022-11-01,1731.3392535748224
2022-11-02,1734.655374968128
2022-11-03,1746.08083453526
2022-11-04,1724.682835605413
2022-11-07,1742.9579966883557
2022-11-08,1742.2750868936068
2022-11-09,1765.7909181678801
2022-11-10,1737.7421476339669
2022-11-11,1717.8055721842034
2022-11-14,1738.5967505758426
2022-11-15,1734.681121050238
2022-11-16,1710.9562416137942
2022-11-17,1724.6744005297617
2022-11-18,1721.0240421452845
2022-11-21,1730.8014512498453
2022-11-22,1723.1441593109957
2022-11-23,1704.8318676305532
2022-11-24,1707.7268150269222
2022-11-25,1707.1082646405857
2022-11-28,1696.911536200605
2022-11-29,1701.8571729800656
2022-11-30,1723.4687481976325
2022-12-01,1691.5198875856317
2022-12-02,1693.8953279150878
2022-12-05,1682.1006854879317
2022-12-06,1649.8592050779255
2022-12-07,1651.3210071833898
2022-12-08,1653.2118647598668
2022-12-09,1654.8048837015688
2022-12-12,1641.3628173165573
2022-12-13,1620.8237214762544
2022-12-14,1620.247525214082
2022-12-15,1605.0300308351677
2022-12-16,1610.3219201554286
2022-12-19,1602.4311478713755
2022-12-20,1576.2531772558023
2022-12-21,1572.7659051644966
2022-12-22,1576.9322568465377
2022-12-23,1575.0007432705254
2022-12-26,1577.930511694791
2022-12-27,1587.7796462730555
2022-12-28,1601.0873142177256
2022-12-29,1591.4643546607567
2022-12-30,1591.6090634193317
2023-01-02,1554.3537669280743
2023-01-03,1564.3412310474755
2023-01-04,1543.4287457576247
2023-01-05,1563.8956388817994
2023-01-06,1553.931792021459
2023-01-09,1548.239242529155
2023-01-10,1567.8056928475382
2023-01-11,1558.3531751106773
2023-01-12,1525.818810579568
2023-01-13,1523.8252260281813
2023-01-16,1543.8750583167705
2023-01-17,1550.1989447619328
2023-01-18,1544.557254402079
2023-01-19,1560.8678629027315
2023-01-20,1553.8694873015368
2023-01-23,1576.9264298340288
2023-01-24,1578.9000484387445
2023-01-25,1566.859339760184
2023-01-26,1564.5297378169953
2023-01-27,1566.7345569969928
2023-01-30,1556.951619227338
2023-01-31,1560.2362819292923
2023-02-01,1560.3837937971034
2023-02-02,1565.1137227178544
2023-02-03,1572.951760111324
2023-02-06,1606.9974125234442
2023-02-07,1615.2027083164814
2023-02-08,1609.9108706049328
2023-02-09,1597.8107921849316
2023-02-10,1608.2375223465422
2023-02-13,1602.1467073861857
2023-02-14,1599.624850351399
2023-02-15,1615.5532256307354
2023-02-16,1613.803530530083
2023-02-17,1614.7143415644118
2023-02-20,1610.5121365582468
2023-02-21,1609.2805089335807
2023-02-22,1604.6157034497262
2023-02-23,1596.410453751723
2023-02-24,1603.6944206784221
2023-02-27,1594.0990235204706
2023-02-28,1587.840645197089
2023-03-01,1581.6392763114495
2023-03-02,1596.9682266264886
2023-03-03,1599.187603791304
2023-03-06,1597.643114244358
2023-03-07,1614.632095030239
2023-03-08,1613.6688824057887
2023-03-09,1605.9965131922274
2023-03-10,1591.2951457526935
2023-03-13,1571.1170414469786
2023-03-14,1521.7117936941722
2023-03-15,1562.6558504900577
2023-03-16,1536.8645175474512
2023-03-17,1533.7548424089136
2023-03-20,1516.0495950619213
2023-03-21,1516.4890328476422
2023-03-22,1515.5004910490572
2023-03-23,1500.3038679619967
2023-03-24,1517.085781254586
2023-03-27,1505.0217285034207
2023-03-28,1502.4816962380835
2023-03-29,1501.0259513762703
2023-03-30,1497.4102528074268
2023-03-31,1503.1144670368478
2023-04-03,1506.157810669538
2023-04-04,1492.5398830871875
2023-04-05,1501.5386254232183
2023-04-06,1492.8191252318063
2023-04-07,1492.8191252318063
2023-04-10,1467.333815564555
2023-04-11,1481.9000592151285
2023-04-12,1497.015467693287
2023-04-13,1488.5524186432933
2023-04-14,1492.4981757828741
2023-04-17,1527.126347824092
2023-04-18,1526.07028294208
2023-04-19,1524.3425903489292
2023-04-20,1529.9525049792308
2023-04-21,1530.649617343098
2023-04-24,1523.3751651777836
2023-04-25,1530.8411870685225
2023-04-26,1525.5753038719422
2023-04-27,1530.5146747535048
2023-04-28,1525.926722486024
2023-05-01,1522.6408529331832
2023-05-02,1508.9491721151342
2023-05-03,1484.6501388345373
2023-05-04,1503.3105994279615
2023-05-05,1501.5105177829246
2023-05-08,1495.5618466216208
2023-05-09,1489.672552401124
2023-05-10,1494.533919587208
2023-05-11,1497.6865534617543
2023-05-12,1504.1122698093475
2023-05-15,1476.3361512636911
2023-05-16,1466.7856161156706
2023-05-17,1455.7171424422188
2023-05-18,1479.8412007331997
2023-05-19,1477.9212794419723
2023-05-22,1469.288023876206
2023-05-23,1470.5432791008834
2023-05-24,1470.0533456124936
2023-05-25,1476.8015876942404
2023-05-26,1479.0125871183031
2023-05-29,1495.957847924031
2023-05-30,1497.1382037447588
2023-05-31,1491.7401717332534
2023-06-01,1480.098825411576
2023-06-02,1480.926814125619
2023-06-05,1512.580475954189
2023-06-06,1515.551729870754
2023-06-07,1501.7414827371204
2023-06-08,1495.3060222840306
2023-06-09,1498.4008385405812
2023-06-12,1508.428681649226
2023-06-13,1503.2258338795764
2023-06-14,1507.6555003878293
2023-06-15,1508.5791129280806
2023-06-16,1506.6460107743123
2023-06-19,1512.360886832007
2023-06-20,1514.7465329502063
2023-06-21,1511.9201756366238
2023-06-22,1511.5611369045432
2023-06-23,1520.7714220827809
2023-06-26,1512.3611660413837
2023-06-27,1506.698443867165
2023-06-28,1512.3099554443181
2023-06-29,1513.730507224859
2023-06-30,1511.7305247874206
2023-07-03,1520.6468582030743
2023-07-04,1543.1873671876679
2023-07-05,1554.1885438871825
2023-07-06,1553.3157584680996
2023-07-07,1544.194384541136
2023-07-10,1546.6338465245574
2023-07-11,1557.9629103940688
2023-07-12,1547.0170286936495
2023-07-13,1540.8603810016323
2023-07-14,1535.0333879168702
2023-07-17,1530.5106632927666
2023-07-18,1539.4896060934166
2023-07-19,1543.9848342340572
2023-07-20,1548.7473745131479
2023-07-21,1552.4739743333437
2023-07-24,1540.976847162089
2023-07-25,1553.2497402838133
2023-07-26,1550.8620559581097
2023-07-27,1556.761871146966
2023-07-28,1550.554855395032
2023-07-31,1547.4458341927739
2023-08-01,1545.891249970209
2023-08-02,1541.2353785537996
2023-08-03,1533.0210260813483
2023-08-04,1521.4241440231401
2023-08-07,1534.1887246263575
2023-08-08,1531.5464575545195
2023-08-09,1520.1231594922551
2023-08-10,1504.949808546233
2023-08-11,1511.3278769109247
2023-08-14,1526.3922150045148
2023-08-15,1520.8581283814808
2023-08-16,1523.8129213015404
2023-08-17,1524.7259031646697
2023-08-18,1526.4736377073652
2023-08-21,1499.4821858227237
2023-08-22,1508.2509217923375
2023-08-23,1511.8918549245561
2023-08-24,1517.787311244728
2023-08-25,1526.0266243223368
2023-08-28,1514.0140022403427
2023-08-29,1512.8201797737304
2023-08-30,1499.743740983158
2023-08-31,1502.8470173225694
2023-09-01,1508.2649917969372
2023-09-04,1494.2138964472274
2023-09-05,1500.34487193931
2023-09-06,1509.642828882528
2023-09-07,1521.4303851678853
2023-09-08,1519.5178479368158
2023-09-11,1516.0848135054102
2023-09-12,1516.4308218604554
2023-09-13,1518.8281434623057
2023-09-14,1526.575193656039
2023-09-15,1525.444252911602
2023-09-18,1517.1690775197833
2023-09-19,1511.9112084739206
2023-09-20,1502.7015247673307
2023-09-21,1504.155773552862
2023-09-22,1503.951080151111
2023-09-25,1495.31780630063
2023-09-26,1501.8016865491852
2023-09-27,1510.383002946324
2023-09-28,1503.9914731362544
2023-09-29,1500.996686043507
2023-10-02,1501.5630979292628
2023-10-03,1505.9295296483708
2023-10-04,1498.6828104809915
2023-10-05,1481.7457232744368
2023-10-06,1480.1422752999388
2023-10-09,1446.866461291488
2023-10-10,1445.592054676783
2023-10-11,1428.3552709033993
2023-10-12,1446.5753022222477
2023-10-13,1452.7976487755132
2023-10-16,1450.5278642500193
2023-10-17,1493.1665925328055
2023-10-18,1477.149740404011
2023-10-19,1471.418824914171
2023-10-20,1469.114451380085
2023-10-23,1447.2799447627413
2023-10-24,1434.8969805760257
2023-10-25,1431.0225479216238
2023-10-26,1413.581452685018
2023-10-27,1409.6824635545468
2023-10-30,1398.9958558187461
2023-10-31,1420.9105159746423
2023-11-01,1413.973659885609
2023-11-02,1422.6570216657292
2023-11-03,1410.1522212038162
2023-11-06,1426.3668040616526
2023-11-07,1424.5347545465613
2023-11-08,1415.910513421503
2023-11-09,1422.5752266490795
2023-11-10,1428.5745598761266
2023-11-13,1419.8617299059092
2023-11-14,1400.0774753123485
2023-11-15,1415.4597834938072
2023-11-16,1416.3855313353274
2023-11-17,1415.5436736088348
2023-11-20,1401.9726896886868
2023-11-21,1408.0348974626456
2023-11-22,1417.4342835491882
2023-11-23,1412.65147344059
2023-11-24,1409.2346820819532
2023-11-27,1401.6018551625273
2023-11-28,1396.2161156496752
2023-11-29,1389.24632245577
2023-11-30,1407.827811706826
2023-12-01,1417.1783215825533
2023-12-04,1411.7808339526405
2023-12-05,1415.2494922417009
2023-12-06,1422.3158994910198
2023-12-07,1424.4937285014457
2023-12-08,1425.6849440038768
2023-12-11,1439.9355765235166
2023-12-12,1450.0992451297907
2023-12-13,1453.7239022333706
2023-12-14,1427.004351428255
2023-12-15,1436.3974754667965
2023-12-18,1436.2297793790933
2023-12-19,1427.3468414696536
2023-12-20,1443.1064649223617
2023-12-21,1440.8986299856435
2023-12-22,1437.954682728011
2023-12-25,1427.906191651143
2023-12-26,1413.8113235850199
2023-12-27,1417.576987901546
2023-12-28,1424.8092729975392
2023-12-29,1431.9530558930942
2024-01-01,1431.9530558930942
2024-01-02,1465.9332295344864
2024-01-03,1478.4704683455896
2024-01-04,1475.9315474610596
2024-01-05,1473.3185152336105
2024-01-08,1500.5980107893206
2024-01-09,1522.4466350007278
2024-01-10,1511.7269672978591
2024-01-11,1532.775455737348
2024-01-12,1531.6141054533541
2024-01-15,1543.2919596563943
2024-01-16,1548.012680157295
2024-01-17,1546.684871738867
2024-01-18,1543.1294075817575
2024-01-19,1538.6629391136125
2024-01-22,1550.8195288126467
2024-01-23,1567.3295499621324
2024-01-24,1564.0061317940242
2024-01-25,1573.8265057228848
2024-01-26,1569.7002037873297
2024-01-29,1569.1319992656586
2024-01-30,1566.860176253817
2024-01-31,1550.7528547459046
2024-02-01,1547.4144699766384
2024-02-02,1552.2919106435238
2024-02-05,1564.1259135583796
2024-02-06,1565.7546656262043
2024-02-07,1567.2882052656842
2024-02-08,1565.615733730123
2024-02-09,1562.820650769443
2024-02-12,1589.099376102952
2024-02-13,1593.0159481512353
2024-02-14,1584.5462957914763
2024-02-15,1578.8535854699567
2024-02-16,1577.461104472699
2024-02-19,1582.4231112203058
2024-02-20,1583.9870710420885
2024-02-21,1593.4649708840475
2024-02-22,1590.5066041957741
2024-02-23,1589.6644267233248
2024-02-26,1585.269648784634
2024-02-27,1591.3525216948758
2024-02-28,1588.742531149349
2024-02-29,1596.1251490407708
2024-03-01,1593.0272665675895
2024-03-04,1589.4993057297283
2024-03-05,1587.692208708781
2024-03-06,1574.9289291218354
2024-03-07,1573.1824397483456
2024-03-08,1570.3372982513717
2024-03-11,1584.3203633075134
