Date,EUROPE SMALL CAP MINIMUM VOLATILITY(EUR)
2001-06-01,999.4626166985004
2001-06-04,1000.425421496019
2001-06-05,1008.4940688328203
2001-06-06,1008.4172507934333
2001-06-07,1002.9963042101078
2001-06-08,1004.123394688269
2001-06-11,1003.4259125712653
2001-06-12,996.3743170382135
2001-06-13,997.3241520743545
2001-06-14,993.9023291909592
2001-06-15,989.2404450068311
2001-06-18,985.3920589412426
2001-06-19,984.8607253549728
2001-06-20,980.3932247906628
2001-06-21,981.3034048777604
2001-06-22,977.5912707174525
2001-06-25,972.3396097985873
2001-06-26,967.7174807382551
2001-06-27,964.9987144602251
2001-06-28,966.1511801100806
2001-06-29,968.7738351577914
2001-07-02,969.3046513204075
2001-07-03,969.904268224146
2001-07-04,973.2182256173504
2001-07-05,969.9392884621348
2001-07-06,962.1768242507129
2001-07-09,959.6136207538491
2001-07-10,959.2282859612087
2001-07-11,953.7164634334391
2001-07-12,956.2425903301308
2001-07-13,956.0844874833498
2001-07-16,955.000404216385
2001-07-17,952.2030530194922
2001-07-18,945.4521701636182
2001-07-19,947.7737024184819
2001-07-20,947.7971889741207
2001-07-23,947.5248268416982
2001-07-24,942.3601027534456
2001-07-25,937.899548323138
2001-07-26,936.300022249775
2001-07-27,938.1363815661751
2001-07-30,940.1030096123509
2001-07-31,942.127826800251
2001-08-01,944.8554537368001
2001-08-02,943.8782446107945
2001-08-03,942.4649154752985
2001-08-06,941.5776214557734
2001-08-07,940.7983563808086
2001-08-08,938.7886216184894
2001-08-09,930.3863311522372
2001-08-10,928.7381713891986
2001-08-13,927.8061396731038
2001-08-14,932.6940436866264
2001-08-15,931.4502959695552
2001-08-16,929.9552588696214
2001-08-17,927.240397564657
2001-08-20,926.4232811567097
2001-08-21,930.4365602652482
2001-08-22,927.8574834335716
2001-08-23,926.688145632515
2001-08-24,926.4091881966245
2001-08-27,929.376171509263
2001-08-28,928.94548021868
2001-08-29,927.8619810906126
2001-08-30,923.4924497271525
2001-08-31,921.4566974910663
2001-09-03,915.0096890329115
2001-09-04,918.0520084537309
2001-09-05,917.2313999497092
2001-09-06,907.1833457030513
2001-09-07,900.573843410424
2001-09-10,885.0999000239459
2001-09-11,859.8295962122787
2001-09-12,847.9955269145221
2001-09-13,849.8963268048748
2001-09-14,830.0023686681126
2001-09-17,820.171251124775
2001-09-18,814.6838932719678
2001-09-19,810.0784681870406
2001-09-20,785.8839593973677
2001-09-21,760.7468810897847
2001-09-24,777.3210982072417
2001-09-25,783.2012174552956
2001-09-26,794.394813322749
2001-09-27,790.5266689990373
2001-09-28,798.9496397972663
2001-10-01,800.2915085003309
2001-10-02,793.387422994358
2001-10-03,791.1768485069681
2001-10-04,803.5301391256245
2001-10-05,803.9861284474966
2001-10-08,797.2730585161942
2001-10-09,798.2758110372492
2001-10-10,802.0869429933236
2001-10-11,817.7514851595804
2001-10-12,820.7658589076957
2001-10-15,817.3476479421723
2001-10-16,823.9155858362703
2001-10-17,829.2418322035082
2001-10-18,826.0975108622739
2001-10-19,823.5966139853255
2001-10-22,820.9718781513709
2001-10-23,825.887953660582
2001-10-24,826.7989272772645
2001-10-25,826.6755495607496
2001-10-26,831.2576626297853
2001-10-29,828.3229865221141
2001-10-30,819.9796883864489
2001-10-31,826.9274411112174
2001-11-01,826.4615403904951
2001-11-02,829.3943318724505
2001-11-05,831.8796930832228
2001-11-06,834.7663791701042
2001-11-07,837.9007082713962
2001-11-08,844.5633530533125
2001-11-09,847.0234671346631
2001-11-12,842.4908536664122
2001-11-13,852.2094595203523
2001-11-14,855.8248292152891
2001-11-15,859.6819087615222
2001-11-16,860.7530449112073
2001-11-19,866.4287369222016
2001-11-20,863.1287579707027
2001-11-21,862.9529032393642
2001-11-22,862.8914184510315
2001-11-23,866.5470138922808
2001-11-26,866.4374166549082
2001-11-27,866.7439264925024
2001-11-28,865.3072215770922
2001-11-29,863.0240424770377
2001-11-30,864.7259777498685
2001-12-03,861.5541962333066
2001-12-04,863.1440479667081
2001-12-05,867.1094723559141
2001-12-06,873.4397788714203
2001-12-07,879.9080359198658
2001-12-10,881.15436094012
2001-12-11,881.9138425651951
2001-12-12,880.3807868185692
2001-12-13,875.1327260732184
2001-12-14,872.9405026343707
2001-12-17,874.7263221246016
2001-12-18,876.2606095273422
2001-12-19,875.8028422753605
2001-12-20,876.3981484655327
2001-12-21,880.4856442301347
2001-12-24,883.5195689025488
2001-12-25,883.5195689025486
2001-12-26,884.8948802132873
2001-12-27,888.580813645407
2001-12-28,891.205795915572
2001-12-31,891.0828599741769
2002-01-01,891.0828599741769
2002-01-02,888.6855992520457
2002-01-03,896.950974880319
2002-01-04,904.4410512921278
2002-01-07,905.7709759949822
2002-01-08,908.1867613005351
2002-01-09,906.6259217788813
2002-01-10,903.1917668075405
2002-01-11,908.1240550430404
2002-01-14,906.7277616478881
2002-01-15,906.4665478753093
2002-01-16,907.13773839704
2002-01-17,910.4290309716199
2002-01-18,910.0961719729117
2002-01-21,911.5981703522042
2002-01-22,911.7366922628586
2002-01-23,909.801254220043
2002-01-24,914.8625943388206
2002-01-25,915.7890266116979
2002-01-28,918.091930029109
2002-01-29,917.8951712369
2002-01-30,915.8391024782208
2002-01-31,920.1406020538464
2002-02-01,923.6355331046636
2002-02-04,922.4563099597995
2002-02-05,918.4418721944724
2002-02-06,918.3396859471144
2002-02-07,916.7675406664932
2002-02-08,918.6755278745853
2002-02-11,921.2250209307556
2002-02-12,923.437862745437
2002-02-13,923.6333415343996
2002-02-14,926.7800276718433
2002-02-15,927.396172266272
2002-02-18,927.2240630428175
2002-02-19,923.1549461286563
2002-02-20,921.0647168375757
2002-02-21,925.1555074227841
2002-02-22,920.2903558881555
2002-02-25,923.8440409708157
2002-02-26,929.6569620086916
2002-02-27,934.6080273793716
2002-02-28,935.0190412339191
2002-03-01,938.0544446548943
2002-03-04,946.6725779276013
2002-03-05,949.9980492362793
2002-03-06,949.1770766296366
2002-03-07,952.2221023480079
2002-03-08,955.9814100574641
2002-03-11,957.5101457704807
2002-03-12,953.7358714354715
2002-03-13,954.7619242505547
2002-03-14,955.5135173289085
2002-03-15,958.3205578437189
2002-03-18,962.5294765688477
2002-03-19,962.6923733570513
2002-03-20,960.9779858978675
2002-03-21,962.8896611785829
2002-03-22,972.1941237717992
2002-03-25,972.2506198458537
2002-03-26,972.355417664874
2002-03-27,974.0025197889
2002-03-28,977.5759692440262
2002-03-29,977.5990750024811
2002-04-01,978.532138478079
2002-04-02,978.3657911536707
2002-04-03,979.4847668247421
2002-04-04,979.8812688805964
2002-04-05,983.8291752729073
2002-04-08,984.1308128615096
2002-04-09,986.2119171307916
2002-04-10,989.2687399617851
2002-04-11,989.2366038495485
2002-04-12,991.2716476977731
2002-04-15,992.7829292696894
2002-04-16,996.1458925970073
2002-04-17,1000.3958359994414
2002-04-18,1002.690531670639
2002-04-19,1006.7844242412474
2002-04-22,1007.8293391080823
2002-04-23,1007.7439869679396
2002-04-24,1008.4447265404897
2002-04-25,1004.190158843237
2002-04-26,1005.9608858179873
2002-04-29,1003.8661681514478
2002-04-30,1006.7102007329413
2002-05-01,1008.9470248770889
2002-05-02,1014.5509953975862
2002-05-03,1012.7759033527276
2002-05-06,1008.948777041483
2002-05-07,1006.8197277592485
2002-05-08,1011.4295432500163
2002-05-09,1014.1121080995687
2002-05-10,1011.5071554091977
2002-05-13,1010.7190039265495
2002-05-14,1015.7928566882747
2002-05-15,1014.7186940497093
2002-05-16,1014.7054413097369
2002-05-17,1013.0121590723107
2002-05-20,1012.6508873858214
2002-05-21,1012.6102517904806
2002-05-22,1006.4513564721813
2002-05-23,1005.9850008785821
2002-05-24,1007.5582742244676
2002-05-27,1009.7423440585032
2002-05-28,1007.0777292098898
2002-05-29,1004.8834407730009
2002-05-30,999.6291801444761
2002-05-31,1000.4292085305079
2002-06-03,998.1956666001028
2002-06-04,991.2406676355023
2002-06-05,989.9541361469031
2002-06-06,988.422597770809
2002-06-07,984.2829877192783
2002-06-10,987.4069989372581
2002-06-11,989.5712364840441
2002-06-12,984.2515178905669
2002-06-13,981.3722603368793
2002-06-14,964.7831142092192
2002-06-17,971.2398066817789
2002-06-18,971.8042719483481
2002-06-19,966.2775608981062
2002-06-20,958.2671360690642
2002-06-21,955.5709697541364
2002-06-24,944.3983070347041
2002-06-25,949.3233169845495
2002-06-26,934.9374664563863
2002-06-27,938.4511777914639
2002-06-28,946.2449063987879
2002-07-01,948.983673612246
2002-07-02,941.1824159256898
2002-07-03,936.94482360014
2002-07-04,940.3241138010416
2002-07-05,946.1348037171499
2002-07-08,946.7621130770557
2002-07-09,943.2472635631938
2002-07-10,939.1237756895672
2002-07-11,926.2255844154441
2002-07-12,927.5709442730773
2002-07-15,916.0141351794522
2002-07-16,902.0620280335077
2002-07-17,902.6338606255683
2002-07-18,906.8706364347403
2002-07-19,899.8727790894064
2002-07-22,887.9760078906668
2002-07-23,880.7671153943406
2002-07-24,860.139456029318
2002-07-25,872.5009393709058
2002-07-26,874.1778654744455
2002-07-29,886.0850206746164
2002-07-30,889.1057914220435
2002-07-31,892.0356486195874
2002-08-01,886.0533142931587
2002-08-02,884.830757958668
2002-08-05,872.81964713027
2002-08-06,867.9807275778459
2002-08-07,867.7217982381584
2002-08-08,870.5121159027395
2002-08-09,873.9697411402656
2002-08-12,870.1012882427343
2002-08-13,871.7820163081705
2002-08-14,870.5471984799242
2002-08-15,875.6746469377614
2002-08-16,877.0095421305588
2002-08-19,883.8978623266116
2002-08-20,884.2290083105123
2002-08-21,887.8112249051703
2002-08-22,894.6621799180217
2002-08-23,895.6800981547517
2002-08-26,897.3522298024087
2002-08-27,898.4627000314943
2002-08-28,890.9870227800031
2002-08-29,886.4776656676163
2002-08-30,888.4188362486472
2002-09-02,885.7624342363401
2002-09-03,876.7422527067358
2002-09-04,873.2011209631528
2002-09-05,871.1970673783414
2002-09-06,874.2076439189859
2002-09-09,875.5772548380285
2002-09-10,879.4791559622755
2002-09-11,882.9191644219582
2002-09-12,880.971566704957
2002-09-13,876.5310707837755
2002-09-16,874.9468906005401
2002-09-17,873.4180619182725
2002-09-18,863.300583192653
2002-09-19,857.8916812712831
2002-09-20,853.8924057207666
2002-09-23,845.6896281707519
2002-09-24,832.0134001282981
2002-09-25,832.3152143309176
2002-09-26,837.6730492687603
2002-09-27,841.1496082617953
2002-09-30,832.0885635264268
2002-10-01,829.5359248920875
2002-10-02,832.5826786485061
2002-10-03,829.0560122904815
2002-10-04,826.8944100188698
2002-10-07,820.1365151757658
2002-10-08,815.9659040557415
2002-10-09,809.361901804664
2002-10-10,804.3333817028309
2002-10-11,813.6513226639217
2002-10-14,810.5032274893456
2002-10-15,825.2352340142637
2002-10-16,824.6744197405677
2002-10-17,835.6111863638265
2002-10-18,836.6754088483174
2002-10-21,837.8315577201895
2002-10-22,837.5251360717077
2002-10-23,838.0106541333624
2002-10-24,839.7526267217069
2002-10-25,839.5336624592298
2002-10-28,840.8542581118403
2002-10-29,836.6050073950834
2002-10-30,839.5001810024864
2002-10-31,841.7774983507758
2002-11-01,841.6000049515902
2002-11-04,848.6897170521336
2002-11-05,847.0644951405835
2002-11-06,847.4404383197301
2002-11-07,845.6715231854738
2002-11-08,845.3633376476319
2002-11-11,844.8737353475038
2002-11-12,845.3336944642788
2002-11-13,844.2031001189949
2002-11-14,846.4857121343705
2002-11-15,846.1268967705203
2002-11-18,849.4228921197849
2002-11-19,848.4178535122348
2002-11-20,848.0113944577706
2002-11-21,856.0424450397167
2002-11-22,858.6357928666931
2002-11-25,858.7158277597183
2002-11-26,855.5752229482848
2002-11-27,857.3682805248776
2002-11-28,859.5983543700759
2002-11-29,854.741915448953
2002-12-02,860.4839335894021
2002-12-03,856.5786701314667
2002-12-04,853.6805782515783
2002-12-05,853.4102429102918
2002-12-06,850.4235802876466
2002-12-09,848.0022915041899
2002-12-10,847.4531307800886
2002-12-11,847.6603807125659
2002-12-12,843.9486685929145
2002-12-13,840.6488898358214
2002-12-16,842.1962460882032
2002-12-17,840.7733943788193
2002-12-18,844.5224582087831
2002-12-19,844.5800695149635
2002-12-20,843.0406032244929
2002-12-23,840.6477016950823
2002-12-24,840.62926556074
2002-12-25,840.6385678561804
2002-12-26,840.0208446206375
2002-12-27,836.085811017807
2002-12-30,837.1306298731628
2002-12-31,838.9737548410877
2003-01-01,838.9737548410877
2003-01-02,847.8077507422385
2003-01-03,850.1675240376649
2003-01-06,850.6907029624356
2003-01-07,851.5176528666718
2003-01-08,846.2593283807921
2003-01-09,846.9198868957013
2003-01-10,848.5368752551778
2003-01-13,846.7266898199883
2003-01-14,848.2204019646831
2003-01-15,845.9547929384026
2003-01-16,846.8498911924192
2003-01-17,843.4338344886573
2003-01-20,838.4833440502406
2003-01-21,836.7833571367039
2003-01-22,833.6091371792633
2003-01-23,834.4148768680884
2003-01-24,834.0408585178683
2003-01-27,821.4423799884701
2003-01-28,816.6081941816094
2003-01-29,810.0716738424812
2003-01-30,814.2895805190511
2003-01-31,815.6443718145558
2003-02-03,816.8070450646635
2003-02-04,811.1900978857633
2003-02-05,813.0554321105086
2003-02-06,811.5438672867396
2003-02-07,809.4349245150294
2003-02-10,808.755517861113
2003-02-11,810.1158794223674
2003-02-12,805.116175677572
2003-02-13,801.7262132554966
2003-02-14,803.5988025811923
2003-02-17,805.7724470210217
2003-02-18,803.8490898714681
2003-02-19,803.2482946637529
2003-02-20,800.6153628103057
2003-02-21,800.93354026479
2003-02-24,800.012180402735
2003-02-25,792.5402781983664
2003-02-26,789.4351542941347
2003-02-27,790.7172336366026
2003-02-28,798.1882632407718
2003-03-03,799.8639619043358
2003-03-04,794.9731457459495
2003-03-05,793.9672272356705
2003-03-06,790.3287574214062
2003-03-07,782.2413440023302
2003-03-10,775.3397388132623
2003-03-11,770.3727461709718
2003-03-12,766.9523471726385
2003-03-13,772.9478652030871
2003-03-14,781.0335576701124
2003-03-17,779.7232381920477
2003-03-18,786.2769504659746
2003-03-19,789.6700237282007
2003-03-20,790.8366918409292
2003-03-21,801.7577740434543
2003-03-24,795.5537362187307
2003-03-25,795.5834496092916
2003-03-26,799.3153026012382
2003-03-27,795.6218302092899
2003-03-28,795.1877808244985
2003-03-31,790.009342381621
2003-04-01,791.933379979011
2003-04-02,800.6135488941864
2003-04-03,802.6703474500168
2003-04-04,809.0009378234483
2003-04-07,820.1360460191571
2003-04-08,816.5466291515646
2003-04-09,817.0051187244839
2003-04-10,820.4353082824929
2003-04-11,825.0846245536636
2003-04-14,826.0870504668812
2003-04-15,831.2643317700604
2003-04-16,831.0609228034303
2003-04-17,831.7070442733362
2003-04-18,831.7070442733361
2003-04-21,830.3113625951339
2003-04-22,834.5741451130107
2003-04-23,842.0891095606227
2003-04-24,842.2481737863556
2003-04-25,840.8494409085656
2003-04-28,844.9780418514802
2003-04-29,848.53763262235
2003-04-30,850.3077430333287
2003-05-01,851.1389501654712
2003-05-02,852.884755468568
2003-05-05,853.7899857479938
2003-05-06,857.0020076485237
2003-05-07,861.0473141662079
2003-05-08,859.1225912093729
2003-05-09,860.0609634301321
2003-05-12,862.9471559203255
2003-05-13,866.0500607232065
2003-05-14,869.828926494935
2003-05-15,876.7318257405633
2003-05-16,882.6622623841719
2003-05-19,874.2006162943669
2003-05-20,876.1110129948436
2003-05-21,873.2268432575933
2003-05-22,873.7261201349911
2003-05-23,870.8341900001011
2003-05-26,868.6246776767496
2003-05-27,867.3658351825007
2003-05-28,874.5532236304326
2003-05-29,878.0742307797904
2003-05-30,880.6605362691053
2003-06-02,887.4699006168584
2003-06-03,884.290793083218
2003-06-04,891.7433595577354
2003-06-05,893.8170815075737
2003-06-06,906.1869172720276
2003-06-09,900.8573572823672
2003-06-10,899.713402916723
2003-06-11,904.6963987208142
2003-06-12,910.7980006856353
2003-06-13,908.6198601040974
2003-06-16,910.899956100131
2003-06-17,918.2571104861723
2003-06-18,920.6395292122589
2003-06-19,916.4161801884674
2003-06-20,918.9578956898931
2003-06-23,919.6775101683169
2003-06-24,915.5298437476976
2003-06-25,915.5134571874529
2003-06-26,914.8893344814744
2003-06-27,916.2973945956516
2003-06-30,917.0203237492499
2003-07-01,912.8030607419092
2003-07-02,921.5355501047029
2003-07-03,924.1117176119853
2003-07-04,924.8762511458671
2003-07-07,932.1019640194108
2003-07-08,933.0262362115924
2003-07-09,931.203018827161
2003-07-10,931.2279662777898
2003-07-11,932.9325975476742
2003-07-14,939.6341656589858
2003-07-15,940.1568445701438
2003-07-16,941.5353611406953
2003-07-17,940.9032251248022
2003-07-18,940.6619545651497
2003-07-21,939.0958713991466
2003-07-22,938.3289782989808
2003-07-23,940.4609768991934
2003-07-24,943.8018130403265
2003-07-25,943.1758596579605
2003-07-28,946.6672397194003
2003-07-29,947.0085510410622
2003-07-30,951.1470966165067
2003-07-31,954.9261476227284
2003-08-01,960.2366939567662
2003-08-04,960.4143266440865
2003-08-05,960.7412232740536
2003-08-06,956.336928696771
2003-08-07,956.0958725404338
2003-08-08,960.2524823353559
2003-08-11,958.6448343441529
2003-08-12,961.7628721535996
2003-08-13,965.2893744917661
2003-08-14,966.799558876335
2003-08-15,968.3909301156617
2003-08-18,973.4987586260665
2003-08-19,975.7509845311882
2003-08-20,976.3652741821506
2003-08-21,983.795524977535
2003-08-22,987.449089892071
2003-08-25,985.5075944115335
2003-08-26,983.6253990585058
2003-08-27,984.9914060569728
2003-08-28,987.8945088809917
2003-08-29,988.7386061600414
2003-09-01,990.5035046206257
2003-09-02,997.0231791675827
2003-09-03,1004.0449272123949
2003-09-04,1000.8324193622914
2003-09-05,998.7637554546634
2003-09-08,997.2771601907625
2003-09-09,992.0538680758891
2003-09-10,989.754534555481
2003-09-11,991.6629053933574
2003-09-12,990.2376133777386
2003-09-15,989.3001940384956
2003-09-16,990.1813895332124
2003-09-17,994.8523794938573
2003-09-18,995.0527647028658
2003-09-19,997.0622238037631
2003-09-22,989.8761124621217
2003-09-23,989.383357569574
2003-09-24,992.6155817723022
2003-09-25,988.6194163678396
2003-09-26,985.2004716076162
2003-09-29,986.6593421363865
2003-09-30,985.597457577085
2003-10-01,986.7066817661121
2003-10-02,991.494006060212
2003-10-03,998.9355878808956
2003-10-06,1004.9041300978703
2003-10-07,1001.6849994761916
2003-10-08,1003.2959743096641
2003-10-09,1008.6789157643923
2003-10-10,1008.683454128945
2003-10-13,1015.7511283199037
2003-10-14,1017.6576332123234
2003-10-15,1023.7440173346924
2003-10-16,1024.926912831374
2003-10-17,1025.7525613509788
2003-10-20,1026.5843184709854
2003-10-21,1027.7752248060276
2003-10-22,1021.0942939122433
2003-10-23,1016.3752433944707
2003-10-24,1019.7546375263516
2003-10-27,1021.6370518407331
2003-10-28,1026.3408019784322
2003-10-29,1028.755844336626
2003-10-30,1029.9638413998455
2003-10-31,1034.1451555554702
2003-11-03,1042.9491178234698
2003-11-04,1041.4812924444198
2003-11-05,1041.1557503787244
2003-11-06,1042.6197811606116
2003-11-07,1047.3546170972893
2003-11-10,1046.6826487019214
2003-11-11,1041.9695236991772
2003-11-12,1041.2264861035392
2003-11-13,1040.4030748312134
2003-11-14,1040.639097999816
2003-11-17,1034.1237442206755
2003-11-18,1034.710188726115
2003-11-19,1032.7287029828697
2003-11-20,1031.2654740216788
2003-11-21,1034.6077960445716
2003-11-24,1042.3908623554676
2003-11-25,1044.898794640662
2003-11-26,1046.2384557861706
2003-11-27,1050.1373507063006
2003-11-28,1052.4944556817202
2003-12-01,1059.5160510159537
2003-12-02,1061.2542872926238
2003-12-03,1060.0677604649698
2003-12-04,1059.062763643525
2003-12-05,1055.8363928785632
2003-12-08,1053.3783568064327
2003-12-09,1057.5524966071648
2003-12-10,1052.7166737529765
2003-12-11,1054.173178427029
2003-12-12,1054.5340502839988
2003-12-15,1056.3500323079033
2003-12-16,1054.577841803075
2003-12-17,1056.7153743302247
2003-12-18,1059.509522951554
2003-12-19,1057.7824533924186
2003-12-22,1057.468687488864
2003-12-23,1062.1495598895624
2003-12-24,1063.1365578184395
2003-12-25,1063.1365578184395
2003-12-26,1063.48121746784
2003-12-29,1065.6248264509643
2003-12-30,1069.822992387509
2003-12-31,1070.4247054962361
2004-01-01,1070.4247054962361
2004-01-02,1078.8374995043107
2004-01-05,1082.491750542582
2004-01-06,1084.664308547917
2004-01-07,1086.7780271057065
2004-01-08,1092.3111207213099
2004-01-09,1095.3939580820188
2004-01-12,1098.8628288280981
2004-01-13,1104.1637676594585
2004-01-14,1108.191511811052
2004-01-15,1110.8050043929363
2004-01-16,1118.5214376624374
2004-01-19,1128.379200392484
2004-01-20,1127.2175902249999
2004-01-21,1130.165597936005
2004-01-22,1131.5671291512856
2004-01-23,1132.2082775947401
2004-01-26,1130.8556068402797
2004-01-27,1132.7312809873547
2004-01-28,1134.0457853133141
2004-01-29,1134.2712740988475
2004-01-30,1136.8218930109094
2004-02-02,1140.0858620934396
2004-02-03,1141.3229810238674
2004-02-04,1140.4863963397563
2004-02-05,1142.4708757611302
2004-02-06,1143.1559248827803
2004-02-09,1151.555873196501
2004-02-10,1153.985449405861
2004-02-11,1159.7647320126714
2004-02-12,1164.09844255288
2004-02-13,1165.457986176785
2004-02-16,1169.509737575077
2004-02-17,1172.616716300243
2004-02-18,1176.0616029588048
2004-02-19,1179.3296216903973
2004-02-20,1180.5435072647858
2004-02-23,1181.6499753106023
2004-02-24,1177.7174421721409
2004-02-25,1180.8248160328212
2004-02-26,1181.9693960984773
2004-02-27,1184.8515821662115
2004-03-01,1192.9808373906624
2004-03-02,1197.3010003333955
2004-03-03,1197.3099648850234
2004-03-04,1199.8508848809302
2004-03-05,1200.8723272134978
2004-03-08,1207.7834843135452
2004-03-09,1208.9276368338224
2004-03-10,1203.1920390236342
2004-03-11,1187.4837838063547
2004-03-12,1191.3359396773153
2004-03-15,1181.6741391610203
2004-03-16,1180.5859980610874
2004-03-17,1189.51547010948
2004-03-18,1185.6593486081163
2004-03-19,1189.325231359927
2004-03-22,1178.6556701000327
2004-03-23,1180.8264465104978
2004-03-24,1182.994184492984
2004-03-25,1186.4561876568137
2004-03-26,1191.7583314067658
2004-03-29,1192.8184590820838
2004-03-30,1196.0276662086023
2004-03-31,1197.8677474040762
2004-04-01,1205.241249172127
2004-04-02,1209.9009785265819
2004-04-05,1213.3907209250624
2004-04-06,1215.629614236277
2004-04-07,1218.8795898359108
2004-04-08,1221.176326235817
2004-04-09,1221.176326235817
2004-04-12,1222.3478707441875
2004-04-13,1227.2089496789306
2004-04-14,1214.6623216604858
2004-04-15,1214.4686134194608
2004-04-16,1215.5629551152508
2004-04-19,1219.7059709756418
2004-04-20,1227.6495651471982
2004-04-21,1219.9286834740644
2004-04-22,1224.44451149114
2004-04-23,1229.3210246242857
2004-04-26,1235.770585730826
2004-04-27,1234.9314744831624
2004-04-28,1231.7905057417017
2004-04-29,1221.3477565967019
2004-04-30,1215.35201341103
2004-05-03,1220.165051523465
2004-05-04,1220.1843989968252
2004-05-05,1216.8019011560173
2004-05-06,1212.5390076816889
2004-05-07,1211.2854655508938
2004-05-10,1188.0595242745817
2004-05-11,1191.4196158569193
2004-05-12,1190.5388882992709
2004-05-13,1172.2899584562626
2004-05-14,1169.3457949279682
2004-05-17,1154.8348057851124
2004-05-18,1161.203995840863
2004-05-19,1171.9553897451106
2004-05-20,1168.6145000794124
2004-05-21,1168.6620906085009
2004-05-24,1176.3738755422119
2004-05-25,1175.5631825465393
2004-05-26,1185.363565793062
2004-05-27,1189.5226612007139
2004-05-28,1195.3564630815629
2004-05-31,1194.6866115613357
2004-06-01,1196.1698634248576
2004-06-02,1199.0310617604048
2004-06-03,1199.2178403586854
2004-06-04,1205.558165159651
2004-06-07,1206.755503155466
2004-06-08,1209.396243437512
2004-06-09,1214.1270828030351
2004-06-10,1215.525265512673
2004-06-11,1216.7455493045927
2004-06-14,1209.9677756489739
2004-06-15,1213.0908560110743
2004-06-16,1221.0695985944096
2004-06-17,1223.4646598025354
2004-06-18,1222.934588720172
2004-06-21,1225.3100277377266
2004-06-22,1224.883917813688
2004-06-23,1226.5510200211263
2004-06-24,1224.8662126442819
2004-06-25,1229.100536215745
2004-06-28,1234.5895283977459
2004-06-29,1233.2225838496374
2004-06-30,1235.0585911933608
2004-07-01,1235.7225893442765
2004-07-02,1233.3810836549685
2004-07-05,1232.038264516825
2004-07-06,1231.6627463449759
2004-07-07,1234.1722741201654
2004-07-08,1234.7428605123348
2004-07-09,1236.9466237064742
2004-07-12,1236.2903487718809
2004-07-13,1238.0382619035902
2004-07-14,1234.3978185659616
2004-07-15,1232.8638688132787
2004-07-16,1235.4458811332936
2004-07-19,1234.985769511666
2004-07-20,1232.0706722267034
2004-07-21,1234.101288854098
2004-07-22,1230.5442038209792
2004-07-23,1232.5729591796523
2004-07-26,1230.0153867495299
2004-07-27,1229.6371940683862
2004-07-28,1233.2220965316594
2004-07-29,1233.274404705194
2004-07-30,1235.7222117591473
2004-08-02,1238.9180885578978
2004-08-03,1243.4018613520036
2004-08-04,1240.0091617576115
2004-08-05,1239.8996986043455
2004-08-06,1230.4795252648953
2004-08-09,1220.3027452804806
2004-08-10,1222.4682533261328
2004-08-11,1223.4283465184667
2004-08-12,1223.841722444395
2004-08-13,1223.5229533171828
2004-08-16,1224.2009856786822
2004-08-17,1224.1041594006279
2004-08-18,1224.0449340153605
2004-08-19,1227.2420110443045
2004-08-20,1228.1784538012125
2004-08-23,1235.286170392014
2004-08-24,1235.6095746031158
2004-08-25,1237.4186488558357
2004-08-26,1239.9366933977747
2004-08-27,1245.7332331243695
2004-08-30,1246.6398694374016
2004-08-31,1243.6637966896571
2004-09-01,1245.8705057746586
2004-09-02,1249.2946226695801
2004-09-03,1252.1189700543569
2004-09-06,1253.9363930998286
2004-09-07,1253.4101410732767
2004-09-08,1254.6340379820551
2004-09-09,1253.4516682756384
2004-09-10,1257.4714556757622
2004-09-13,1260.9415664551664
2004-09-14,1259.6670476679944
2004-09-15,1261.9798781584327
2004-09-16,1264.4843299017202
2004-09-17,1267.6317285222783
2004-09-20,1266.3977353671062
2004-09-21,1268.2111768508078
2004-09-22,1267.0306528149497
2004-09-23,1262.5693937218698
2004-09-24,1265.2393117708457
2004-09-27,1262.7264693523382
2004-09-28,1266.3797834205502
2004-09-29,1270.1971450231047
2004-09-30,1267.3991817056597
2004-10-01,1272.6383305316594
2004-10-04,1279.8150021210279
2004-10-05,1277.6147351427558
2004-10-06,1274.4582750967697
2004-10-07,1280.7214561244068
2004-10-08,1279.6792757088672
2004-10-11,1280.3803470719154
2004-10-12,1275.318581178554
2004-10-13,1276.943335686283
2004-10-14,1274.3798632159653
2004-10-15,1276.6144847557466
2004-10-18,1274.2662610319842
2004-10-19,1281.3487479505482
2004-10-20,1275.6277472465426
2004-10-21,1281.6395087507422
2004-10-22,1281.059195660748
2004-10-25,1275.5117893451413
2004-10-26,1276.3861138253574
2004-10-27,1281.7348219267235
2004-10-28,1283.123184564678
2004-10-29,1284.970116205817
2004-11-01,1288.7418048151899
2004-11-02,1294.3135364970558
2004-11-03,1298.2778573918638
2004-11-04,1298.545804282382
2004-11-05,1304.448205072535
2004-11-08,1304.3405434415595
2004-11-09,1305.2331965088008
2004-11-10,1303.2907442806788
2004-11-11,1308.1759918855998
2004-11-12,1310.9813716593128
2004-11-15,1313.263953470666
2004-11-16,1311.5205184999338
2004-11-17,1317.983332977155
2004-11-18,1320.3048116387772
2004-11-19,1320.4231605728796
2004-11-22,1319.9227705058115
2004-11-23,1331.2099848973908
2004-11-24,1335.7447456201292
2004-11-25,1337.91200947521
2004-11-26,1339.9263194656169
2004-11-29,1340.268347184898
2004-11-30,1344.7503573635333
2004-12-01,1350.3435281460431
2004-12-02,1357.054154737644
2004-12-03,1362.7752473440626
2004-12-06,1361.1623043501424
2004-12-07,1366.7569508355111
2004-12-08,1368.2428125048475
2004-12-09,1363.412430737944
2004-12-10,1364.8479839354216
2004-12-13,1368.8367002677803
2004-12-14,1371.4306147923164
2004-12-15,1378.3906516161494
2004-12-16,1381.3953898632296
2004-12-17,1384.0528245712742
2004-12-20,1385.6058113307683
2004-12-21,1383.9180753519406
2004-12-22,1384.7186635016012
2004-12-23,1385.0464762700421
2004-12-24,1385.367404702505
2004-12-27,1384.0941431057724
2004-12-28,1384.3381564585861
2004-12-29,1386.111931417788
2004-12-30,1389.2203934028305
2004-12-31,1390.3652960092538
2005-01-03,1396.7060228692017
2005-01-04,1404.2100160983146
2005-01-05,1400.9212713701284
2005-01-06,1398.9389485152778
2005-01-07,1416.895223009262
2005-01-10,1417.0753761101225
2005-01-11,1414.6182054657597
2005-01-12,1416.0379283860727
2005-01-13,1421.7323080272067
2005-01-14,1426.1026542636187
2005-01-17,1431.118822879524
2005-01-18,1436.4732297258379
2005-01-19,1444.1384781417473
2005-01-20,1444.2626169905843
2005-01-21,1448.3249443101138
2005-01-24,1447.6940409394822
2005-01-25,1454.0135727198995
2005-01-26,1455.8977522950383
2005-01-27,1459.299051115189
2005-01-28,1462.4069604252645
2005-01-31,1467.9271971847304
2005-02-01,1475.127039629937
2005-02-02,1487.823006231328
2005-02-03,1494.5388849663361
2005-02-04,1501.7245830323322
2005-02-07,1506.6517732049904
2005-02-08,1509.8659846285273
2005-02-09,1510.6751808908875
2005-02-10,1508.8512015818815
2005-02-11,1513.3494167922504
2005-02-14,1516.6336686106342
2005-02-15,1517.6395030159688
2005-02-16,1514.3361319639155
2005-02-17,1515.354974639326
2005-02-18,1513.869668761188
2005-02-21,1506.6230449700354
2005-02-22,1493.8106095079056
2005-02-23,1485.8092875991467
2005-02-24,1491.1543195139675
2005-02-25,1500.3703998765602
2005-02-28,1503.5143982967681
2005-03-01,1506.4456368692656
2005-03-02,1505.226266060866
2005-03-03,1503.6935524666148
2005-03-04,1508.7601824497087
2005-03-07,1510.2051133069376
2005-03-08,1506.7417961442848
2005-03-09,1505.5701129265358
2005-03-10,1499.0725889545972
2005-03-11,1501.3429865007809
2005-03-14,1495.7186091276874
2005-03-15,1502.3942987184641
2005-03-16,1497.9252335501492
2005-03-17,1497.0877723529443
2005-03-18,1501.2831280451207
2005-03-21,1498.749193251283
2005-03-22,1500.049017083381
2005-03-23,1489.309645664652
2005-03-24,1497.5592816338774
2005-03-25,1497.5592816338774
2005-03-28,1499.6625532301648
2005-03-29,1497.647790374482
2005-03-30,1495.5909212691843
2005-03-31,1505.958606575566
2005-04-01,1508.3044774933219
2005-04-04,1507.2683036406847
2005-04-05,1517.0726991285997
2005-04-06,1524.9964907329854
2005-04-07,1526.9603524527224
2005-04-08,1534.293931279388
2005-04-11,1535.7213978393943
2005-04-12,1537.2945805626207
2005-04-13,1541.5959260933264
2005-04-14,1531.2361817877043
2005-04-15,1519.1018855872899
2005-04-18,1496.4145424697047
2005-04-19,1507.106354146471
2005-04-20,1508.500308019389
2005-04-21,1505.6317421337674
2005-04-22,1508.9748058127134
2005-04-25,1512.9603539429454
2005-04-26,1507.141741883041
2005-04-27,1494.8984864861006
2005-04-28,1492.9081596140009
2005-04-29,1497.10227649064
2005-05-02,1494.6201539812557
2005-05-03,1493.7807540864471
2005-05-04,1489.5006416458223
2005-05-05,1496.3449500198303
2005-05-06,1504.1417980841336
2005-05-09,1506.1796879682659
2005-05-10,1502.8983953376392
2005-05-11,1507.7468706550555
2005-05-12,1516.3920265718605
2005-05-13,1514.0872316685582
2005-05-16,1509.7443083124097
2005-05-17,1509.9338855235171
2005-05-18,1512.6780740410438
2005-05-19,1518.9596482233596
2005-05-20,1522.0788101769024
2005-05-23,1531.2524310437645
2005-05-24,1533.2073093157421
2005-05-25,1538.0663987812095
2005-05-26,1546.9560084163297
2005-05-27,1546.4122507524348
2005-05-30,1550.8152597794933
2005-05-31,1555.9800092913229
2005-06-01,1565.7431605297909
2005-06-02,1569.9722729517998
2005-06-03,1574.700433047441
2005-06-06,1575.6038355285157
2005-06-07,1583.8891473395975
2005-06-08,1587.0194091697651
2005-06-09,1592.0737775029331
2005-06-10,1596.3314481701307
2005-06-13,1607.9276825404222
2005-06-14,1611.2160523872005
2005-06-15,1611.9918568136811
2005-06-16,1620.6777379518765
2005-06-17,1624.8841212231255
2005-06-20,1622.7548334781732
2005-06-21,1624.7379193683978
2005-06-22,1626.2725980047355
2005-06-23,1632.8836648471004
2005-06-24,1630.1718813599405
2005-06-27,1619.550932994859
2005-06-28,1630.5931900739372
2005-06-29,1632.4728107553187
2005-06-30,1631.8563312616716
2005-07-01,1640.2708338295731
2005-07-04,1643.1696899299327
2005-07-05,1646.2555972124874
2005-07-06,1652.484338840582
2005-07-07,1635.3712654460141
2005-07-08,1649.8840335531509
2005-07-11,1662.150694167907
2005-07-12,1662.562046190422
2005-07-13,1664.8699081211225
2005-07-14,1661.8381892782747
2005-07-15,1661.2338189864429
2005-07-18,1658.340742717123
2005-07-19,1658.5846915990953
2005-07-20,1658.3981293406412
2005-07-21,1659.6008133529454
2005-07-22,1663.286529200194
2005-07-25,1668.132462879325
2005-07-26,1671.3615538622885
2005-07-27,1689.185252806909
2005-07-28,1695.0211414381083
2005-07-29,1700.0972467977808
2005-08-01,1704.5557332398405
2005-08-02,1708.958694839865
2005-08-03,1712.0825854220864
2005-08-04,1712.1175701473342
2005-08-05,1710.1552724978972
2005-08-08,1716.1901021254785
2005-08-09,1718.625244517591
2005-08-10,1722.410378574847
2005-08-11,1717.3838059631858
2005-08-12,1717.8477318780897
2005-08-15,1718.5131203786884
2005-08-16,1722.3017029506136
2005-08-17,1718.3523964046078
2005-08-18,1717.039309377151
2005-08-19,1722.4905221176032
2005-08-22,1725.3151795770016
2005-08-23,1723.767089930128
2005-08-24,1719.4009994092564
2005-08-25,1713.8793728425148
2005-08-26,1715.4833662307442
2005-08-29,1712.2731381742838
2005-08-30,1716.0797476566042
2005-08-31,1724.2065029356422
2005-09-01,1734.09017723037
2005-09-02,1730.520903500832
2005-09-05,1731.6209178772503
2005-09-06,1735.937006972557
2005-09-07,1740.624184697725
2005-09-08,1740.2645264521238
2005-09-09,1743.9182082651107
2005-09-12,1747.6425492237438
2005-09-13,1742.3127606452172
2005-09-14,1747.8461189677473
2005-09-15,1747.1612928568825
2005-09-16,1748.5372423469812
2005-09-19,1755.21947728523
2005-09-20,1759.173007748169
2005-09-21,1756.3448222580744
2005-09-22,1750.8969298294949
2005-09-23,1752.8169491591336
2005-09-26,1757.393793260379
2005-09-27,1758.86200205542
2005-09-28,1760.8943732898827
2005-09-29,1753.9178782773267
2005-09-30,1765.2697698260174
2005-10-03,1769.936779022746
2005-10-04,1769.9327693582982
2005-10-05,1758.4775341615393
2005-10-06,1738.4418294358213
2005-10-07,1733.659556046585
2005-10-10,1738.018366202232
2005-10-11,1740.2547850378153
2005-10-12,1734.4391440163597
2005-10-13,1711.7484768875934
2005-10-14,1705.3484039409539
2005-10-17,1702.0399398304246
2005-10-18,1701.1039910517202
2005-10-19,1672.8401602206231
2005-10-20,1682.5029625440116
2005-10-21,1667.704352016378
2005-10-24,1689.3260873393208
2005-10-25,1691.4327515402772
2005-10-26,1691.5874753656244
2005-10-27,1674.2316472331001
2005-10-28,1670.4111530625469
2005-10-31,1695.103408061759
2005-11-01,1697.3362997103259
2005-11-02,1701.0020641226636
2005-11-03,1715.989815350513
2005-11-04,1715.5881275921224
2005-11-07,1718.4548251275774
2005-11-08,1721.3243740339992
2005-11-09,1722.1209862357525
2005-11-10,1724.0377595447874
2005-11-11,1731.3369886889548
2005-11-14,1730.7196972441868
2005-11-15,1728.5591829131258
2005-11-16,1716.7031099872418
2005-11-17,1717.7086312883305
2005-11-18,1719.222081700846
2005-11-21,1718.4177469323527
2005-11-22,1720.296542905187
2005-11-23,1726.8096329496327
2005-11-24,1727.2674953032717
2005-11-25,1733.4531244175207
2005-11-28,1731.6732136568764
2005-11-29,1733.2872030300714
2005-11-30,1735.0763066250577
2005-12-01,1742.8331714946132
2005-12-02,1753.1309577842067
2005-12-05,1751.5006351783732
2005-12-06,1753.8979575691835
2005-12-07,1760.6089071261897
2005-12-08,1755.2695744751572
2005-12-09,1759.7309317422653
2005-12-12,1759.1648713788593
2005-12-13,1761.3881857813508
2005-12-14,1760.2984501953388
2005-12-15,1765.2008452654882
2005-12-16,1771.7584202060693
2005-12-19,1769.323982643915
2005-12-20,1775.867785058168
2005-12-21,1778.6182733558749
2005-12-22,1781.9555907961812
2005-12-23,1788.7322439066265
2005-12-26,1788.7322439066265
2005-12-27,1790.177389368344
2005-12-28,1787.9438963814932
2005-12-29,1799.6932475778806
2005-12-30,1799.1026123234283
2006-01-02,1805.7335547659989
2006-01-03,1822.914505386363
2006-01-04,1840.3636067148036
2006-01-05,1841.3500553618119
2006-01-06,1847.1134689117146
2006-01-09,1850.7284071707181
2006-01-10,1840.6753453330057
2006-01-11,1849.9185671765235
2006-01-12,1855.4267092899543
2006-01-13,1853.9113763320033
2006-01-16,1855.0829901412842
2006-01-17,1848.1035395385811
2006-01-18,1837.1289924210485
2006-01-19,1848.2021161591679
2006-01-20,1852.4841838991858
2006-01-23,1842.5590149829213
2006-01-24,1845.8273240474743
2006-01-25,1857.6541469832246
2006-01-26,1862.5116897720084
2006-01-27,1879.3207312613533
2006-01-30,1887.3410179859068
2006-01-31,1879.8573819940757
2006-02-01,1893.548177841652
2006-02-02,1892.5497438117632
2006-02-03,1890.805142250687
2006-02-06,1896.5955686262942
2006-02-07,1892.236339188881
2006-02-08,1892.3380788206866
2006-02-09,1903.4032840388252
2006-02-10,1902.9325894301348
2006-02-13,1909.0684910249506
2006-02-14,1912.5538968124492
2006-02-15,1916.1891004066335
2006-02-16,1918.146108910897
2006-02-17,1929.470714220376
2006-02-20,1941.0161206876712
2006-02-21,1947.432993880383
2006-02-22,1953.7762304737314
2006-02-23,1962.6428024786667
2006-02-24,1967.835226219274
2006-02-27,1972.2087937324338
2006-02-28,1960.7121946685504
2006-03-01,1966.3225095815824
2006-03-02,1956.2386435591602
2006-03-03,1957.0956993024006
2006-03-06,1965.1944577124984
2006-03-07,1952.7155431185479
2006-03-08,1941.495903491271
2006-03-09,1950.085882719514
2006-03-10,1953.5338819029773
2006-03-13,1963.1560619566646
2006-03-14,1967.8150264790033
2006-03-15,1975.6982795100819
2006-03-16,1981.0286067801073
2006-03-17,1986.2562906202643
2006-03-20,1991.464337292944
2006-03-21,1992.104680746709
2006-03-22,2006.8366993514855
2006-03-23,2007.984371816607
2006-03-24,2016.8150703547774
2006-03-27,2018.893674004585
2006-03-28,2015.735062899798
2006-03-29,2012.7041156963214
2006-03-30,2014.025900971388
2006-03-31,2012.8121204113675
2006-04-03,2019.3988164053617
2006-04-04,2020.8908094063027
2006-04-05,2023.4573934221005
2006-04-06,2032.4846056441029
2006-04-07,2038.867058768715
2006-04-10,2033.427548769779
2006-04-11,2019.9300490512471
2006-04-12,2015.54716248043
2006-04-13,2020.9556687990253
2006-04-14,2020.9556687990253
2006-04-17,2019.8061932444894
2006-04-18,2021.3048715926714
2006-04-19,2034.5785062068
2006-04-20,2037.4018050365185
2006-04-21,2048.4273115183373
2006-04-24,2050.5290288124847
2006-04-25,2055.18017628533
2006-04-26,2058.5923736286854
2006-04-27,2049.7203605668496
2006-04-28,2052.9772653374193
2006-05-01,2057.6369367540424
2006-05-02,2069.7510513668867
2006-05-03,2069.8881059135406
2006-05-04,2077.7256495005677
2006-05-05,2097.496415138046
2006-05-08,2105.573078505882
2006-05-09,2108.2963672596684
2006-05-10,2109.8902290480073
2006-05-11,2117.816022050614
2006-05-12,2090.167407005627
2006-05-15,2047.389611651857
2006-05-16,2036.749827464076
2006-05-17,2006.3129381919325
2006-05-18,1971.4554817006667
2006-05-19,1972.5715238381724
2006-05-22,1895.7624189465985
2006-05-23,1933.0585040999035
2006-05-24,1908.93688104085
2006-05-25,1928.024772455163
2006-05-26,1966.9841440310233
2006-05-29,1977.492368908562
2006-05-30,1944.718193013653
2006-05-31,1948.0303632794123
2006-06-01,1948.9613882137228
2006-06-02,1968.1543117184854
2006-06-05,1961.4987836471278
2006-06-06,1929.105381091507
2006-06-07,1927.1237782500775
2006-06-08,1891.9462872617642
2006-06-09,1911.204958119897
2006-06-12,1903.5511196082884
2006-06-13,1862.2750797822014
2006-06-14,1870.0694005776381
2006-06-15,1915.815739442039
2006-06-16,1909.5394441104395
2006-06-19,1920.4049065291608
2006-06-20,1917.9285674588969
2006-06-21,1911.583523526512
2006-06-22,1925.6868867447747
2006-06-23,1928.1382460092352
2006-06-26,1923.7965422949255
2006-06-27,1925.1752220315946
2006-06-28,1925.6830755035764
2006-06-29,1939.5374356693933
2006-06-30,1960.6074296220665
2006-07-03,1965.5918415410931
2006-07-04,1971.9674415970696
2006-07-05,1964.088554841162
2006-07-06,1972.3647223175226
2006-07-07,1970.4047090376228
2006-07-10,1973.3147048967858
2006-07-11,1967.9403853988185
2006-07-12,1969.2851782873952
2006-07-13,1953.1454394278398
2006-07-14,1943.7178293850689
2006-07-17,1930.3658860685516
2006-07-18,1931.4731838855964
2006-07-19,1956.7769802662408
2006-07-20,1959.5847355734086
2006-07-21,1952.6514385643954
2006-07-24,1965.306424478912
2006-07-25,1963.8146124576424
2006-07-26,1968.5396704221769
2006-07-27,1981.2610810039455
2006-07-28,1979.6082503870584
2006-07-31,1984.2107344417432
2006-08-01,1982.2545441311731
2006-08-02,1992.9822150817702
2006-08-03,1986.955297194373
2006-08-04,1996.1971157201333
2006-08-07,1998.8479449932329
2006-08-08,2004.6168555899058
2006-08-09,2003.09148188262
2006-08-10,1995.6424336396078
2006-08-11,1998.6376406429126
2006-08-14,2004.2901528310922
2006-08-15,2008.4471738108055
2006-08-16,2013.2572396868513
2006-08-17,2012.8708280862097
2006-08-18,2015.2428285355309
2006-08-21,2016.6415176571902
2006-08-22,2020.215692897708
2006-08-23,2023.8854456264642
2006-08-24,2022.8600488616958
2006-08-25,2029.7311834332806
2006-08-28,2033.1748260134736
2006-08-29,2036.0162826627545
2006-08-30,2042.6610773095586
2006-08-31,2044.7621261908628
2006-09-01,2054.1500283539144
2006-09-04,2058.6856433195057
2006-09-05,2055.8098029323382
2006-09-06,2047.5399585868736
2006-09-07,2033.6797791770114
2006-09-08,2037.4924766570678
2006-09-11,2026.7090008495447
2006-09-12,2042.192982499901
2006-09-13,2049.960944435655
2006-09-14,2056.1675199359756
2006-09-15,2066.246061341626
2006-09-18,2064.9663211042393
2006-09-19,2067.8284183561564
2006-09-20,2077.69005581113
2006-09-21,2081.1073234766704
2006-09-22,2075.6563669296293
2006-09-25,2081.973903282791
2006-09-26,2093.3515414318645
2006-09-27,2103.951808774561
2006-09-28,2108.555993530799
2006-09-29,2113.725623469048
2006-10-02,2117.664759922106
2006-10-03,2114.171603875986
2006-10-04,2121.7780886133537
2006-10-05,2134.437454860712
2006-10-06,2136.974870072349
2006-10-09,2135.9233428268158
2006-10-10,2145.419322231255
2006-10-11,2144.6729783849905
2006-10-12,2159.0256297547803
2006-10-13,2166.7666939596197
2006-10-16,2170.8935467866413
2006-10-17,2162.2291647970287
2006-10-18,2172.529990201258
2006-10-19,2172.9099207550103
2006-10-20,2181.409804863009
2006-10-23,2186.33989964233
2006-10-24,2193.216381628695
2006-10-25,2197.8823648766815
2006-10-26,2199.953921610053
2006-10-27,2196.340812595128
2006-10-30,2193.3170423731917
2006-10-31,2204.8392342394086
2006-11-01,2212.0644121147857
2006-11-02,2216.030953094946
2006-11-03,2222.192488324273
2006-11-06,2231.872608056691
2006-11-07,2239.7288526444686
2006-11-08,2241.982419137478
2006-11-09,2245.4197676899003
2006-11-10,2247.0861211378738
2006-11-13,2248.212190394717
2006-11-14,2254.4471927874156
2006-11-15,2262.539578303711
2006-11-16,2266.0860826390694
2006-11-17,2258.833992125284
2006-11-20,2257.471333229249
2006-11-21,2267.6339854995304
2006-11-22,2270.6183997872454
2006-11-23,2266.0700001071227
2006-11-24,2253.7476781190403
2006-11-27,2234.9528108991203
2006-11-28,2227.096901180109
2006-11-29,2250.9364868171956
2006-11-30,2260.621801286894
2006-12-01,2260.520239341609
2006-12-04,2262.391220916559
2006-12-05,2272.4315053735054
2006-12-06,2278.1703121103824
2006-12-07,2287.6342018896576
2006-12-08,2296.534018809127
2006-12-11,2303.073835777227
2006-12-12,2306.250599486369
2006-12-13,2317.58377861792
2006-12-14,2328.590704265877
2006-12-15,2336.156763657977
2006-12-18,2339.744916347854
2006-12-19,2333.7062254150514
2006-12-20,2339.702851729312
2006-12-21,2347.6214639610835
2006-12-22,2348.735654596454
2006-12-25,2348.735654596454
2006-12-26,2348.6130128864147
2006-12-27,2358.4254939925495
2006-12-28,2364.563759964631
2006-12-29,2364.604422252742
2007-01-01,2364.6044222527416
2007-01-02,2381.2841283839794
2007-01-03,2382.8605879618835
2007-01-04,2382.4113912536995
2007-01-05,2379.953060115622
2007-01-08,2379.9016702740582
2007-01-09,2383.3567257235845
2007-01-10,2379.631858438546
2007-01-11,2392.302243011418
2007-01-12,2402.8895194034244
2007-01-15,2419.3896734876403
2007-01-16,2411.6609297401733
2007-01-17,2416.899388378311
2007-01-18,2422.018102657532
2007-01-19,2427.6627300430036
2007-01-22,2437.01354674144
2007-01-23,2433.7685594553373
2007-01-24,2447.0346069463944
2007-01-25,2449.856192862287
2007-01-26,2445.326317241241
2007-01-29,2448.679843592242
2007-01-30,2444.508534013931
2007-01-31,2445.6024404758527
2007-02-01,2462.497397001523
2007-02-02,2479.432574277302
2007-02-05,2492.917641448067
2007-02-06,2504.2294856719805
2007-02-07,2504.2329645660798
2007-02-08,2491.4945427753114
2007-02-09,2500.181041900989
2007-02-12,2497.4204891541594
2007-02-13,2498.3962884046327
2007-02-14,2512.4836264529345
2007-02-15,2516.9708417090983
2007-02-16,2510.42239676877
2007-02-19,2520.6515907012426
2007-02-20,2519.4155908902194
2007-02-21,2518.525339635252
2007-02-22,2524.143527062338
2007-02-23,2523.4813891971253
2007-02-26,2526.3393378145865
2007-02-27,2454.8389816096274
2007-02-28,2431.50776322384
2007-03-01,2418.034248588296
2007-03-02,2422.5934939722506
2007-03-05,2380.847801047531
2007-03-06,2409.023575400606
2007-03-07,2428.983764121137
2007-03-08,2466.597102933834
2007-03-09,2463.857646600694
2007-03-12,2467.8113024642835
2007-03-13,2449.6498492360256
2007-03-14,2406.3579089154523
2007-03-15,2436.652573526025
2007-03-16,2446.5110161219086
2007-03-19,2474.2611074444303
2007-03-20,2484.7701220400863
2007-03-21,2501.4344362198804
2007-03-22,2512.9421230921475
2007-03-23,2514.3961366917374
2007-03-26,2510.217878830297
2007-03-27,2509.236609291089
2007-03-28,2503.777236205255
2007-03-29,2517.5909099078162
2007-03-30,2526.475634713367
2007-04-02,2535.738991130347
2007-04-03,2550.3074983409747
2007-04-04,2561.2218614072535
2007-04-05,2564.69177070982
2007-04-06,2564.69177070982
2007-04-09,2563.363733909078
2007-04-10,2581.3103827913965
2007-04-11,2585.954342566764
2007-04-12,2567.6344283888866
2007-04-13,2578.0728728680147
2007-04-16,2588.667247621552
2007-04-17,2592.332896596942
2007-04-18,2589.6376846864414
2007-04-19,2577.8693736200153
2007-04-20,2593.8629799981923
2007-04-23,2596.909810372717
2007-04-24,2578.4592018510693
2007-04-25,2583.4153182291057
2007-04-26,2584.5978449889426
2007-04-27,2587.1323403416563
2007-04-30,2589.2333863685185
2007-05-01,2589.9953948917405
2007-05-02,2596.0082736716067
2007-05-03,2598.74659761797
2007-05-04,2613.422615978509
2007-05-07,2612.067322477928
2007-05-08,2602.198105893538
2007-05-09,2601.3034962100423
2007-05-10,2599.5590364562913
2007-05-11,2594.9173979766515
2007-05-14,2595.2711703021982
2007-05-15,2597.293988137015
2007-05-16,2597.5180102596737
2007-05-17,2600.850554101049
2007-05-18,2608.7135855442298
2007-05-21,2615.83613333009
2007-05-22,2621.40228716139
2007-05-23,2634.161261002729
2007-05-24,2627.1015238560562
2007-05-25,2617.8331023823393
2007-05-28,2619.066221626918
2007-05-29,2613.4388337878718
2007-05-30,2609.296828926159
2007-05-31,2628.625612579474
2007-06-01,2641.497794191352
2007-06-04,2642.53203151378
2007-06-05,2630.033500165749
2007-06-06,2601.9395466648366
2007-06-07,2566.680542539932
2007-06-08,2560.030217645246
2007-06-11,2576.758078612165
2007-06-12,2573.224631879266
2007-06-13,2567.278494692944
2007-06-14,2585.940415052776
2007-06-15,2601.4651007247858
2007-06-18,2601.9928348488147
2007-06-19,2597.573948928481
2007-06-20,2597.4923182725347
2007-06-21,2574.6685751634227
2007-06-22,2571.44707455979
2007-06-25,2562.172999271919
2007-06-26,2559.7709229855627
2007-06-27,2550.1532952941957
2007-06-28,2570.8129195465
2007-06-29,2577.6007942831097
2007-07-02,2576.509029648662
2007-07-03,2593.272826686132
2007-07-04,2598.3693520966813
2007-07-05,2587.5817429514673
2007-07-06,2586.375256902318
2007-07-09,2599.341020708697
2007-07-10,2589.0308738267327
2007-07-11,2581.3196630057723
2007-07-12,2591.6825994261435
2007-07-13,2606.915103293012
2007-07-16,2602.727161893715
2007-07-17,2602.153699171218
2007-07-18,2591.2129989328846
2007-07-19,2607.1919154353814
2007-07-20,2606.104806344731
2007-07-23,2603.6467194542524
2007-07-24,2581.277327734295
2007-07-25,2562.200918987325
2007-07-26,2520.6847813179734
2007-07-27,2496.046148537958
2007-07-30,2496.2732640221493
2007-07-31,2533.5460578338284
2007-08-01,2504.510641324144
2007-08-02,2508.4112292573504
2007-08-03,2496.6818145347847
2007-08-06,2464.4715509408543
2007-08-07,2479.704710762436
2007-08-08,2492.3129388865855
2007-08-09,2461.932868981752
2007-08-10,2415.4505606185453
2007-08-13,2441.9840893808823
2007-08-14,2430.5360525122906
2007-08-15,2419.358273222118
2007-08-16,2352.2902757016504
2007-08-17,2363.684582352693
2007-08-20,2374.343033004635
2007-08-21,2372.6530185750103
2007-08-22,2410.7694096090377
2007-08-23,2421.706339650956
2007-08-24,2428.9858851383883
2007-08-27,2436.4508354380046
2007-08-28,2408.7612960206716
2007-08-29,2419.2146300810705
2007-08-30,2440.4421044331875
2007-08-31,2470.839960654833
2007-09-03,2475.2433180579073
2007-09-04,2492.2343816959315
2007-09-05,2471.294238934253
2007-09-06,2471.5159274284415
2007-09-07,2445.502024838058
2007-09-10,2420.8363446892176
2007-09-11,2448.8819417701543
2007-09-12,2445.9693461502793
2007-09-13,2437.928005301642
2007-09-14,2409.730975622447
2007-09-17,2374.8283256739655
2007-09-18,2383.858864842734
2007-09-19,2416.647454294782
2007-09-20,2398.150995737749
2007-09-21,2407.540545676915
2007-09-24,2403.546366499377
2007-09-25,2373.5943626367616
2007-09-26,2373.226334435353
2007-09-27,2370.9425665128206
2007-09-28,2351.99243637664
2007-10-01,2357.8660525673654
2007-10-02,2380.5058150492896
2007-10-03,2393.729605113607
2007-10-04,2414.65656153756
2007-10-05,2424.5219072428686
2007-10-08,2439.6141560939236
2007-10-09,2446.525368520446
2007-10-10,2456.156003295387
2007-10-11,2459.2666697911804
2007-10-12,2455.9725462685565
2007-10-15,2453.28116365238
2007-10-16,2450.7015554320224
2007-10-17,2463.0050865903786
2007-10-18,2442.090940969474
2007-10-19,2437.9868899383855
2007-10-22,2410.5796360954832
2007-10-23,2434.6094885443313
2007-10-24,2426.991510470883
2007-10-25,2436.7706900500975
2007-10-26,2436.4289961378427
2007-10-29,2445.115028409134
2007-10-30,2435.037622476425
2007-10-31,2465.9024741440985
2007-11-01,2451.74943635893
2007-11-02,2453.597582841901
2007-11-05,2425.734501409254
2007-11-06,2432.502097299558
2007-11-07,2411.69650111122
2007-11-08,2394.6206187716903
2007-11-09,2369.311681397314
2007-11-12,2361.7716866597275
2007-11-13,2363.285481921584
2007-11-14,2367.5422711038104
2007-11-15,2337.33487980253
2007-11-16,2318.8720889613924
2007-11-19,2277.0376652558984
2007-11-20,2269.7738451747045
2007-11-21,2209.818851198234
2007-11-22,2212.5813140856276
2007-11-23,2241.1891894519654
2007-11-26,2238.868252928975
2007-11-27,2231.0093185259
2007-11-28,2255.6799846742906
2007-11-29,2257.2699374243834
2007-11-30,2280.3623527212467
2007-12-03,2275.988921706805
2007-12-04,2243.261242129367
2007-12-05,2259.7560006505405
2007-12-06,2262.141249506607
2007-12-07,2274.557869413104
2007-12-10,2277.8318851320923
2007-12-11,2277.07079813915
2007-12-12,2276.908438540243
2007-12-13,2246.0364965578415
2007-12-14,2252.2318733882303
2007-12-17,2217.880204090204
2007-12-18,2219.0998203680756
2007-12-19,2207.686625590405
2007-12-20,2213.685828199511
2007-12-21,2225.0193121349025
2007-12-24,2223.070862619298
2007-12-25,2223.070862619298
2007-12-26,2221.0075040951615
2007-12-27,2231.9760242676366
2007-12-28,2237.608156628373
2007-12-31,2244.2035726270424
2008-01-01,2244.2035726270424
2008-01-02,2234.1439334318707
2008-01-03,2221.2168538809465
2008-01-04,2186.9598146671715
2008-01-07,2161.3383248614996
2008-01-08,2161.643046118196
2008-01-09,2114.613462108174
2008-01-10,2081.078074441868
2008-01-11,2063.8092509451244
2008-01-14,2077.899360259327
2008-01-15,2039.1447107105796
2008-01-16,2007.8038395632632
2008-01-17,2012.4237030845427
2008-01-18,1994.6018010960101
2008-01-21,1911.0097475092946
2008-01-22,1924.9869707626328
2008-01-23,1903.8928861465208
2008-01-24,1961.0877484760242
2008-01-25,1982.3017689980122
2008-01-28,1962.250424426793
2008-01-29,2005.449763797763
2008-01-30,2006.0088952735262
2008-01-31,2011.6287725497075
2008-02-01,2045.7604341137276
2008-02-04,2064.871251790803
2008-02-05,2024.5470336909498
2008-02-06,2022.9685221855364
2008-02-07,2004.2987835305312
2008-02-08,2014.5302381348997
2008-02-11,2005.5436847034025
2008-02-12,2048.971601909428
2008-02-13,2057.3067014224075
2008-02-14,2068.9920402622065
2008-02-15,2047.5680051756776
2008-02-18,2059.98394625754
2008-02-19,2067.651231778632
2008-02-20,2058.4497024015004
2008-02-21,2062.7095313589098
2008-02-22,2054.88605246407
2008-02-25,2071.4274079507186
2008-02-26,2082.944746087853
2008-02-27,2083.765439741832
2008-02-28,2065.2353707992283
2008-02-29,2044.4771647123555
2008-03-03,2029.3756804498535
2008-03-04,2016.7018214047657
2008-03-05,2033.5275986421734
2008-03-06,2025.7969178824876
2008-03-07,2001.3527409138828
2008-03-10,1984.7570408339984
2008-03-11,1992.3747112462343
2008-03-12,2011.7635808711989
2008-03-13,1986.0496404699675
2008-03-14,1981.0368576677713
2008-03-17,1932.2670721249137
2008-03-18,1950.3451100446596
2008-03-19,1924.0060804521822
2008-03-20,1918.5135884514823
2008-03-21,1918.5135884514823
2008-03-24,1917.4785056787848
2008-03-25,1955.775784765105
2008-03-26,1950.1433331726696
2008-03-27,1975.417875721254
2008-03-28,1972.7319522626497
2008-03-31,1981.7234827706538
2008-04-01,2015.836240642177
2008-04-02,2022.7616921719552
2008-04-03,2014.0465867482553
2008-04-04,2016.0202830553192
2008-04-07,2020.961198257636
2008-04-08,2002.7480522610763
2008-04-09,2001.2232191423207
2008-04-10,1998.2599246922418
2008-04-11,1985.16218376973
2008-04-14,1971.2165006598113
2008-04-15,1979.5129474753353
2008-04-16,1996.350199953106
2008-04-17,1996.9814982452303
2008-04-18,2021.5952710025767
2008-04-21,2007.2915483682318
2008-04-22,2002.9199231914665
2008-04-23,2006.533490923252
2008-04-24,2001.6848027900994
2008-04-25,2026.6540089351097
2008-04-28,2038.7574800194075
2008-04-29,2029.7981995779742
2008-04-30,2046.105370344631
2008-05-01,2045.8163874216536
2008-05-02,2066.056769204275
2008-05-05,2064.2246332744385
2008-05-06,2063.883208869308
2008-05-07,2078.238556991604
2008-05-08,2091.2229771888733
2008-05-09,2079.5309973626336
2008-05-12,2090.779838536128
2008-05-13,2082.164900532853
2008-05-14,2077.367590608416
2008-05-15,2089.8909897802946
2008-05-16,2099.3943428509924
2008-05-19,2116.003138930895
2008-05-20,2093.2792723691073
2008-05-21,2083.692680135987
2008-05-22,2085.9438405955293
2008-05-23,2073.634284847144
2008-05-26,2064.113046114946
2008-05-27,2052.3560627305037
2008-05-28,2064.6047702701235
2008-05-29,2071.3465607536646
2008-05-30,2066.4167509422805
2008-06-02,2064.3499893953885
2008-06-03,2080.9254762508162
2008-06-04,2071.5980674917323
2008-06-05,2069.687551504299
2008-06-06,2051.1818512254135
2008-06-09,2037.2401982822278
2008-06-10,2020.5809943097706
2008-06-11,2003.9782958357086
2008-06-12,2001.9542863494055
2008-06-13,2010.338909662548
2008-06-16,2013.1324294769563
2008-06-17,2018.4871287245676
2008-06-18,1994.0952413986217
2008-06-19,1978.8200080428194
2008-06-20,1959.6775114955203
2008-06-23,1950.533814129369
2008-06-24,1924.8537145063833
2008-06-25,1941.6321803957483
2008-06-26,1915.6088998548873
2008-06-27,1905.965903494797
2008-06-30,1912.0317313907474
2008-07-01,1877.1508889841118
2008-07-02,1855.4266642004568
2008-07-03,1849.4320034162372
2008-07-04,1842.6630300018703
2008-07-07,1857.104551805634
2008-07-08,1835.662523010539
2008-07-09,1855.2277395009232
2008-07-10,1836.494098166569
2008-07-11,1799.5495437948507
2008-07-14,1796.9006426160627
2008-07-15,1771.7876322208317
2008-07-16,1775.579492965573
2008-07-17,1801.7438570481786
2008-07-18,1814.90546787935
2008-07-21,1837.5552026066982
2008-07-22,1833.022652538105
2008-07-23,1861.3357228639318
2008-07-24,1836.5742074317448
2008-07-25,1825.4130342791727
2008-07-28,1808.1674394995491
2008-07-29,1806.1633193338012
2008-07-30,1833.3168575555012
2008-07-31,1828.5241349637156
2008-08-01,1823.4080791207195
2008-08-04,1814.2780683586986
2008-08-05,1836.7258878009839
2008-08-06,1855.2968346053292
2008-08-07,1848.0654210545558
2008-08-08,1858.2708960831305
2008-08-11,1877.5532573898677
2008-08-12,1875.8445083491213
2008-08-13,1846.8350873435766
2008-08-14,1852.536703642168
2008-08-15,1870.8514433545615
2008-08-18,1864.3477946038236
2008-08-19,1832.9255538213865
2008-08-20,1830.977812051017
2008-08-21,1827.987208995094
2008-08-22,1848.2995637688348
2008-08-25,1844.6032327282685
2008-08-26,1847.5408889262133
2008-08-27,1845.8610483116247
2008-08-28,1853.7107801477841
2008-08-29,1867.3280205638432
2008-09-01,1861.1396074456304
2008-09-02,1871.5483825520225
2008-09-03,1855.612908404674
2008-09-04,1831.7062345213553
2008-09-05,1807.781877704924
2008-09-08,1834.0563481178203
2008-09-09,1819.5494300211005
2008-09-10,1803.7997954832454
2008-09-11,1795.6667288026736
2008-09-12,1808.573511632885
2008-09-15,1790.100405497898
2008-09-16,1760.236115043784
2008-09-17,1742.5575283757003
2008-09-18,1727.4377016807541
2008-09-19,1779.8000717379819
2008-09-22,1760.4129833761476
2008-09-23,1727.8406756343275
2008-09-24,1727.6275409640712
2008-09-25,1723.4061558801293
2008-09-26,1702.7853780084367
2008-09-29,1636.9337434118224
2008-09-30,1648.3998319002926
2008-10-01,1648.1144131065055
2008-10-02,1644.1370767321605
2008-10-03,1641.8696522080818
2008-10-06,1562.6656141743672
2008-10-07,1538.175938012343
2008-10-08,1470.8902139256907
2008-10-09,1460.2940845471842
2008-10-10,1400.3232485933245
2008-10-13,1472.0220160899512
2008-10-14,1517.710524143705
2008-10-15,1458.1669612742296
2008-10-16,1410.2171092117674
2008-10-17,1408.2351388554564
2008-10-20,1415.8572537901964
2008-10-21,1423.1079271759243
2008-10-22,1383.3618970800087
2008-10-23,1357.8491955407526
2008-10-24,1294.6933484664441
2008-10-27,1269.677348773514
2008-10-28,1274.8323321017267
2008-10-29,1314.8838036725526
2008-10-30,1341.8695857764878
2008-10-31,1368.1091707886087
2008-11-03,1389.0579004863398
2008-11-04,1430.7467551125112
2008-11-05,1417.3409489690991
2008-11-06,1382.7685833662626
2008-11-07,1383.1599059325788
2008-11-10,1394.2911838600692
2008-11-11,1364.1272485449297
2008-11-12,1333.593369980911
2008-11-13,1314.8133157303364
2008-11-14,1312.5892045676057
2008-11-17,1293.2858310014221
2008-11-18,1282.6483460979866
2008-11-19,1252.863618019252
2008-11-20,1211.704919548406
2008-11-21,1203.538673094899
2008-11-24,1237.4092817888568
2008-11-25,1230.1943898253787
2008-11-26,1235.9843834106023
2008-11-27,1259.2094757540092
2008-11-28,1261.274519463287
2008-12-01,1224.3051946119679
2008-12-02,1228.5710945304634
2008-12-03,1223.8779260745614
2008-12-04,1219.0469709563413
2008-12-05,1202.6853945942953
2008-12-08,1232.7281840060539
2008-12-09,1237.864866683249
2008-12-10,1239.9033360885112
2008-12-11,1232.8321102840866
2008-12-12,1214.2033529681569
2008-12-15,1221.5361692665626
2008-12-16,1215.600087209653
2008-12-17,1201.9452070224838
2008-12-18,1205.0605918614033
2008-12-19,1200.900050824627
2008-12-22,1196.7351946655524
2008-12-23,1204.102909115471
2008-12-24,1207.3126783861687
2008-12-25,1207.3126783861687
2008-12-26,1205.1196769555606
2008-12-29,1204.654380427875
2008-12-30,1218.1312369877292
2008-12-31,1224.718140165166
2009-01-01,1224.718140165166
2009-01-02,1250.1683835373512
2009-01-05,1279.0847896062662
2009-01-06,1301.3665273783868
2009-01-07,1295.6266949962358
2009-01-08,1290.7268478824515
2009-01-09,1297.9677475474048
2009-01-12,1284.164180881133
2009-01-13,1266.5141109032081
2009-01-14,1241.713281882336
2009-01-15,1242.6303458380228
2009-01-16,1254.3055806343914
2009-01-19,1239.994910656212
2009-01-20,1221.3223538961427
2009-01-21,1208.8336870855926
2009-01-22,1204.431336795492
2009-01-23,1196.9148608884818
2009-01-26,1205.0524600354718
2009-01-27,1211.1190715231573
2009-01-28,1236.4860024005914
2009-01-29,1231.3927895377246
2009-01-30,1248.6511498823145
2009-02-02,1216.8982297204811
2009-02-03,1225.7452886031888
2009-02-04,1247.4997103522437
2009-02-05,1251.476686023523
2009-02-06,1265.297551052185
2009-02-09,1277.511068870942
2009-02-10,1261.3149582282542
2009-02-11,1252.8675407662831
2009-02-12,1251.8249917621952
2009-02-13,1258.0643425614878
2009-02-16,1249.59978145657
2009-02-17,1230.3725792623025
2009-02-18,1226.646845058135
2009-02-19,1221.600593119777
2009-02-20,1204.2066240133713
2009-02-23,1197.918216844093
2009-02-24,1186.904858136467
2009-02-25,1193.4899205286313
2009-02-26,1199.4452339228988
2009-02-27,1196.3854191548617
2009-03-02,1160.5005272874648
2009-03-03,1145.2467151488072
2009-03-04,1166.3630410899646
2009-03-05,1149.187495482108
2009-03-06,1130.335152540743
2009-03-09,1107.7891099017581
2009-03-10,1129.369958735388
2009-03-11,1125.4311071180841
2009-03-12,1126.327551317851
2009-03-13,1134.5223715100174
2009-03-16,1148.0049965999303
2009-03-17,1142.6037862032715
2009-03-18,1136.1083429039465
2009-03-19,1141.039547328446
2009-03-20,1146.7525687809552
2009-03-23,1159.7874654875343
2009-03-24,1170.5575662141682
2009-03-25,1169.6195808968953
2009-03-26,1168.3988915145978
2009-03-27,1166.9719481525965
2009-03-30,1152.3370371526992
2009-03-31,1171.3275890258449
2009-04-01,1189.9974713531542
2009-04-02,1217.463876095137
2009-04-03,1222.1698463552677
2009-04-06,1219.050883082688
2009-04-07,1216.1770253223563
2009-04-08,1219.0971019439617
2009-04-09,1236.0008173772005
2009-04-10,1236.0008173772003
2009-04-13,1236.9479566000084
2009-04-14,1258.3476515434752
2009-04-15,1270.8943944241848
2009-04-16,1276.5348969625677
2009-04-17,1288.3556036574635
2009-04-20,1262.226697082154
2009-04-21,1260.2429587477293
2009-04-22,1271.7162061720549
2009-04-23,1283.5027804820875
2009-04-24,1296.8196077267544
2009-04-27,1297.2278022595212
2009-04-28,1289.0118215347584
2009-04-29,1307.1879372190322
2009-04-30,1319.2095934153754
2009-05-01,1323.9925265590202
2009-05-04,1337.4005980154598
2009-05-05,1351.7070529083303
2009-05-06,1362.9163793909556
2009-05-07,1361.8324758148087
2009-05-08,1366.230077747499
2009-05-11,1341.5876586969039
2009-05-12,1349.3912593299763
2009-05-13,1326.2241094350188
2009-05-14,1332.2889873270838
2009-05-15,1350.670790180652
2009-05-18,1363.2742418290732
2009-05-19,1377.9524469453363
2009-05-20,1388.708144276484
2009-05-21,1374.306092354716
2009-05-22,1371.560058310427
2009-05-25,1374.5676632267669
2009-05-26,1370.668399555328
2009-05-27,1381.1831642580587
2009-05-28,1374.7601355237357
2009-05-29,1362.5439105726273
2009-06-01,1388.6835812630961
2009-06-02,1395.2397019279126
2009-06-03,1386.986757734242
2009-06-04,1377.6353101351494
2009-06-05,1378.5750720137032
2009-06-08,1374.6591076907666
2009-06-09,1384.683967949185
2009-06-10,1398.7134275391304
2009-06-11,1404.8106858255785
2009-06-12,1400.9406114811272
2009-06-15,1391.6761237242606
2009-06-16,1389.2506965733473
2009-06-17,1367.3076131563112
2009-06-18,1366.314887985823
2009-06-19,1376.5543939347247
2009-06-22,1359.4368818276225
2009-06-23,1356.0969824329777
2009-06-24,1371.1859667724607
2009-06-25,1373.8249034155792
2009-06-26,1383.24469267084
2009-06-29,1393.789913641297
2009-06-30,1384.5784483340856
2009-07-01,1392.8691765862407
2009-07-02,1382.6371010185262
2009-07-03,1378.606224555109
2009-07-06,1370.5966472395442
2009-07-07,1364.786377777246
2009-07-08,1352.8917128096246
2009-07-09,1356.997162507526
2009-07-10,1352.117037830116
2009-07-13,1358.1784285413578
2009-07-14,1377.1841599171012
2009-07-15,1393.7402442867747
2009-07-16,1392.1103152926187
2009-07-17,1392.243087334625
2009-07-20,1403.0095221258016
2009-07-21,1410.255325903337
2009-07-22,1418.2539815143882
2009-07-23,1425.5708409849099
2009-07-24,1422.491366666958
2009-07-27,1424.973948666765
2009-07-28,1419.623406148784
2009-07-29,1424.806604324836
2009-07-30,1439.3469687999795
2009-07-31,1443.3668133482436
2009-08-03,1456.5830811380767
2009-08-04,1456.5512147716813
2009-08-05,1463.7585103533436
2009-08-06,1466.6674442851909
2009-08-07,1471.5828711226657
2009-08-10,1471.1152753125423
2009-08-11,1462.2088069692522
2009-08-12,1467.0453647767893
2009-08-13,1473.8434565298007
2009-08-14,1479.5713012041692
2009-08-17,1452.5216619448229
2009-08-18,1470.2597654908616
2009-08-19,1464.1576992613864
2009-08-20,1478.2744907163437
2009-08-21,1497.9460598611333
2009-08-24,1505.497275420009
2009-08-25,1505.8356780892912
2009-08-26,1499.945485376924
2009-08-27,1496.0597791326102
2009-08-28,1504.9833015707345
2009-08-31,1501.2255556888292
2009-09-01,1481.144541995944
2009-09-02,1476.7179933949012
2009-09-03,1483.933290314972
2009-09-04,1499.1264606224688
2009-09-07,1517.5456536001973
2009-09-08,1530.9990653579066
2009-09-09,1537.085206258212
2009-09-10,1543.9131476871064
2009-09-11,1552.3943630795031
2009-09-14,1547.651437535587
2009-09-15,1553.659498833197
2009-09-16,1568.9994720077414
2009-09-17,1569.7966525051386
2009-09-18,1564.2738566347066
2009-09-21,1555.7237164210137
2009-09-22,1564.384828320163
2009-09-23,1568.8140357748368
2009-09-24,1544.4800846299054
2009-09-25,1542.0926185413803
2009-09-28,1553.5118805590614
2009-09-29,1562.4845621330196
2009-09-30,1560.3188742935286
2009-10-01,1548.0278517426393
2009-10-02,1524.7698470916164
2009-10-05,1535.6054346325966
2009-10-06,1552.5972059022558
2009-10-07,1556.6649538274953
2009-10-08,1576.2097709316035
2009-10-09,1573.6361885389142
2009-10-12,1578.2350933635103
2009-10-13,1568.0063742435607
2009-10-14,1585.6638107844815
2009-10-15,1594.07919065047
2009-10-16,1589.1145908319254
2009-10-19,1598.0459806845588
2009-10-20,1596.5845785147085
2009-10-21,1593.7581534606988
2009-10-22,1580.3674507112278
2009-10-23,1575.2225709967172
2009-10-26,1565.4592188731672
2009-10-27,1564.3482239416242
2009-10-28,1544.2888565595526
2009-10-29,1564.7440058432526
2009-10-30,1558.1802261224836
2009-11-02,1550.6242153448293
2009-11-03,1542.6999690735397
2009-11-04,1566.284932191384
2009-11-05,1572.3569289008365
2009-11-06,1578.0132377427685
2009-11-09,1593.2039450624054
2009-11-10,1587.6708557110915
2009-11-11,1588.30959692544
2009-11-12,1594.4398468135205
2009-11-13,1603.3983821384343
2009-11-16,1617.032283191753
2009-11-17,1614.8799513104836
2009-11-18,1612.1759301368347
2009-11-19,1593.6692612422114
2009-11-20,1583.4089920880103
2009-11-23,1593.563302981865
2009-11-24,1593.3903161531296
2009-11-25,1589.6576452265624
2009-11-26,1553.4474574651954
2009-11-27,1568.7766193685056
2009-11-30,1544.0108818984072
2009-12-01,1573.4675565092086
2009-12-02,1580.982648207676
2009-12-03,1579.2664781531585
2009-12-04,1588.0999055584841
2009-12-07,1588.3773452315381
2009-12-08,1572.6914815199875
2009-12-09,1551.8164095865625
2009-12-10,1561.2182624246368
2009-12-11,1565.4819671191726
2009-12-14,1567.3212858076554
2009-12-15,1572.3695088727402
2009-12-16,1582.4894455535289
2009-12-17,1576.4255149670016
2009-12-18,1576.1368326058594
2009-12-21,1583.2599551833562
2009-12-22,1589.0967862097516
2009-12-23,1588.5752923527698
2009-12-24,1587.1789021414172
2009-12-25,1587.1789021414172
2009-12-28,1592.2667488503837
2009-12-29,1595.5583738268192
2009-12-30,1605.8774394860936
2009-12-31,1610.4750145716148
2010-01-01,1610.4750145716148
2010-01-04,1627.5059662631393
2010-01-05,1629.0572120144002
2010-01-06,1630.2454066498276
2010-01-07,1629.3597521559077
2010-01-08,1633.0749622562187
2010-01-11,1634.5498514972198
2010-01-12,1624.850036750181
2010-01-13,1629.4940295362953
2010-01-14,1633.9202585995317
2010-01-15,1637.5442839279713
2010-01-18,1641.9384920992325
2010-01-19,1655.4559128720684
2010-01-20,1653.843418322415
2010-01-21,1650.9186828027337
2010-01-22,1633.1102867674479
2010-01-25,1632.160497089321
2010-01-26,1635.8364046590123
2010-01-27,1638.5185093489708
2010-01-28,1639.2240302374835
2010-01-29,1641.5422498915393
2010-02-01,1646.5796265528984
2010-02-02,1658.6975212590366
2010-02-03,1654.2968831461287
2010-02-04,1629.1671355939611
2010-02-05,1603.9155785847902
2010-02-08,1600.2251664637765
2010-02-09,1599.3232450300563
2010-02-10,1610.0731204460542
2010-02-11,1621.264087833179
2010-02-12,1622.1184111770247
2010-02-15,1621.5799431871853
2010-02-16,1624.216465840647
2010-02-17,1644.5243906816468
2010-02-18,1649.87184345508
2010-02-19,1651.275377642182
2010-02-22,1653.3586324563137
2010-02-23,1648.3288796805427
2010-02-24,1645.9553071211362
2010-02-25,1629.1013913500492
2010-02-26,1638.4822727798023
2010-03-01,1647.6979810559915
2010-03-02,1654.147144095526
2010-03-03,1659.138497126085
2010-03-04,1664.0383270202526
2010-03-05,1677.5765964906748
2010-03-08,1674.9577059869985
2010-03-09,1671.4371185103191
2010-03-10,1673.4256453199985
2010-03-11,1677.5999497327343
2010-03-12,1684.2429153620192
2010-03-15,1683.8649118950393
2010-03-16,1690.3721641659317
2010-03-17,1701.1370640536086
2010-03-18,1708.9765393886325
2010-03-19,1702.0858401578967
2010-03-22,1706.1188673865486
2010-03-23,1715.0416709593053
2010-03-24,1719.695069227989
2010-03-25,1729.4503470529487
2010-03-26,1730.0540886688536
2010-03-29,1731.5924962106897
2010-03-30,1739.9618058465483
2010-03-31,1738.6739094038746
2010-04-01,1761.7531850401226
2010-04-02,1761.7531850401226
2010-04-05,1761.7304194814017
2010-04-06,1773.2366571976966
2010-04-07,1772.5055363148988
2010-04-08,1770.424813102883
2010-04-09,1780.5148224819873
2010-04-12,1774.588345825516
2010-04-13,1772.1449478347245
2010-04-14,1778.1186994121217
2010-04-15,1786.7870402274825
2010-04-16,1773.700277159548
2010-04-19,1757.232532678279
2010-04-20,1774.2769340420296
2010-04-21,1777.4163669539191
2010-04-22,1772.6071220324798
2010-04-23,1783.0867212185112
2010-04-26,1788.1600631164893
2010-04-27,1758.535450163511
2010-04-28,1731.4783458652557
2010-04-29,1754.281282813492
2010-04-30,1757.8321092308995
2010-05-03,1766.176357966217
2010-05-04,1737.4136396829792
2010-05-05,1721.9773882090865
2010-05-06,1714.6295990440951
2010-05-07,1652.8599425894406
2010-05-10,1721.9780752383
2010-05-11,1719.1526952325069
2010-05-12,1749.6188403398128
2010-05-13,1752.4856407360394
2010-05-14,1722.2981402142088
2010-05-17,1708.5642734817502
2010-05-18,1722.5266508266905
2010-05-19,1690.2062038517656
2010-05-20,1663.79549522939
2010-05-21,1651.6958666977414
2010-05-24,1664.4490261425053
2010-05-25,1637.1670182066575
2010-05-26,1659.3247666987586
2010-05-27,1690.6745947977686
2010-05-28,1689.301354019145
2010-05-31,1702.7385476056822
2010-06-01,1715.0796559613202
2010-06-02,1722.189368997219
2010-06-03,1742.8935562124707
2010-06-04,1730.8177545094604
2010-06-07,1723.5547137662113
2010-06-08,1704.6552132910092
2010-06-09,1729.0777913245029
2010-06-10,1749.0343952271753
2010-06-11,1751.77550289499
2010-06-14,1760.799444165429
2010-06-15,1769.4902361439235
2010-06-16,1770.3878722849327
2010-06-17,1767.7591041828991
2010-06-18,1771.1932880092636
2010-06-21,1774.9302532021486
2010-06-22,1783.8953648495888
2010-06-23,1781.912298655324
2010-06-24,1761.669277715733
2010-06-25,1759.6227653816827
2010-06-28,1774.4566280584609
2010-06-29,1750.8217865740392
2010-06-30,1747.063256444253
2010-07-01,1716.787600751866
2010-07-02,1721.367240788063
2010-07-05,1725.7136305594859
2010-07-06,1750.2612079204926
2010-07-07,1761.5359251045109
2010-07-08,1770.7614637572412
2010-07-09,1773.1314457695541
2010-07-12,1776.4700015437281
2010-07-13,1794.1897017711342
2010-07-14,1794.795530460853
2010-07-15,1787.9745062345987
2010-07-16,1773.512426558847
2010-07-19,1760.3364378361248
2010-07-20,1760.9902365507523
2010-07-21,1783.6739093911324
2010-07-22,1795.9392448329295
2010-07-23,1805.8676189228865
2010-07-26,1810.7870074921857
2010-07-27,1802.570450837308
2010-07-28,1794.5018184116257
2010-07-29,1793.9304227968676
2010-07-30,1791.9648128599588
2010-08-02,1818.1787260209383
2010-08-03,1816.9080319686218
2010-08-04,1820.4857094906163
2010-08-05,1818.425175260967
2010-08-06,1810.7271182829907
2010-08-09,1823.1424061388968
2010-08-10,1810.5407181783103
2010-08-11,1791.1905483354144
2010-08-12,1788.1576461853058
2010-08-13,1794.9048884738793
2010-08-16,1797.9354743643412
2010-08-17,1807.301316559527
2010-08-18,1812.370001196986
2010-08-19,1805.967106161859
2010-08-20,1799.5847215261365
2010-08-23,1811.192402287252
2010-08-24,1791.5231274631492
2010-08-25,1793.4126478846874
2010-08-26,1801.5451658011243
2010-08-27,1812.3537897670108
2010-08-30,1819.1363243828628
2010-08-31,1820.6458815733147
2010-09-01,1837.1738511804203
2010-09-02,1839.1644334039015
2010-09-03,1843.7200097794207
2010-09-06,1851.0906101884989
2010-09-07,1852.3192104146192
2010-09-08,1867.7850505455438
2010-09-09,1879.0910618412834
2010-09-10,1880.180686913761
2010-09-13,1886.3845727015066
2010-09-14,1887.4170878562147
2010-09-15,1885.6744954579672
2010-09-16,1870.3617991414524
2010-09-17,1874.2596897264032
2010-09-20,1887.1904706984951
2010-09-21,1884.7813785658345
2010-09-22,1864.1723714929942
2010-09-23,1870.5404657631966
2010-09-24,1878.3719714750464
2010-09-27,1884.279106332965
2010-09-28,1884.3906950712003
2010-09-29,1877.7862089411026
2010-09-30,1871.2514541264277
2010-10-01,1871.2108226478706
2010-10-04,1868.2262535219277
2010-10-05,1877.091909022831
2010-10-06,1879.7011132379478
2010-10-07,1881.5610476040056
2010-10-08,1883.0788182227004
2010-10-11,1893.881696952288
2010-10-12,1895.819674629536
2010-10-13,1905.4616755734771
2010-10-14,1908.152434592798
2010-10-15,1907.6864560860872
2010-10-18,1907.8616783801513
2010-10-19,1905.3488248974563
2010-10-20,1903.809334706269
2010-10-21,1910.404710500101
2010-10-22,1910.309263085036
2010-10-25,1915.1004039497968
2010-10-26,1925.124717611444
2010-10-27,1917.7882044453786
2010-10-28,1927.3530774948147
2010-10-29,1933.43238587696
2010-11-01,1938.6575084888634
2010-11-02,1932.248763075604
2010-11-03,1921.1622374688534
2010-11-04,1931.0483930892838
2010-11-05,1943.5294691338524
2010-11-08,1944.0208903173543
2010-11-09,1948.7734866973037
2010-11-10,1941.4570067749355
2010-11-11,1936.2540056242065
2010-11-12,1930.0799258521686
2010-11-15,1947.1292968436885
2010-11-16,1919.3054648461361
2010-11-17,1929.2792389264418
2010-11-18,1937.5050067970355
2010-11-19,1930.5994363232414
2010-11-22,1932.3788073093922
2010-11-23,1918.9259193124908
2010-11-24,1927.696325512166
2010-11-25,1942.1958880401282
2010-11-26,1942.4848096558337
2010-11-29,1935.5746747006644
2010-11-30,1935.704947508774
2010-12-01,1963.5338984371367
2010-12-02,1985.5251307781525
2010-12-03,1985.4148552189479
2010-12-06,2000.4863125003997
2010-12-07,2010.6892847853726
2010-12-08,2015.9095482627145
2010-12-09,2020.809199007579
2010-12-10,2022.5337712160494
2010-12-13,2026.1085582832443
2010-12-14,2032.1266664796012
2010-12-15,2028.0156737885418
2010-12-16,2028.1158183889731
2010-12-17,2029.2408016783193
2010-12-20,2040.4678469451228
2010-12-21,2048.535322220379
2010-12-22,2056.712996623019
2010-12-23,2054.616250527929
2010-12-24,2047.5661465396631
2010-12-27,2038.5163645897053
2010-12-28,2046.2690570849375
2010-12-29,2057.903172310433
2010-12-30,2049.8376638778022
2010-12-31,2053.628952254243
2011-01-03,2055.1336299943746
2011-01-04,2063.751772194531
2011-01-05,2063.1057417559277
2011-01-06,2070.4342002386406
2011-01-07,2063.400520059636
2011-01-10,2050.5829132743097
2011-01-11,2064.6270560624166
2011-01-12,2072.222183322894
2011-01-13,2058.2458628974887
2011-01-14,2055.9243657120805
2011-01-17,2064.199700168855
2011-01-18,2072.233203124445
2011-01-19,2052.4202340865945
2011-01-20,2026.705140790442
2011-01-21,2026.5444382350752
2011-01-24,2024.1345502495678
2011-01-25,2016.1356788982223
2011-01-26,2025.6296172099342
2011-01-27,2028.3803130580743
2011-01-28,2027.6991439036972
2011-01-31,2017.2227523224515
2011-02-01,2035.4687285565685
2011-02-02,2034.480083344239
2011-02-03,2037.532813540482
2011-02-04,2045.7606306937705
2011-02-07,2061.305941416289
2011-02-08,2050.766031968624
2011-02-09,2043.7834102995644
2011-02-10,2034.9476357186581
2011-02-11,2041.2124287604977
2011-02-14,2054.9412034231873
2011-02-15,2053.5478841285667
2011-02-16,2050.2567249644944
2011-02-17,2053.2546755176218
2011-02-18,2050.5698426041704
2011-02-21,2038.233675436222
2011-02-22,2025.6156902677415
2011-02-23,2011.9863115128655
2011-02-24,1993.8554595743199
2011-02-25,2014.0642480989368
2011-02-28,2029.2794583663022
2011-03-01,2033.443124937716
2011-03-02,2022.2737518944527
2011-03-03,2023.8842210381426
2011-03-04,2027.7591788123416
2011-03-07,2027.1481117635155
2011-03-08,2032.1136440658142
2011-03-09,2039.5213750707726
2011-03-10,2022.0374052791196
2011-03-11,2000.126699028464
2011-03-14,1985.3751908588927
2011-03-15,1945.5261803779247
2011-03-16,1943.9064697740032
2011-03-17,1966.1286777794178
2011-03-18,1979.062396054612
2011-03-21,2006.8120694832162
2011-03-22,2005.906782387867
2011-03-23,2008.5939205950883
2011-03-24,2012.9081537729598
2011-03-25,2017.67694207768
2011-03-28,2023.4335998700521
2011-03-29,2023.6682651912386
2011-03-30,2029.1432092992998
2011-03-31,2016.928832905981
2011-04-01,2032.3686344019434
2011-04-04,2036.592723452741
2011-04-05,2040.9288882509172
2011-04-06,2037.7262187529395
2011-04-07,2033.0578267072394
2011-04-08,2031.1593251614154
2011-04-11,2026.9131966229781
2011-04-12,2007.2459438007088
2011-04-13,2021.7670679198407
2011-04-14,2029.5470872509015
2011-04-15,2034.0553002046277
2011-04-18,2018.934305202747
2011-04-19,2022.8506711485472
2011-04-20,2035.1678165654405
2011-04-21,2048.1640041950996
2011-04-22,2048.1640041950996
2011-04-25,2045.2801938637272
2011-04-26,2043.5604181720594
2011-04-27,2048.225781673244
2011-04-28,2056.36690333389
2011-04-29,2060.887731978426
2011-05-02,2062.678534151943
2011-05-03,2054.1738396461083
2011-05-04,2043.751953428017
2011-05-05,2051.076986647351
2011-05-06,2067.7051588337686
2011-05-09,2076.143542877925
2011-05-10,2086.586154937983
2011-05-11,2096.8603121534916
2011-05-12,2086.8932165032893
2011-05-13,2086.0141098299837
2011-05-16,2084.091693940253
2011-05-17,2074.919191627316
2011-05-18,2073.4709310672492
2011-05-19,2083.6088365546543
2011-05-20,2092.6947060174525
2011-05-23,2075.190886247766
2011-05-24,2077.1971966845435
2011-05-25,2082.10510927357
2011-05-26,2087.9653486698417
2011-05-27,2096.069496036981
2011-05-30,2098.3240649851277
2011-05-31,2100.3520059818266
2011-06-01,2103.11217018754
2011-06-02,2091.590987998043
2011-06-03,2088.255629332078
2011-06-06,2081.818234043291
2011-06-07,2075.995515979916
2011-06-08,2060.8037292772437
2011-06-09,2071.054126534475
2011-06-10,2058.9865482585255
2011-06-13,2060.394124732887
2011-06-14,2064.2613750170954
2011-06-15,2052.923353217085
2011-06-16,2039.9178489021033
2011-06-17,2034.487707595705
2011-06-20,2021.1376343300112
2011-06-21,2029.6133759343104
2011-06-22,2023.3098209626896
2011-06-23,2014.7579277953496
2011-06-24,2016.6171973349878
2011-06-27,2015.011240813791
2011-06-28,2018.9480609981904
2011-06-29,2036.3236258449704
2011-06-30,2051.0375753805974
2011-07-01,2054.8531182768525
2011-07-04,2062.176502869512
2011-07-05,2069.567773192046
2011-07-06,2073.2812073286545
2011-07-07,2075.8679855959194
2011-07-08,2076.3922766770916
2011-07-11,2059.506711135251
2011-07-12,2046.3990848175322
2011-07-13,2055.6964614988237
2011-07-14,2046.4293994972998
2011-07-15,2045.1426834018798
2011-07-18,2020.6653855267468
2011-07-19,2027.3203158297194
2011-07-20,2038.4518397499462
2011-07-21,2043.5668730039092
2011-07-22,2057.9652744403165
2011-07-25,2060.8793377009524
2011-07-26,2057.969384576301
2011-07-27,2047.6496123878308
2011-07-28,2046.0394164362892
2011-07-29,2042.02702062933
2011-08-01,2032.2152301836327
2011-08-02,1996.3761237029735
2011-08-03,1964.7914150176382
2011-08-04,1919.1015677900314
2011-08-05,1883.5627047221726
2011-08-08,1811.2974865206274
2011-08-09,1829.4614910904406
2011-08-10,1825.1716712156485
2011-08-11,1844.748540472518
2011-08-12,1893.5659224304832
2011-08-15,1902.3152334894587
2011-08-16,1883.6159589795136
2011-08-17,1888.6077364555204
2011-08-18,1836.522705487348
2011-08-19,1825.0498045179982
2011-08-22,1840.500758441758
2011-08-23,1851.3636465308496
2011-08-24,1866.1839092103978
2011-08-25,1859.7725409098641
2011-08-26,1848.1652127495117
2011-08-29,1863.4066855177225
2011-08-30,1883.6520965575914
2011-08-31,1929.1339578966172
2011-09-01,1940.6725354735136
2011-09-02,1925.1295425917585
2011-09-05,1879.2780622670305
2011-09-06,1857.464418332404
2011-09-07,1886.6539490400814
2011-09-08,1898.2559297584169
2011-09-09,1882.6871926771835
2011-09-12,1846.940137234257
2011-09-13,1846.513956337624
2011-09-14,1863.3262321232387
2011-09-15,1880.3043379623884
2011-09-16,1909.5044581471861
2011-09-19,1885.8228187603872
2011-09-20,1894.4750108038538
2011-09-21,1885.7119846322144
2011-09-22,1836.2417841643814
2011-09-23,1828.8752306872573
2011-09-26,1845.854453911561
2011-09-27,1886.8665873728753
2011-09-28,1884.3232722966027
2011-09-29,1881.4408390280773
2011-09-30,1876.2287172144563
2011-10-03,1872.0761955840194
2011-10-04,1826.895305775385
2011-10-05,1838.5457500017096
2011-10-06,1864.7316233202541
2011-10-07,1877.6987929445968
2011-10-10,1891.1095646856088
2011-10-11,1890.2284850470262
2011-10-12,1907.1084606201873
2011-10-13,1906.8952309767278
2011-10-14,1915.0071090697518
2011-10-17,1905.8645697521567
2011-10-18,1901.2369233955983
2011-10-19,1907.2184383873634
2011-10-20,1895.314835603573
2011-10-21,1912.4692307884525
2011-10-24,1924.3250263994087
2011-10-25,1918.3379460398544
2011-10-26,1921.4940939251535
2011-10-27,1943.3688224632633
2011-10-28,1945.2933336158226
2011-10-31,1930.8690009893046
2011-11-01,1889.694960984905
2011-11-02,1892.1778209412143
2011-11-03,1918.65408932061
2011-11-04,1913.6229366521973
2011-11-07,1898.9770033533985
2011-11-08,1915.4591830480122
2011-11-09,1901.5568514960669
2011-11-10,1887.9152227514355
2011-11-11,1914.7091010895513
2011-11-14,1900.6577442478942
2011-11-15,1895.6022959512488
2011-11-16,1892.1590912420381
2011-11-17,1877.579946596653
2011-11-18,1864.0740675646498
2011-11-21,1820.7471121246178
2011-11-22,1816.6620653247828
2011-11-23,1798.6654426784705
2011-11-24,1798.5445852864673
2011-11-25,1801.1861829408238
2011-11-28,1837.875285633902
2011-11-29,1850.8446953103773
2011-11-30,1898.8289628297362
2011-12-01,1872.8090615196795
2011-12-02,1882.895291520288
2011-12-05,1894.825505872855
2011-12-06,1887.81979237277
2011-12-07,1892.6656924183048
2011-12-08,1873.1994380439269
2011-12-09,1874.738647146196
2011-12-12,1854.722568884192
2011-12-13,1861.6346023877813
2011-12-14,1841.5458138577137
2011-12-15,1855.2952018301764
2011-12-16,1853.1085804543848
2011-12-19,1855.9082930871532
2011-12-20,1881.5125646789418
2011-12-21,1879.499488932082
2011-12-22,1892.5927509320895
2011-12-23,1902.3944177513486
2011-12-26,1902.3944177513486
2011-12-27,1903.0206551070712
2011-12-28,1902.1782463849886
2011-12-29,1906.2497943431854
2011-12-30,1920.0677449406503
2012-01-02,1931.5951754277155
2012-01-03,1951.8686951306063
2012-01-04,1947.3755528948543
2012-01-05,1928.423095087884
2012-01-06,1938.2979167860133
2012-01-09,1942.0731267864744
2012-01-10,1951.9856093993035
2012-01-11,1950.7056252367063
2012-01-12,1957.780966049823
2012-01-13,1959.530706235062
2012-01-16,1966.931654598146
2012-01-17,1970.2825142062673
2012-01-18,1977.946594926851
2012-01-19,1983.7966574601999
2012-01-20,1989.5123436041363
2012-01-23,1990.2769377392167
2012-01-24,1986.562959520797
2012-01-25,1990.1708982630926
2012-01-26,2000.5278727259272
2012-01-27,2000.465487958888
2012-01-30,1985.2134334484183
2012-01-31,1997.1608180234985
2012-02-01,2024.8899710517785
2012-02-02,2028.7714808417757
2012-02-03,2040.3649770288264
2012-02-06,2048.806914875907
2012-02-07,2041.9978097165292
2012-02-08,2037.8534053429937
2012-02-09,2040.4741295648441
2012-02-10,2038.6083612633624
2012-02-13,2044.7484208043663
2012-02-14,2042.448441229575
2012-02-15,2050.018767032532
2012-02-16,2040.217588584295
2012-02-17,2044.6321642595349
2012-02-20,2050.7736420910755
2012-02-21,2045.6241810083534
2012-02-22,2039.033702915782
2012-02-23,2034.592852034926
2012-02-24,2039.6118082153546
2012-02-27,2037.4711145324984
2012-02-28,2040.6803651209514
2012-02-29,2051.3924506344338
2012-03-01,2063.845734583375
2012-03-02,2066.6817339185754
2012-03-05,2059.879393186611
2012-03-06,2023.961134200422
2012-03-07,2036.960374226588
2012-03-08,2054.0183313657503
2012-03-09,2065.681997304774
2012-03-12,2064.8525408974187
2012-03-13,2094.9646849570445
2012-03-14,2097.9544751846615
2012-03-15,2092.168695028939
2012-03-16,2097.1111565896013
2012-03-19,2100.094894084527
2012-03-20,2093.566631951022
2012-03-21,2095.048910452174
2012-03-22,2077.5558432270573
2012-03-23,2081.0648107995257
2012-03-26,2104.5363940804023
2012-03-27,2103.4843727100597
2012-03-28,2085.3802459073713
2012-03-29,2071.8035029961643
2012-03-30,2084.819095944131
2012-04-02,2110.6097901895414
2012-04-03,2105.376760131886
2012-04-04,2084.417609598305
2012-04-05,2082.7581903504497
2012-04-06,2082.7581903504497
2012-04-09,2083.7268502153643
2012-04-10,2057.3396008121813
2012-04-11,2068.852037718537
2012-04-12,2088.204823691086
2012-04-13,2082.8814041263604
2012-04-16,2075.709141606555
2012-04-17,2093.293750381333
2012-04-18,2104.6917638620025
2012-04-19,2100.259750270488
2012-04-20,2111.995900302119
2012-04-23,2084.2712740384627
2012-04-24,2090.2951647467435
2012-04-25,2103.029231405265
2012-04-26,2115.1929382831636
2012-04-27,2125.5884444937196
2012-04-30,2128.243398661392
2012-05-01,2136.7059362150876
2012-05-02,2142.0070067872894
2012-05-03,2143.513355703877
2012-05-04,2117.819088134718
2012-05-07,2123.6235100512868
2012-05-08,2095.2931789905315
2012-05-09,2083.669860569939
2012-05-10,2097.6161128520735
2012-05-11,2111.305063599101
2012-05-14,2094.7637235295065
2012-05-15,2086.1804516261345
2012-05-16,2068.5186640715624
2012-05-17,2062.5478282401677
2012-05-18,2042.6818569902787
2012-05-21,2042.096395584604
2012-05-22,2062.4426642854164
2012-05-23,2047.6916622000185
2012-05-24,2061.596483338898
2012-05-25,2069.730988977399
2012-05-28,2075.5546261370027
2012-05-29,2086.056964490267
2012-05-30,2073.4781641705513
2012-05-31,2067.783693752107
2012-06-01,2037.8992165758602
2012-06-04,2021.5437722933173
2012-06-05,2022.139485749238
2012-06-06,2054.228718424566
2012-06-07,2070.6308545718016
2012-06-08,2072.535883197117
2012-06-11,2071.010094893841
2012-06-12,2065.2734181122496
2012-06-13,2059.5241865290377
2012-06-14,2064.455705887681
2012-06-15,2077.523102803859
2012-06-18,2084.2905962936434
2012-06-19,2095.9241609755068
2012-06-20,2106.7003744453186
2012-06-21,2106.982804627054
2012-06-22,2100.0312742407395
2012-06-25,2082.7713980584745
2012-06-26,2085.2296446927858
2012-06-27,2098.0583937773818
2012-06-28,2088.9206793465605
2012-06-29,2108.6873794146345
2012-07-02,2136.324949880279
2012-07-03,2146.2467842980705
2012-07-04,2150.8257331948694
2012-07-05,2158.7985124604866
2012-07-06,2157.9044304914228
2012-07-09,2152.0716180792374
2012-07-10,2160.223636078618
2012-07-11,2161.7374984341886
2012-07-12,2144.223646625599
2012-07-13,2164.121695622384
2012-07-16,2177.0019775177716
2012-07-17,2176.464453429782
2012-07-18,2185.36060529488
2012-07-19,2207.5174538318515
2012-07-20,2196.4132480292005
2012-07-23,2157.5560277555874
2012-07-24,2162.4903791629886
2012-07-25,2153.3854484163376
2012-07-26,2175.8293737182335
2012-07-27,2181.16154925108
2012-07-30,2200.4568954294323
2012-07-31,2186.7779090023723
2012-08-01,2189.64323256616
2012-08-02,2185.3599431093503
2012-08-03,2201.2617029897424
2012-08-06,2210.6418318263914
2012-08-07,2211.8361801116803
2012-08-08,2214.4670066461026
2012-08-09,2217.482520480376
2012-08-10,2220.79991534818
2012-08-13,2207.7127729664435
2012-08-14,2220.1465092882945
2012-08-15,2226.4234834306303
2012-08-16,2222.3560001278447
2012-08-17,2234.861514969002
2012-08-20,2228.130328733767
2012-08-21,2225.940295835358
2012-08-22,2214.8325799677614
2012-08-23,2206.8840821038098
2012-08-24,2208.3066897025897
2012-08-27,2210.109955503615
2012-08-28,2202.066728258673
2012-08-29,2213.4517372733526
2012-08-30,2211.2535310865783
2012-08-31,2217.8722198440096
2012-09-03,2229.1589698664884
2012-09-04,2224.7512632486305
2012-09-05,2229.5404113345676
2012-09-06,2250.2792220108854
2012-09-07,2247.0768619337914
2012-09-10,2245.1415937979195
2012-09-11,2238.7937245733783
2012-09-12,2241.018683126835
2012-09-13,2244.4978326083196
2012-09-14,2249.8791363365185
2012-09-17,2251.8668119789677
2012-09-18,2249.5426415122824
2012-09-19,2254.4404954999477
2012-09-20,2263.583316028867
2012-09-21,2271.2148797468194
2012-09-24,2273.0851535142015
2012-09-25,2277.0352373923392
2012-09-26,2261.9956997519967
2012-09-27,2268.523368959317
2012-09-28,2269.886202387131
2012-10-01,2277.815656617686
2012-10-02,2284.4050291359326
2012-10-03,2281.470259356834
2012-10-04,2290.711766928042
2012-10-05,2297.780787796846
2012-10-08,2290.629043438828
2012-10-09,2284.347638717922
2012-10-10,2274.163957830531
2012-10-11,2273.7463805529055
2012-10-12,2278.5088743634064
2012-10-15,2283.101886155232
2012-10-16,2298.703375816023
2012-10-17,2298.590341067466
2012-10-18,2299.746773235876
2012-10-19,2290.1943252563483
2012-10-22,2286.918785428489
2012-10-23,2274.511556932697
2012-10-24,2283.204011020329
2012-10-25,2306.2054557345214
2012-10-26,2302.0809304339114
2012-10-29,2296.9691654804737
2012-10-30,2296.4460963910697
2012-10-31,2298.5758422131103
2012-11-01,2315.4779639362805
2012-11-02,2318.8155820116103
2012-11-05,2305.825642440414
2012-11-06,2306.055826910972
2012-11-07,2300.843677989955
2012-11-08,2296.250920893811
2012-11-09,2287.5317955505993
2012-11-12,2284.0188064165914
2012-11-13,2281.793068099366
2012-11-14,2268.4022298382656
2012-11-15,2258.659493474248
2012-11-16,2245.9167623912585
2012-11-19,2265.302477202668
2012-11-20,2278.3817702361825
2012-11-21,2278.674690304413
2012-11-22,2287.39803438931
2012-11-23,2290.7497104299277
2012-11-26,2286.3655553453336
2012-11-27,2291.149858162243
2012-11-28,2289.3990592513096
2012-11-29,2305.4179617311015
2012-11-30,2306.7112340497206
2012-12-03,2305.2961035937415
2012-12-04,2306.45874231868
2012-12-05,2316.022990833707
2012-12-06,2330.1121301169273
2012-12-07,2330.275999232681
2012-12-10,2330.6082197090177
2012-12-11,2331.380444325345
2012-12-12,2337.1047659294936
2012-12-13,2335.02506939732
2012-12-14,2335.322066256849
2012-12-17,2337.1088746002965
2012-12-18,2347.069697261899
2012-12-19,2358.5885595883765
2012-12-20,2360.6241176872677
2012-12-21,2355.168452415722
2012-12-24,2350.72896681594
2012-12-25,2350.72896681594
2012-12-26,2348.7988600826584
2012-12-27,2348.5200530905195
2012-12-28,2346.7443483027946
2012-12-31,2361.787710954101
2013-01-01,2361.787710954101
2013-01-02,2383.5828758675475
2013-01-03,2393.6220672433938
2013-01-04,2398.3857523167576
2013-01-07,2397.419720962801
2013-01-08,2389.7453959683326
2013-01-09,2398.8533754664336
2013-01-10,2387.448858772479
2013-01-11,2376.9813739413134
2013-01-14,2365.986490485505
2013-01-15,2363.902182107622
2013-01-16,2361.5670619959674
2013-01-17,2370.7583239851992
2013-01-18,2378.6475334210877
2013-01-21,2384.5907179102765
2013-01-22,2389.218879331028
2013-01-23,2395.336120361534
2013-01-24,2397.417069017237
2013-01-25,2401.0366514356533
2013-01-28,2399.659548304752
2013-01-29,2395.5291789838006
2013-01-30,2389.4406019033563
2013-01-31,2384.6067731631006
2013-02-01,2395.9953881493893
2013-02-04,2391.491171308757
2013-02-05,2395.3849549021597
2013-02-06,2406.7789493316086
2013-02-07,2416.3996974525803
2013-02-08,2434.758172963369
2013-02-11,2421.3881111632713
2013-02-12,2423.1025932725393
2013-02-13,2434.7277157855806
2013-02-14,2431.783136694386
2013-02-15,2436.9724305474106
2013-02-18,2427.70003324561
2013-02-19,2448.2391109870455
2013-02-20,2444.4226686734683
2013-02-21,2431.2488626550476
2013-02-22,2445.6329547934265
2013-02-25,2432.3512380801412
2013-02-26,2431.4726650845046
2013-02-27,2441.0265192944967
2013-02-28,2457.0316968326433
2013-03-01,2459.1474768431403
2013-03-04,2453.9575328349415
2013-03-05,2479.2597528427923
2013-03-06,2470.8603184766007
2013-03-07,2465.443355266743
2013-03-08,2471.4984230162695
2013-03-11,2468.229434010189
2013-03-12,2466.3207334342846
2013-03-13,2473.2722890806294
2013-03-14,2495.7047546280173
2013-03-15,2495.337265931756
2013-03-18,2503.5064952932544
2013-03-19,2507.6792352340353
2013-03-20,2504.454946091022
2013-03-21,2506.3517139736937
2013-03-22,2504.4451263129577
2013-03-25,2509.5999527082367
2013-03-26,2508.730521790405
2013-03-27,2502.3002355894596
2013-03-28,2518.1415264740926
2013-03-29,2518.141526474093
2013-04-01,2520.515372882844
2013-04-02,2530.0437855014893
2013-04-03,2521.38579624232
2013-04-04,2504.3050473835574
2013-04-05,2466.408417429497
2013-04-08,2467.528291925375
2013-04-09,2467.6728766523497
2013-04-10,2496.872639466917
2013-04-11,2511.425119828247
2013-04-12,2507.5340814753085
2013-04-15,2492.4543962717794
2013-04-16,2475.0162261665855
2013-04-17,2459.892489287272
2013-04-18,2459.293540369896
2013-04-19,2470.2258266107065
2013-04-22,2477.1223243340596
2013-04-23,2504.9568310607474
2013-04-24,2514.932646726819
2013-04-25,2531.623779975983
2013-04-26,2536.446647805223
2013-04-29,2540.5593712512436
2013-04-30,2541.6234750321673
2013-05-01,2547.5339924980394
2013-05-02,2551.2326875890903
2013-05-03,2561.764680737024
2013-05-06,2563.952372904978
2013-05-07,2554.767261930735
2013-05-08,2566.2388626756665
2013-05-09,2574.4817755429995
2013-05-10,2580.835129007559
2013-05-13,2579.219262275296
2013-05-14,2581.090940939497
2013-05-15,2600.5050958238303
2013-05-16,2603.474874733343
2013-05-17,2606.2670211520954
2013-05-20,2615.937665442653
2013-05-21,2613.515964495064
2013-05-22,2604.144006714826
2013-05-23,2564.6959435628182
2013-05-24,2568.509400550764
2013-05-27,2569.9036885088613
2013-05-28,2588.81512913104
2013-05-29,2558.2783306267133
2013-05-30,2556.8916218704867
2013-05-31,2555.533890226912
2013-06-03,2540.5357823208806
2013-06-04,2543.1573859713862
2013-06-05,2526.231368154777
2013-06-06,2506.676610348469
2013-06-07,2520.2207328684603
2013-06-10,2525.8222844840543
2013-06-11,2502.397101061793
2013-06-12,2507.7783031880517
2013-06-13,2497.4132332848258
2013-06-14,2508.8046962059125
2013-06-17,2525.3374092859367
2013-06-18,2525.6739038358596
2013-06-19,2527.9915100301514
2013-06-20,2493.0181969584537
2013-06-21,2477.7553807715612
2013-06-24,2447.4689597171237
2013-06-25,2468.3484689922857
2013-06-26,2493.040023424243
2013-06-27,2507.780502739515
2013-06-28,2513.539090870298
2013-07-01,2526.282929155697
2013-07-02,2529.9706740751913
2013-07-03,2532.7440047242562
2013-07-04,2559.401606591081
2013-07-05,2545.788933812939
2013-07-08,2566.3976513738767
2013-07-09,2584.4295830459005
2013-07-10,2582.33227217925
2013-07-11,2591.40568073735
2013-07-12,2590.9926967093397
2013-07-15,2595.77074113442
2013-07-16,2581.09956607274
2013-07-17,2587.804451979463
2013-07-18,2607.594697871067
2013-07-19,2608.671706906246
2013-07-22,2609.186232118684
2013-07-23,2604.35410096621
2013-07-24,2602.2368082175803
2013-07-25,2595.517056358189
2013-07-26,2593.710051006874
2013-07-29,2600.3882995671584
2013-07-30,2604.1985612792823
2013-07-31,2598.0617559733905
2013-08-01,2623.7370118612807
2013-08-02,2631.934205885392
2013-08-05,2650.376907659604
2013-08-06,2643.8981396206705
2013-08-07,2643.279716455889
2013-08-08,2649.643586898257
2013-08-09,2657.3504659098176
2013-08-12,2657.816403210008
2013-08-13,2664.13653979047
2013-08-14,2670.044176219248
2013-08-15,2643.084135958675
2013-08-16,2649.147097608668
2013-08-19,2666.74992846967
2013-08-20,2647.8572423370233
2013-08-21,2649.829782757198
2013-08-22,2654.754090849955
2013-08-23,2660.494708800658
2013-08-26,2660.542786847924
2013-08-27,2634.9447840064304
2013-08-28,2628.3487057637003
2013-08-29,2647.484294597825
2013-08-30,2638.1776972458047
2013-09-02,2674.8642650689694
2013-09-03,2666.4635572583434
2013-09-04,2673.0764750724493
2013-09-05,2687.9311540259455
2013-09-06,2693.314836925543
2013-09-09,2692.8866417954814
2013-09-10,2712.6884087145695
2013-09-11,2719.2967329487005
2013-09-12,2718.1991902204313
2013-09-13,2724.7353508870233
2013-09-16,2736.342285676657
2013-09-17,2724.473971093374
2013-09-18,2731.347389607633
2013-09-19,2730.217916647587
2013-09-20,2720.5262909236603
2013-09-23,2721.51215032062
2013-09-24,2731.982101763711
2013-09-25,2731.70126667046
2013-09-26,2731.6651828835093
2013-09-27,2734.0052130404424
2013-09-30,2737.5393504762314
2013-10-01,2755.222777260909
2013-10-02,2745.389622681546
2013-10-03,2732.0880987536925
2013-10-04,2724.0746805486287
2013-10-07,2715.8760255959837
2013-10-08,2709.845250662674
2013-10-09,2692.1363971238843
2013-10-10,2718.2930100497897
2013-10-11,2725.9518978592014
2013-10-14,2736.196079720723
2013-10-15,2752.5548579071024
2013-10-16,2761.3796139407914
2013-10-17,2769.6934226402354
2013-10-18,2795.5807724764727
2013-10-21,2813.9606912143117
2013-10-22,2811.076486142686
2013-10-23,2806.225373255817
2013-10-24,2801.694983509615
2013-10-25,2796.636544907013
2013-10-28,2792.751322525122
2013-10-29,2800.321337001527
2013-10-30,2802.215325258478
2013-10-31,2808.5112600847237
2013-11-01,2804.9034650276003
2013-11-04,2806.187113179562
2013-11-05,2816.9640388682383
2013-11-06,2825.731271425082
2013-11-07,2839.0975860058493
2013-11-08,2831.17290242763
2013-11-11,2843.179322245766
2013-11-12,2829.5828724189664
2013-11-13,2816.031447516086
2013-11-14,2834.0516460581866
2013-11-15,2835.8166978104186
2013-11-18,2844.544425485546
2013-11-19,2831.122751110598
2013-11-20,2839.4098372098356
2013-11-21,2841.8460162331935
2013-11-22,2837.8534219504186
2013-11-25,2851.432852376412
2013-11-26,2859.693397404837
2013-11-27,2865.3936001155093
2013-11-28,2870.553290386456
2013-11-29,2883.315430227936
2013-12-02,2880.4615310897366
2013-12-03,2858.197208792838
2013-12-04,2852.8599421867198
2013-12-05,2843.2577486649734
2013-12-06,2852.6930591155956
2013-12-09,2858.187076319698
2013-12-10,2858.660215916169
2013-12-11,2847.101464429131
2013-12-12,2828.118987802595
2013-12-13,2824.126123692847
2013-12-16,2836.806592593472
2013-12-17,2834.874953853259
2013-12-18,2847.852974210875
2013-12-19,2882.348210145575
2013-12-20,2893.316818339067
2013-12-23,2906.45015293664
2013-12-24,2912.4238090614845
2013-12-25,2912.4238090614845
2013-12-26,2913.4651249939184
2013-12-27,2931.6439152374337
2013-12-30,2936.302588171992
2013-12-31,2942.9944984222
2014-01-01,2942.9944984222
2014-01-02,2938.4732869925315
2014-01-03,2962.53150905612
2014-01-06,2964.968214153752
2014-01-07,2970.210034098082
2014-01-08,2969.3390708047573
2014-01-09,2971.357007276506
2014-01-10,2997.827692326964
2014-01-13,2994.379137022121
2014-01-14,2993.3338480325283
2014-01-15,3006.346343663436
2014-01-16,3000.2171264019075
2014-01-17,3017.3341137763005
2014-01-20,3022.685074511858
2014-01-21,3027.669377064716
2014-01-22,3039.2670624351313
2014-01-23,3015.8801853247855
2014-01-24,2972.4226214700916
2014-01-27,2952.556077134568
2014-01-28,2977.54176737858
2014-01-29,2970.748248805257
2014-01-30,2976.2262617251536
2014-01-31,2979.007873962307
2014-02-03,2953.902353457302
2014-02-04,2938.2139577562125
2014-02-05,2937.9050574447015
2014-02-06,2958.2853778636468
2014-02-07,2974.04518736539
2014-02-10,2977.2315357537063
2014-02-11,3000.396218971491
2014-02-12,3018.077928382959
2014-02-13,3019.647631842122
2014-02-14,3036.686074116588
2014-02-17,3048.4140849027704
2014-02-18,3045.842269562567
2014-02-19,3052.3388032436924
2014-02-20,3057.0865769719317
2014-02-21,3064.472771467013
2014-02-24,3077.1662267440133
2014-02-25,3084.432733474592
2014-02-26,3077.3578090952806
2014-02-27,3076.4807890743036
2014-02-28,3096.14271591372
2014-03-03,3046.3611574370384
2014-03-04,3081.092688324615
2014-03-05,3085.6924187101745
2014-03-06,3087.7882552062088
2014-03-07,3074.8969699687004
2014-03-10,3063.9055366180437
2014-03-11,3071.620855514721
2014-03-12,3042.024972801908
2014-03-13,3028.109748388541
2014-03-14,3014.6067982861123
2014-03-17,3047.905287449872
2014-03-18,3060.156630506669
2014-03-19,3067.5013961242016
2014-03-20,3047.0194104672937
2014-03-21,3038.322821798836
2014-03-24,3017.7759805590676
2014-03-25,3040.1920262261874
2014-03-26,3056.3185349229993
2014-03-27,3064.950682729824
2014-03-28,3074.5633821548035
2014-03-31,3088.502528437831
2014-04-01,3096.1237020913622
2014-04-02,3098.6835746611346
2014-04-03,3095.1762016236758
2014-04-04,3107.1222650070813
2014-04-07,3085.0713654303127
2014-04-08,3056.4734102418142
2014-04-09,3080.2277359823674
2014-04-10,3069.149044927493
2014-04-11,3029.9209086635196
2014-04-14,3010.4889421089056
2014-04-15,2999.1655165440525
2014-04-16,3030.560367783727
2014-04-17,3041.171155509632
2014-04-18,3041.171155509632
2014-04-21,3042.728215057166
2014-04-22,3073.61602742865
2014-04-23,3060.0249969627152
2014-04-24,3066.305523833051
2014-04-25,3051.252189652409
2014-04-28,3044.121168022652
2014-04-29,3061.1876569876827
2014-04-30,3066.2522454162004
2014-05-01,3073.777140299733
2014-05-02,3082.2922781411135
2014-05-05,3076.640895727239
2014-05-06,3082.3809149733083
2014-05-07,3071.7214736542774
2014-05-08,3090.9403731196176
2014-05-09,3091.0577740062695
2014-05-12,3110.1040532707157
2014-05-13,3103.1529579980543
2014-05-14,3087.7389134697205
2014-05-15,3052.304333180609
2014-05-16,3030.4711987135006
2014-05-19,3032.009365445165
2014-05-20,3037.527691818345
2014-05-21,3059.604147382905
2014-05-22,3066.345909826367
2014-05-23,3071.849903738234
2014-05-26,3083.4787079579714
2014-05-27,3100.6615261686684
2014-05-28,3106.9588160324897
2014-05-29,3112.2806216411127
2014-05-30,3118.692166700226
2014-06-02,3130.0974356629167
2014-06-03,3110.252763472857
2014-06-04,3121.7096701887567
2014-06-05,3131.072405008209
2014-06-06,3152.5153401997586
2014-06-09,3158.062728007264
2014-06-10,3160.857264566423
2014-06-11,3149.774617890462
2014-06-12,3160.485127724431
2014-06-13,3139.47057940674
2014-06-16,3121.8489291703245
2014-06-17,3118.8066225110724
2014-06-18,3119.351284938464
2014-06-19,3134.878349034073
2014-06-20,3141.2582476378707
2014-06-23,3128.3849862826482
2014-06-24,3115.6936128741686
2014-06-25,3097.533754096825
2014-06-26,3114.6519532386524
2014-06-27,3114.5057743094508
2014-06-30,3128.0408464768316
2014-07-01,3146.570046245598
2014-07-02,3159.527220445691
2014-07-03,3177.5699157909594
2014-07-04,3180.411207373096
2014-07-07,3162.4689923022106
2014-07-08,3134.1689871110075
2014-07-09,3119.678516499465
2014-07-10,3096.278882754202
2014-07-11,3103.942492680283
2014-07-14,3117.1101519654203
2014-07-15,3112.6619586649126
2014-07-16,3132.3237803723378
2014-07-17,3128.38512792185
2014-07-18,3114.0186564032615
2014-07-21,3106.4352399524378
2014-07-22,3123.2643355939194
2014-07-23,3132.193487206837
2014-07-24,3138.251688424653
2014-07-25,3126.0044783346916
2014-07-28,3119.4958784520973
2014-07-29,3126.149707453508
2014-07-30,3116.0251145940074
2014-07-31,3091.888283286402
2014-08-01,3057.801419163204
2014-08-04,3043.845447234465
2014-08-05,3055.963045274101
2014-08-06,3031.9296602252984
2014-08-07,3023.987733531224
2014-08-08,3002.2181434874483
2014-08-11,3040.0168539747096
2014-08-12,3049.370475995983
2014-08-13,3055.679062716738
2014-08-14,3072.053839327003
2014-08-15,3070.552240263919
2014-08-18,3095.7905813596353
2014-08-19,3109.15793059114
2014-08-20,3106.032703496142
2014-08-21,3119.6913565522186
2014-08-22,3121.416466911854
2014-08-25,3136.700422742056
2014-08-26,3145.077092632874
2014-08-27,3151.1918677246485
2014-08-28,3138.5448608812712
2014-08-29,3139.596898783483
2014-09-01,3141.5019317524784
2014-09-02,3132.660413477432
2014-09-03,3137.817213052698
2014-09-04,3153.5540372395667
2014-09-05,3142.405049857533
2014-09-08,3124.9030535398397
2014-09-09,3120.391067395309
2014-09-10,3107.62019281167
2014-09-11,3109.094442436784
2014-09-12,3118.591653399272
2014-09-15,3116.3011115515606
2014-09-16,3106.8960415625857
2014-09-17,3119.874395900768
2014-09-18,3140.804192779864
2014-09-19,3152.7370420026537
2014-09-22,3150.338610901127
2014-09-23,3125.2625656049468
2014-09-24,3133.134211763509
2014-09-25,3125.187025650448
2014-09-26,3113.370040659189
2014-09-29,3114.0892143948704
2014-09-30,3125.788074171325
2014-10-01,3121.723394152695
2014-10-02,3075.0155326675267
2014-10-03,3097.8564273758034
2014-10-06,3096.5439909833703
2014-10-07,3073.607152845666
2014-10-08,3040.6421520886765
2014-10-09,3032.731045307107
2014-10-10,3002.1331642045398
2014-10-13,2989.4239734022813
2014-10-14,2996.399995851364
2014-10-15,2947.1833049619013
2014-10-16,2934.9555111451164
2014-10-17,2995.087652751193
2014-10-20,3007.9214357676824
2014-10-21,3057.3083754990616
2014-10-22,3088.81642884591
2014-10-23,3107.28717225834
2014-10-24,3104.1790366162522
2014-10-27,3097.657967121715
2014-10-28,3113.8330094811263
2014-10-29,3126.3495045223563
2014-10-30,3140.0498176607653
2014-10-31,3182.951265310612
2014-11-03,3178.7897475942314
2014-11-04,3173.106956849371
2014-11-05,3193.4879226462917
2014-11-06,3195.262499543771
2014-11-07,3181.148295504328
2014-11-10,3206.200658964776
2014-11-11,3215.2345582552252
2014-11-12,3198.0456743852496
2014-11-13,3193.8525718996993
2014-11-14,3180.1546503899453
2014-11-17,3183.6908328089366
2014-11-18,3195.2832817592293
2014-11-19,3191.9909341546313
2014-11-20,3200.1912504801912
2014-11-21,3228.6083726405686
2014-11-24,3237.5484648117304
2014-11-25,3247.0731554028303
2014-11-26,3241.8036365874736
2014-11-27,3261.695214031172
2014-11-28,3265.0259824619898
2014-12-01,3266.8295402995036
2014-12-02,3281.2638024298626
2014-12-03,3301.0729369913315
2014-12-04,3283.1263551150087
2014-12-05,3315.0461617464503
2014-12-08,3311.982583594116
2014-12-09,3270.866317805325
2014-12-10,3277.5648276548873
2014-12-11,3269.002671198973
2014-12-12,3222.5448787020905
2014-12-15,3191.9682366886987
2014-12-16,3207.7933659155547
2014-12-17,3217.530669971908
2014-12-18,3275.333434721695
2014-12-19,3297.9880799908924
2014-12-22,3318.895367714669
2014-12-23,3333.363366985288
2014-12-24,3338.084505941921
2014-12-25,3338.084505941921
2014-12-26,3340.6705136326887
2014-12-29,3336.7526927672616
2014-12-30,3335.5745256265363
2014-12-31,3354.219172776099
2015-01-01,3354.2191727761
2015-01-02,3347.4901467081413
2015-01-05,3333.7923527733656
2015-01-06,3315.8669988837078
2015-01-07,3325.237235359447
2015-01-08,3359.005784808388
2015-01-09,3360.9995983792946
2015-01-12,3370.147896644579
2015-01-13,3397.7267383983794
2015-01-14,3376.3119745751137
2015-01-15,3446.6179511986916
2015-01-16,3480.4169493763193
2015-01-19,3479.054962461421
2015-01-20,3501.406945777578
2015-01-21,3497.022007173569
2015-01-22,3523.9174349206055
2015-01-23,3572.3563792724212
2015-01-26,3579.111600419434
2015-01-27,3556.0535901697017
2015-01-28,3577.546472549584
2015-01-29,3562.785504354096
2015-01-30,3564.458039695944
2015-02-02,3557.135095929871
2015-02-03,3566.277273348938
2015-02-04,3590.079508950708
2015-02-05,3618.0783936464404
2015-02-06,3619.253140006203
2015-02-09,3605.1688314282296
2015-02-10,3628.3898308873772
2015-02-11,3632.140326888338
2015-02-12,3653.550611976949
2015-02-13,3659.2418617625026
2015-02-16,3657.541812044565
2015-02-17,3649.7758740743984
2015-02-18,3682.1005526513386
2015-02-19,3690.1776902793663
2015-02-20,3689.2717052907983
2015-02-23,3713.0711535242663
2015-02-24,3735.127952893379
2015-02-25,3743.5563093731407
2015-02-26,3774.5903227454596
2015-02-27,3803.593040710978
2015-03-02,3790.299544877651
2015-03-03,3765.672641087565
2015-03-04,3780.5187985738285
2015-03-05,3809.616527005927
2015-03-06,3809.7973278870204
2015-03-09,3796.277622668582
2015-03-10,3782.5529231865617
2015-03-11,3814.2421389334336
2015-03-12,3822.0059456001077
2015-03-13,3848.5652758793694
2015-03-16,3862.7207896387
2015-03-17,3838.313460949217
2015-03-18,3840.389041838664
2015-03-19,3864.2485238044696
2015-03-20,3885.1400350819367
2015-03-23,3869.1322884397155
2015-03-24,3886.5502401317453
2015-03-25,3862.7184023084983
2015-03-26,3826.3003665399983
2015-03-27,3833.335822063581
2015-03-30,3864.3826878063705
2015-03-31,3863.351215683067
2015-04-01,3868.324734093829
2015-04-02,3866.4973022178315
2015-04-03,3866.4973022178315
2015-04-06,3857.829779340335
2015-04-07,3910.508735758925
2015-04-08,3934.204090587995
2015-04-09,3961.255158962312
2015-04-10,3991.376606169531
2015-04-13,4004.3948699735097
2015-04-14,4004.068648098677
2015-04-15,4018.627220650557
2015-04-16,3994.258050161439
2015-04-17,3947.9389620658117
2015-04-20,3965.8484418480853
2015-04-21,3989.1017306333606
2015-04-22,3980.5680435022514
2015-04-23,3970.1833681013213
2015-04-24,3984.568064131785
2015-04-27,4003.571620784583
2015-04-28,3965.2585255230197
2015-04-29,3914.298470657026
2015-04-30,3894.608632019839
2015-05-01,3875.6761055894767
2015-05-04,3898.5580326153704
2015-05-05,3872.055266303099
2015-05-06,3835.450173035267
2015-05-07,3855.2649854834326
2015-05-08,3945.1482243848677
2015-05-11,3972.9102832842705
2015-05-12,3933.4071183252604
2015-05-13,3952.2257605352943
2015-05-14,3965.4712949336677
2015-05-15,3980.97471295522
2015-05-18,3992.61985194626
2015-05-19,4049.9447833179543
2015-05-20,4052.7113148203043
2015-05-21,4059.3891303921664
2015-05-22,4060.317379550896
2015-05-25,4057.051738165298
2015-05-26,4042.9351919669634
2015-05-27,4062.045263018482
2015-05-28,4058.2083436592657
2015-05-29,4034.144465975353
2015-06-01,4054.366550284218
2015-06-02,4020.1931478004467
2015-06-03,4001.0641039439233
2015-06-04,3993.8289169070395
2015-06-05,3966.932118904324
2015-06-08,3945.203373315715
2015-06-09,3940.7010981514927
2015-06-10,3985.238530288055
2015-06-11,4002.578404228612
2015-06-12,3980.9640143825995
2015-06-15,3927.498751877071
2015-06-16,3944.502995598881
2015-06-17,3934.1608444207172
2015-06-18,3925.645881722141
2015-06-19,3939.5120437383234
2015-06-22,3962.1896026137697
2015-06-23,4003.612269170699
2015-06-24,3996.8029796190826
2015-06-25,3992.077039687854
2015-06-26,4001.4789248210104
2015-06-29,3949.018543453089
2015-06-30,3938.280384117734
2015-07-01,3976.084266626977
2015-07-02,3963.201340171047
2015-07-03,3954.1647795722492
2015-07-06,3926.1061534279297
2015-07-07,3906.688065281391
2015-07-08,3870.173472888093
2015-07-09,3923.846377710839
2015-07-10,3963.736774421459
2015-07-13,4040.7891765192885
2015-07-14,4048.9792352999903
2015-07-15,4073.6564965905322
2015-07-16,4113.5580395162315
2015-07-17,4128.044600486085
2015-07-20,4135.4043265995515
2015-07-21,4107.6931361574125
2015-07-22,4101.730584531667
2015-07-23,4076.148645111842
2015-07-24,4070.6019396315714
2015-07-27,4002.0373381356126
2015-07-28,4039.550768072335
2015-07-29,4068.3390287013626
2015-07-30,4088.745466771211
2015-07-31,4089.189263175504
2015-08-03,4124.138203389036
2015-08-04,4129.119270500679
2015-08-05,4169.061976514192
2015-08-06,4142.252679497922
2015-08-07,4103.138656476622
2015-08-10,4119.3739778657
2015-08-11,4093.7355462368837
2015-08-12,4031.54617562523
2015-08-13,4068.3722638261324
2015-08-14,4084.1984063299137
2015-08-17,4091.317738060566
2015-08-18,4115.7953099847255
2015-08-19,4079.5282889884243
2015-08-20,4008.044302544194
2015-08-21,3913.812331264282
2015-08-24,3741.1522198881325
2015-08-25,3857.88765484729
2015-08-26,3826.905064590968
2015-08-27,3902.1042408591634
2015-08-28,3916.2410130180897
2015-08-31,3936.066467520083
2015-09-01,3865.0918438545
2015-09-02,3875.895424925986
2015-09-03,3934.1520855087065
2015-09-04,3885.9302036101494
2015-09-07,3891.163588537558
2015-09-08,3923.386349032218
2015-09-09,3947.3885458124337
2015-09-10,3931.2314566496907
2015-09-11,3904.684050540823
2015-09-14,3889.4861219127224
2015-09-15,3891.4019625537267
2015-09-16,3925.210364392594
2015-09-17,3930.235854320594
2015-09-18,3923.618217046971
2015-09-21,3953.986775734184
2015-09-22,3891.860389317208
2015-09-23,3891.4582173368613
2015-09-24,3837.7000777005496
2015-09-25,3901.685649635003
2015-09-28,3866.265519328015
2015-09-29,3841.737527359176
2015-09-30,3899.2670057188216
2015-10-01,3886.7982834191166
2015-10-02,3890.9656056342697
2015-10-05,3963.4271565513177
2015-10-06,3960.952825044512
2015-10-07,3945.01615610173
2015-10-08,3943.0137045516253
2015-10-09,3930.0748790744774
2015-10-12,3929.573821340242
2015-10-13,3906.7808881303295
2015-10-14,3901.820433732334
2015-10-15,3938.222454188406
2015-10-16,3941.8586665568596
2015-10-19,3980.472271023639
2015-10-20,3988.0714536734145
2015-10-21,4004.0674832895475
2015-10-22,4038.785758536642
2015-10-23,4095.0547137049925
2015-10-26,4089.6666670006985
2015-10-27,4068.8900941276634
2015-10-28,4089.2336970094884
2015-10-29,4104.443855789356
2015-10-30,4108.020740235554
2015-11-02,4122.300654256817
2015-11-03,4128.62094418861
2015-11-04,4145.777238351151
2015-11-05,4136.214554938317
2015-11-06,4151.087767079979
2015-11-09,4128.9954173982715
2015-11-10,4130.383799892349
2015-11-11,4156.964288115989
2015-11-12,4123.365039210077
2015-11-13,4112.199300308309
2015-11-16,4135.848098525195
2015-11-17,4196.071413790008
2015-11-18,4194.302274084414
2015-11-19,4200.46335865696
2015-11-20,4213.852516978193
2015-11-23,4196.371755343959
2015-11-24,4142.7451424627325
2015-11-25,4175.735052465503
2015-11-26,4196.467711732395
2015-11-27,4208.077881791088
2015-11-30,4237.676190881763
2015-12-01,4250.266786142123
2015-12-02,4255.023400519222
2015-12-03,4194.425843257523
2015-12-04,4192.15378603922
2015-12-07,4207.123655841419
2015-12-08,4159.969895388111
2015-12-09,4150.092481039844
2015-12-10,4135.883755588073
2015-12-11,4094.6064184473885
2015-12-14,4061.5709450591294
2015-12-15,4117.954562427043
2015-12-16,4134.539767447654
2015-12-17,4173.483688323144
2015-12-18,4163.689709957165
2015-12-21,4128.153436416234
2015-12-22,4122.2793371784755
2015-12-23,4184.197093474903
2015-12-24,4178.669864594568
2015-12-25,4178.669864594568
2015-12-28,4180.134771653255
2015-12-29,4226.398838371182
2015-12-30,4231.435530386467
2015-12-31,4211.814000716903
2016-01-01,4211.814000716903
2016-01-04,4163.591769248634
2016-01-05,4179.672813336483
2016-01-06,4141.6885346406025
2016-01-07,4074.1400517780276
2016-01-08,4050.7434496668698
2016-01-11,4030.8534662695683
2016-01-12,4030.956247564858
2016-01-13,4034.467571985611
2016-01-14,3957.192181070025
2016-01-15,3876.152224813825
2016-01-18,3835.260987829342
2016-01-19,3856.8220562138863
2016-01-20,3774.555012129078
2016-01-21,3804.6312213340393
2016-01-22,3901.1839171032784
2016-01-25,3916.9330890736696
2016-01-26,3930.1123423687427
2016-01-27,3928.7030495571476
2016-01-28,3913.644953628817
2016-01-29,3968.9903932958814
2016-02-01,3997.052468017334
2016-02-02,3962.003225536404
2016-02-03,3926.2685472493977
2016-02-04,3902.734729337796
2016-02-05,3868.18145592233
2016-02-08,3742.705182814889
2016-02-09,3684.989353242706
2016-02-10,3756.3194992174053
2016-02-11,3669.3756916750895
2016-02-12,3724.7344761006684
2016-02-15,3806.4966921194195
2016-02-16,3779.845405555671
2016-02-17,3845.4532501291164
2016-02-18,3889.2887606634763
2016-02-19,3875.356398494797
2016-02-22,3904.931057685076
2016-02-23,3894.1183535163755
2016-02-24,3858.4193378183536
2016-02-25,3902.4183891820826
2016-02-26,3930.911280328787
2016-02-29,3952.262255186839
2016-03-01,3992.3267549547686
2016-03-02,4002.6049541414027
2016-03-03,3990.1068703560086
2016-03-04,4019.71444880257
2016-03-07,4004.2830938633815
2016-03-08,3967.1009292804065
2016-03-09,3970.6363483773857
2016-03-10,3938.1691175823785
2016-03-11,4005.627861259079
2016-03-14,4041.3446239984755
2016-03-15,4013.386733647257
2016-03-16,4026.8559475643756
2016-03-17,4041.8429498384908
2016-03-18,4069.9774951440404
2016-03-21,4050.790832102959
2016-03-22,4035.206124521996
2016-03-23,4034.0705172904077
2016-03-24,4014.0834290617577
2016-03-25,4014.0834290617577
2016-03-28,4018.4741707323205
2016-03-29,4028.5527615347855
2016-03-30,4060.6379760544746
2016-03-31,4043.292892133455
2016-04-01,4021.9786748131087
2016-04-04,4030.2564898902356
2016-04-05,3998.2745345153758
2016-04-06,4023.2028474022986
2016-04-07,4017.76401446363
2016-04-08,4039.6064857573606
2016-04-11,4047.171309823944
2016-04-12,4049.1581188090186
2016-04-13,4082.030140629372
2016-04-14,4071.816702061768
2016-04-15,4054.66395896987
2016-04-18,4060.077638328214
2016-04-19,4086.1610659909356
2016-04-20,4083.687810181035
2016-04-21,4063.146930836462
2016-04-22,4065.458754478667
2016-04-25,4083.0127007275487
2016-04-26,4090.810224116569
2016-04-27,4113.182428375582
2016-04-28,4117.014671078552
2016-04-29,4082.3497348286505
2016-05-02,4085.254135390172
2016-05-03,4055.4284981593382
2016-05-04,4039.166455240781
2016-05-05,4058.43507979865
2016-05-06,4047.5893347461338
2016-05-09,4060.871912159131
2016-05-10,4068.7660664247765
2016-05-11,4062.331885243919
2016-05-12,4068.91663540565
2016-05-13,4075.5768749330655
2016-05-16,4078.186441204847
2016-05-17,4099.72412907576
2016-05-18,4122.034539033671
2016-05-19,4105.024728823995
2016-05-20,4140.454083703554
2016-05-23,4163.929141176419
2016-05-24,4202.1108120493745
2016-05-25,4231.28004609181
2016-05-26,4227.31301181247
2016-05-27,4234.529586245594
2016-05-30,4238.7295745949
2016-05-31,4242.48782718182
2016-06-01,4211.210034666313
2016-06-02,4221.119072552443
2016-06-03,4209.478064761688
2016-06-06,4201.932537590866
2016-06-07,4227.05458447985
2016-06-08,4207.945649924701
2016-06-09,4203.418763449507
2016-06-10,4136.207026865613
2016-06-13,4064.896386246832
2016-06-14,4007.25165039884
2016-06-15,4016.036904938489
2016-06-16,3957.8719211358825
2016-06-17,4014.0538159039424
2016-06-20,4129.764298163713
2016-06-21,4145.383626477882
2016-06-22,4143.235937531976
2016-06-23,4191.280008853795
2016-06-24,3949.8341846652156
2016-06-27,3771.380560631369
2016-06-28,3859.9278543582923
2016-06-29,3962.9637520520146
2016-06-30,4003.4191171967254
2016-07-01,4026.4293747419174
2016-07-04,4008.6544363522003
2016-07-05,3927.9195572077642
2016-07-06,3898.6246712559364
2016-07-07,3934.844129788183
2016-07-08,3987.265348930441
2016-07-11,4067.9375308096332
2016-07-12,4084.2056292947004
2016-07-13,4092.4752397071284
2016-07-14,4102.95092548471
2016-07-15,4081.3496319672345
2016-07-18,4105.175712543067
2016-07-19,4108.713951654477
2016-07-20,4150.846362320147
2016-07-21,4140.312202033957
2016-07-22,4136.990785609448
2016-07-25,4165.8156985181895
2016-07-26,4170.14552182524
2016-07-27,4192.893840006468
2016-07-28,4187.741981018214
2016-07-29,4190.685532404093
2016-08-01,4179.197745492563
2016-08-02,4173.23288075819
2016-08-03,4165.681158377423
2016-08-04,4180.893232321374
2016-08-05,4208.372342444704
2016-08-08,4197.929857531054
2016-08-09,4211.875785189223
2016-08-10,4203.358817529717
2016-08-11,4225.212587790829
2016-08-12,4234.5742014255675
2016-08-15,4231.824287015364
2016-08-16,4201.921448304432
2016-08-17,4181.380581573779
2016-08-18,4217.316452968071
2016-08-19,4204.382866511603
2016-08-22,4213.153669600274
2016-08-23,4233.383280413483
2016-08-24,4249.021505150123
2016-08-25,4224.60164467765
2016-08-26,4233.662087192227
2016-08-29,4235.091583882067
2016-08-30,4230.312762075263
2016-08-31,4221.38459904281
2016-09-01,4248.196931839445
2016-09-02,4291.357144421425
2016-09-05,4304.72687895827
2016-09-06,4311.986830571527
2016-09-07,4317.666590963268
2016-09-08,4318.9474374408055
2016-09-09,4265.481324782532
2016-09-12,4241.364180902598
2016-09-13,4217.263079185263
2016-09-14,4218.577335456132
2016-09-15,4235.277387671824
2016-09-16,4235.452514626636
2016-09-19,4249.9518824103225
2016-09-20,4248.79981054986
2016-09-21,4253.062436905543
2016-09-22,4285.692372566116
2016-09-23,4261.740208080716
2016-09-26,4235.378816871925
2016-09-27,4233.720672804015
2016-09-28,4255.080138686286
2016-09-29,4256.3176960573865
2016-09-30,4255.7020341362595
2016-10-03,4265.2712090752575
2016-10-04,4267.163862773902
2016-10-05,4233.491635145582
2016-10-06,4201.614539434488
2016-10-07,4144.780665746378
2016-10-10,4147.253538049122
2016-10-11,4143.058314920124
2016-10-12,4127.377874753066
2016-10-13,4128.674288531761
2016-10-14,4146.778715402594
2016-10-17,4119.185071657177
2016-10-18,4172.7194399092405
2016-10-19,4189.564537533523
2016-10-20,4191.818455501155
2016-10-21,4197.498437320592
2016-10-24,4187.5080779798145
2016-10-25,4172.085617941811
2016-10-26,4157.042181290969
2016-10-27,4128.719870739237
2016-10-28,4120.279143245916
2016-10-31,4113.04620970364
2016-11-01,4084.9913226976482
2016-11-02,4061.541012275281
2016-11-03,4088.349636300505
2016-11-04,4049.021456469351
2016-11-07,4065.1842626233997
2016-11-08,4067.935439058814
2016-11-09,4094.0837232384383
2016-11-10,4046.104131414458
2016-11-11,4034.8198288872018
2016-11-14,4028.5929098765705
2016-11-15,4039.375472604479
2016-11-16,4054.2030801937276
2016-11-17,4077.5073407577106
2016-11-18,4084.0598723606154
2016-11-21,4082.4460161069196
2016-11-22,4090.44682225891
2016-11-23,4085.6294237292486
2016-11-24,4093.79611996425
2016-11-25,4101.0476096956145
2016-11-28,4094.1174052214797
2016-11-29,4102.852624222232
2016-11-30,4102.919103533504
2016-12-01,4079.342154117897
2016-12-02,4058.238039879384
2016-12-05,4064.9604032356538
2016-12-06,4075.613142554502
2016-12-07,4084.8123418982636
2016-12-08,4104.5008348322
2016-12-09,4150.710803392453
2016-12-12,4135.19224299268
2016-12-13,4159.599865664496
2016-12-14,4146.645981480334
2016-12-15,4155.374244576691
2016-12-16,4171.247419021287
2016-12-19,4184.506893123296
2016-12-20,4189.474916661354
2016-12-21,4195.740808964972
2016-12-22,4197.507426896084
2016-12-23,4207.562481113441
2016-12-26,4207.562481113442
2016-12-27,4220.372362869853
2016-12-28,4241.022064579614
2016-12-29,4243.133253641145
2016-12-30,4258.320661333189
2017-01-02,4276.8744602170145
2017-01-03,4287.5906421300615
2017-01-04,4284.547754021432
2017-01-05,4295.4409302086815
2017-01-06,4296.134203556935
2017-01-09,4269.956789184034
2017-01-10,4263.808820303763
2017-01-11,4266.633125808901
2017-01-12,4255.707291819882
2017-01-13,4272.107891502409
2017-01-16,4257.137772307413
2017-01-17,4263.668282133925
2017-01-18,4270.107296265128
2017-01-19,4264.621510267257
2017-01-20,4253.271422467129
2017-01-23,4253.895984944372
2017-01-24,4257.349736092995
2017-01-25,4278.209903423622
2017-01-26,4291.433194345418
2017-01-27,4296.163776717825
2017-01-30,4276.759685636793
2017-01-31,4270.155223805036
2017-02-01,4311.449128131511
2017-02-02,4303.240276358898
2017-02-03,4322.584084152138
2017-02-06,4307.043211673053
2017-02-07,4335.80337682264
2017-02-08,4362.685781723199
2017-02-09,4371.595766300857
2017-02-10,4378.705474933805
2017-02-13,4390.042355034676
2017-02-14,4404.94952530695
2017-02-15,4417.3072053793685
2017-02-16,4407.698797433591
2017-02-17,4413.517087150894
2017-02-20,4433.621771090565
2017-02-21,4449.623755242106
2017-02-22,4449.2999560529015
2017-02-23,4443.33775568728
2017-02-24,4420.753886850675
2017-02-27,4416.062463119755
2017-02-28,4430.191209747016
2017-03-01,4460.672355297561
2017-03-02,4462.500247347951
2017-03-03,4438.900079005723
2017-03-06,4432.750681153392
2017-03-07,4431.331312010971
2017-03-08,4435.406304504441
2017-03-09,4442.326317293439
2017-03-10,4448.251005108129
2017-03-13,4463.308753982486
2017-03-14,4451.5623017968055
2017-03-15,4457.357272880847
2017-03-16,4485.806365177894
2017-03-17,4502.143978512425
2017-03-20,4510.167631789524
2017-03-21,4489.897853769258
2017-03-22,4465.610215184806
2017-03-23,4508.705955590546
2017-03-24,4502.149520370088
2017-03-27,4484.473053851122
2017-03-28,4498.320659691055
2017-03-29,4498.06594783247
2017-03-30,4515.196846910904
2017-03-31,4541.611229520054
2017-04-03,4544.499755636017
2017-04-04,4552.551278433004
2017-04-05,4568.8453364409825
2017-04-06,4578.49192685791
2017-04-07,4587.558664142032
2017-04-10,4601.134170741594
2017-04-11,4611.380981403009
2017-04-12,4647.433829121588
2017-04-13,4657.617581940728
2017-04-14,4657.617581940728
2017-04-17,4660.767951329261
2017-04-18,4647.8906813533695
2017-04-19,4664.811643024706
2017-04-20,4655.410735321447
2017-04-21,4652.6273280449
2017-04-24,4679.00060395652
2017-04-25,4683.155069815178
2017-04-26,4713.850886618932
2017-04-27,4734.169737114325
2017-04-28,4741.324582413781
2017-05-01,4735.275606823499
2017-05-02,4789.9256465670505
2017-05-03,4771.279612852322
2017-05-04,4782.845964074724
2017-05-05,4795.849631286399
2017-05-08,4805.623670252223
2017-05-09,4840.98598935651
2017-05-10,4847.818692453353
2017-05-11,4831.733480993074
2017-05-12,4841.974723539294
2017-05-15,4839.608278862035
2017-05-16,4834.521529384173
2017-05-17,4787.831143932354
2017-05-18,4756.058402706097
2017-05-19,4790.298982327656
2017-05-22,4802.86442545251
2017-05-23,4812.805796301682
2017-05-24,4820.118917354724
2017-05-25,4828.104255212906
2017-05-26,4831.341082511151
2017-05-29,4828.0092676114955
2017-05-30,4843.546800453805
2017-05-31,4861.027373350005
2017-06-01,4889.604724154807
2017-06-02,4901.205214141007
2017-06-05,4892.389080824601
2017-06-06,4868.42319120059
2017-06-07,4870.747380335657
2017-06-08,4870.400925239225
2017-06-09,4856.559093389394
2017-06-12,4797.96846119868
2017-06-13,4835.763605630315
2017-06-14,4864.992056726045
2017-06-15,4825.767696022657
2017-06-16,4874.322059260336
2017-06-19,4886.752762712773
2017-06-20,4867.171337737488
2017-06-21,4851.174693105601
2017-06-22,4845.4206592308055
2017-06-23,4843.048831972161
2017-06-26,4839.8766508761655
2017-06-27,4786.1332392050535
2017-06-28,4772.620189760402
2017-06-29,4729.748085979192
2017-06-30,4749.446829243034
2017-07-03,4743.573292384369
2017-07-04,4728.232644516145
2017-07-05,4745.2103982268745
2017-07-06,4700.235238279727
2017-07-07,4708.638282275123
2017-07-10,4723.140258398299
2017-07-11,4690.346512330191
2017-07-12,4731.72607452674
2017-07-13,4752.991842446325
2017-07-14,4764.654367027088
2017-07-17,4782.4260479742825
2017-07-18,4764.181315351694
2017-07-19,4790.82819571306
2017-07-20,4763.7056760629375
2017-07-21,4730.72711388681
2017-07-24,4714.193549182201
2017-07-25,4726.151297342964
2017-07-26,4743.059591004891
2017-07-27,4762.607977235867
2017-07-28,4724.802854017085
2017-07-31,4735.7789645115445
2017-08-01,4757.242063460927
2017-08-02,4757.780593276882
2017-08-03,4749.099237770492
2017-08-04,4774.871398590302
2017-08-07,4763.473708155869
2017-08-08,4767.532841144847
2017-08-09,4755.777653511379
2017-08-10,4724.161640432737
2017-08-11,4673.757843423628
2017-08-14,4721.885869151446
2017-08-15,4718.035106354026
2017-08-16,4736.954189827098
2017-08-17,4740.700906911917
2017-08-18,4717.631276254109
2017-08-21,4708.86624644151
2017-08-22,4732.409868152959
2017-08-23,4713.8073450638285
2017-08-24,4716.032746032763
2017-08-25,4716.285069800244
2017-08-28,4692.496578955008
2017-08-29,4656.348199069105
2017-08-30,4691.888094011676
2017-08-31,4727.271620111125
2017-09-01,4758.236910581622
2017-09-04,4735.276631504733
2017-09-05,4743.912277611158
2017-09-06,4733.721541355798
2017-09-07,4750.249480078024
2017-09-08,4757.891486419671
2017-09-11,4788.764959827489
2017-09-12,4798.685163989639
2017-09-13,4793.376475637126
2017-09-14,4803.322259652056
2017-09-15,4803.930989939366
2017-09-18,4808.192770683617
2017-09-19,4804.589948250144
2017-09-20,4803.660725486302
2017-09-21,4801.5312402156005
2017-09-22,4806.390610289595
2017-09-25,4829.001091098971
2017-09-26,4823.823316556138
2017-09-27,4818.007522421071
2017-09-28,4838.5864056804385
2017-09-29,4869.792517582702
2017-10-02,4882.670926671967
2017-10-03,4892.363106421353
2017-10-04,4889.266085356073
2017-10-05,4893.310725741381
2017-10-06,4870.946577577668
2017-10-09,4877.9602177472925
2017-10-10,4882.4345505412675
2017-10-11,4881.4434506903735
2017-10-12,4891.986865500456
2017-10-13,4912.535240148643
2017-10-16,4912.4215197542735
2017-10-17,4890.3152041656695
2017-10-18,4902.152928176626
2017-10-19,4868.0864849270565
2017-10-20,4875.798718074223
2017-10-23,4876.809423184819
2017-10-24,4853.8227681286335
2017-10-25,4838.5390435644595
2017-10-26,4873.970147986486
2017-10-27,4898.133869800583
2017-10-30,4910.2952459377575
2017-10-31,4932.198603706534
2017-11-01,4944.015320990964
2017-11-02,4890.851064456196
2017-11-03,4916.592794491129
2017-11-06,4935.133481783154
2017-11-07,4921.588434777305
2017-11-08,4921.936089087613
2017-11-09,4860.94598944147
2017-11-10,4852.2199131067755
2017-11-13,4802.599195508147
2017-11-14,4802.557588411637
2017-11-15,4771.455613116038
2017-11-16,4822.496964051559
2017-11-17,4801.619489591402
2017-11-20,4835.8145695558
2017-11-21,4861.09137755695
2017-11-22,4863.552871716633
2017-11-23,4854.081929851036
2017-11-24,4840.854834250004
2017-11-27,4823.857718414321
2017-11-28,4838.345494409406
2017-11-29,4854.285529693778
2017-11-30,4870.655717220451
2017-12-01,4855.807481166723
2017-12-04,4873.9498245440345
2017-12-05,4871.453737179341
2017-12-06,4854.865001206982
2017-12-07,4870.629281081277
2017-12-08,4891.977956273348
2017-12-11,4888.522612727443
2017-12-12,4900.818523695382
2017-12-13,4895.315412015548
2017-12-14,4894.575784290593
2017-12-15,4891.60850832702
2017-12-18,4950.23707879075
2017-12-19,4937.051372563403
2017-12-20,4918.323191209262
2017-12-21,4924.625310102014
2017-12-22,4932.328286547005
2017-12-25,4932.328286547005
2017-12-26,4926.315971387378
2017-12-27,4962.465900252063
2017-12-28,4969.4607121672825
2017-12-29,4981.484300643778
2018-01-01,4981.484300643778
2018-01-02,4980.74892786635
2018-01-03,4994.566515525241
2018-01-04,5009.97730389077
2018-01-05,5042.626398109044
2018-01-08,5053.912280657135
2018-01-09,5068.761646035422
2018-01-10,5035.857564706283
2018-01-11,5015.365211070529
2018-01-12,5018.064981495455
2018-01-15,5010.804994184025
2018-01-16,5024.601763333653
2018-01-17,5020.701460943588
2018-01-18,5020.361580149011
2018-01-19,5038.982170796557
2018-01-22,5039.630523182754
2018-01-23,5052.7850840046185
2018-01-24,5047.01983734499
2018-01-25,5026.029490386102
2018-01-26,5040.098679399678
2018-01-29,5018.093224233701
2018-01-30,4976.842117556131
2018-01-31,4990.987136433731
2018-02-01,4985.803925575771
2018-02-02,4927.902159165898
2018-02-05,4835.848075877514
2018-02-06,4731.242408121248
2018-02-07,4830.585936887476
2018-02-08,4776.7080457082975
2018-02-09,4733.774922810637
2018-02-12,4775.06481801079
2018-02-13,4764.2618222456085
2018-02-14,4797.293703072433
2018-02-15,4822.917458444165
2018-02-16,4877.653069653866
2018-02-19,4858.229945250479
2018-02-20,4871.184040747086
2018-02-21,4871.759405232049
2018-02-22,4855.054776596329
2018-02-23,4878.026924567123
2018-02-26,4897.89085551587
2018-02-27,4885.115176565773
2018-02-28,4851.373488464857
2018-03-01,4797.627545263974
2018-03-02,4740.611868588107
2018-03-05,4773.0076237796975
2018-03-06,4792.941875357179
2018-03-07,4809.673658381172
2018-03-08,4853.728018723942
2018-03-09,4879.229136255905
2018-03-12,4898.646709859454
2018-03-13,4870.617245441816
2018-03-14,4841.675349989383
2018-03-15,4853.021874039365
2018-03-16,4826.6952616234175
2018-03-19,4807.305549424552
2018-03-20,4817.757176693412
2018-03-21,4812.493876124305
2018-03-22,4761.710551575102
2018-03-23,4746.184156169974
2018-03-26,4717.382613892552
2018-03-27,4757.889909275602
2018-03-28,4758.684766079484
2018-03-29,4780.132620397868
2018-03-30,4780.132620397868
2018-04-02,4781.831765353853
2018-04-03,4768.572533230782
2018-04-04,4747.9916230136805
2018-04-05,4807.95297220825
2018-04-06,4815.271756237088
2018-04-09,4817.678472605174
2018-04-10,4838.649939288373
2018-04-11,4827.790239209906
2018-04-12,4859.457703195451
2018-04-13,4873.801783299252
2018-04-16,4873.381066880354
2018-04-17,4893.075686656564
2018-04-18,4907.239583403123
2018-04-19,4917.22457196369
2018-04-20,4914.030216873106
2018-04-23,4933.0281761837905
2018-04-24,4923.18205335204
2018-04-25,4900.4325898182615
2018-04-26,4945.9988176903935
2018-04-27,4956.166996165483
2018-04-30,4961.582817063773
2018-05-01,4958.685517851527
2018-05-02,4991.046282111541
2018-05-03,4973.468590022504
2018-05-04,4979.001701940491
2018-05-07,5011.537503182814
2018-05-08,5032.863485994554
2018-05-09,5044.7642948656285
2018-05-10,5031.82014074393
2018-05-11,5041.779115460823
2018-05-14,5043.205824755982
2018-05-15,5024.734947870956
2018-05-16,5033.005278814791
2018-05-17,5053.606377112836
2018-05-18,5047.673613287993
2018-05-21,5060.194430508504
2018-05-22,5068.892530691084
2018-05-23,5043.4299217580965
2018-05-24,5049.363028218259
2018-05-25,5067.963895196794
2018-05-28,5066.889369902546
2018-05-29,5006.979094805983
2018-05-30,5027.28849880613
2018-05-31,5032.030493621525
2018-06-01,5054.541712891763
2018-06-04,5084.05138274432
2018-06-05,5094.989944719365
2018-06-06,5092.417968131146
2018-06-07,5069.660558412386
2018-06-08,5063.14905274694
2018-06-11,5083.054294944047
2018-06-12,5091.340505145579
2018-06-13,5092.492280557074
2018-06-14,5134.540930344503
2018-06-15,5091.681865475908
2018-06-18,5077.13037213595
2018-06-19,5043.722756712971
2018-06-20,5057.679799246532
2018-06-21,5032.558896315989
2018-06-22,5066.8421571123445
2018-06-25,5012.8621863535545
2018-06-26,5009.987672182455
2018-06-27,5015.255742886014
2018-06-28,4979.662197228727
2018-06-29,5011.98115204121
2018-07-02,4991.048348132816
2018-07-03,5010.741910558806
2018-07-04,5010.879238411138
2018-07-05,5011.558613812438
2018-07-06,5033.585861180467
2018-07-09,5039.284709058356
2018-07-10,5071.024562746559
2018-07-11,5029.294043100009
2018-07-12,5065.018920400454
2018-07-13,5059.396630999038
2018-07-16,5062.787858779908
2018-07-17,5072.01103433949
2018-07-18,5074.526973809215
2018-07-19,5053.326601062977
2018-07-20,5050.423559357875
2018-07-23,5035.221412799754
2018-07-24,5050.904521866378
2018-07-25,5051.138101826158
2018-07-26,5069.159125495647
2018-07-27,5081.738823449158
2018-07-30,5068.7603671514835
2018-07-31,5066.014788566894
2018-08-01,5067.643792206288
2018-08-02,5055.55053544252
2018-08-03,5074.498406164259
2018-08-06,5070.913001553897
2018-08-07,5070.591891693728
2018-08-08,5062.1816398616675
2018-08-09,5085.780616340647
2018-08-10,5070.603736710112
2018-08-13,5063.35631341208
2018-08-14,5064.657313958371
2018-08-15,5030.05494740089
2018-08-16,5039.483387344596
2018-08-17,5030.770541636835
2018-08-20,5039.0913815272925
2018-08-21,5061.2293882770855
2018-08-22,5056.627227316336
2018-08-23,5062.4718089533435
2018-08-24,5059.922121412448
2018-08-27,5071.235218468509
2018-08-28,5078.670921932734
2018-08-29,5091.248899749676
2018-08-30,5089.765274752101
2018-08-31,5093.672169813459
2018-09-03,5078.174952304454
2018-09-04,5055.180447501319
2018-09-05,5026.018363438148
2018-09-06,5012.5287300321315
2018-09-07,5022.227120641999
2018-09-10,5025.303424863089
2018-09-11,5026.424155875538
2018-09-12,5045.878048295839
2018-09-13,5025.253173798871
2018-09-14,5046.057739750491
2018-09-17,5062.334533567666
2018-09-18,5066.123970979305
2018-09-19,5048.040742424863
2018-09-20,5055.94846935827
2018-09-21,5040.64511318325
2018-09-24,5022.67298406498
2018-09-25,5024.517587389746
2018-09-26,5031.163708579418
2018-09-27,5022.304002412061
2018-09-28,5012.313005721708
2018-10-01,5034.696180448838
2018-10-02,5013.839801751623
2018-10-03,5021.457225158298
2018-10-04,4959.387818042891
2018-10-05,4925.090734031361
2018-10-08,4870.718330129377
2018-10-09,4866.974146348658
2018-10-10,4794.188791984025
2018-10-11,4721.297461187595
2018-10-12,4731.621113080628
2018-10-15,4715.253002351183
2018-10-16,4807.228285853696
2018-10-17,4805.4846562087605
2018-10-18,4807.7242099886835
2018-10-19,4788.096813971549
2018-10-22,4777.856568394571
2018-10-23,4676.6740043790205
2018-10-24,4689.308040436464
2018-10-25,4692.477196755026
2018-10-26,4659.02870887037
2018-10-29,4688.443323843603
2018-10-30,4690.248645505798
2018-10-31,4761.871848925364
2018-11-01,4801.426418733434
2018-11-02,4824.778807247927
2018-11-05,4794.5671000909115
2018-11-06,4799.495791473022
2018-11-07,4841.869419607427
2018-11-08,4846.513435553147
2018-11-09,4839.474165458656
2018-11-12,4775.249448165951
2018-11-13,4788.954125386348
2018-11-14,4767.536415866379
2018-11-15,4693.943041051813
2018-11-16,4684.109807373771
2018-11-19,4654.864723908998
2018-11-20,4612.705023724614
2018-11-21,4636.218401437907
2018-11-22,4634.1283395489545
2018-11-23,4644.251898177479
2018-11-26,4676.514079330359
2018-11-27,4677.757415023689
2018-11-28,4685.730524505012
2018-11-29,4684.515008381857
2018-11-30,4677.290923778663
2018-12-03,4684.731537767464
2018-12-04,4654.221436763223
2018-12-05,4644.340181745634
2018-12-06,4569.410710013817
2018-12-07,4587.782587176481
2018-12-10,4499.7865567157505
2018-12-11,4529.675381831643
2018-12-12,4593.499064861662
2018-12-13,4576.450122189585
2018-12-14,4554.943896307473
2018-12-17,4503.052303453019
2018-12-18,4480.024508643259
2018-12-19,4489.8028604387855
2018-12-20,4444.962759774888
2018-12-21,4442.7743731699
2018-12-24,4432.606677119209
2018-12-25,4432.606677119209
2018-12-26,4427.787911526481
2018-12-27,4378.258931676113
2018-12-28,4445.944956847027
2018-12-31,4474.2534364200665
2019-01-01,4474.2534364200665
2019-01-02,4484.742399307777
2019-01-03,4476.518751508224
2019-01-04,4553.425277845476
2019-01-07,4585.54891547277
2019-01-08,4627.160369175058
2019-01-09,4644.9378322448365
2019-01-10,4652.022183875689
2019-01-11,4675.486486758174
2019-01-14,4658.786071730072
2019-01-15,4660.350576067604
2019-01-16,4692.269528708922
2019-01-17,4700.6600622416
2019-01-18,4742.939072174505
2019-01-21,4744.724507148608
2019-01-22,4743.725359765261
2019-01-23,4759.375999706997
2019-01-24,4763.238067035905
2019-01-25,4776.6089887503
2019-01-28,4743.497843680534
2019-01-29,4774.606062526176
2019-01-30,4776.261201265281
2019-01-31,4776.429659223321
2019-02-01,4768.45396394764
2019-02-04,4776.697670163
2019-02-05,4798.426464951004
2019-02-06,4813.421614280556
2019-02-07,4791.181756946922
2019-02-08,4763.94786250649
2019-02-11,4786.718818508827
2019-02-12,4795.508944887389
2019-02-13,4805.840552558738
2019-02-14,4798.573364102313
2019-02-15,4824.320668814731
2019-02-18,4849.842682421614
2019-02-19,4845.641551173531
2019-02-20,4881.724194314802
2019-02-21,4891.1922943916
2019-02-22,4900.8138479404415
2019-02-25,4880.577805741241
2019-02-26,4905.5862007940295
2019-02-27,4899.837586143757
2019-02-28,4892.04145908116
2019-03-01,4917.793645695642
2019-03-04,4933.027283374264
2019-03-05,4932.8731526243055
2019-03-06,4922.274021277786
2019-03-07,4903.319474807683
2019-03-08,4878.732376059485
2019-03-11,4892.775711697738
2019-03-12,4906.424630408128
2019-03-13,4934.007752815433
2019-03-14,4968.197654551664
2019-03-15,4980.9947273675425
2019-03-18,4988.155338444412
2019-03-19,5022.826335843347
2019-03-20,4985.562899855429
2019-03-21,4973.518004444948
2019-03-22,4950.4242437585945
2019-03-25,4914.65212841269
2019-03-26,4941.824796332547
2019-03-27,4945.001028187441
2019-03-28,4948.685564214291
2019-03-29,4966.905811949389
2019-04-01,5014.009489248913
2019-04-02,5021.789605720035
2019-04-03,5067.021388364777
2019-04-04,5043.407224912341
2019-04-05,5034.299073519618
2019-04-08,5021.30820824565
2019-04-09,4996.320329522885
2019-04-10,5015.094823004061
2019-04-11,5031.18950801149
2019-04-12,5033.355274049311
2019-04-15,5054.578259517557
2019-04-16,5056.567428960368
2019-04-17,5032.716155605528
2019-04-18,5042.772049068521
2019-04-19,5042.77204906852
2019-04-22,5035.470190799257
2019-04-23,5045.134319497295
2019-04-24,5063.591802135309
2019-04-25,5057.541746783842
2019-04-26,5073.246355992975
2019-04-29,5074.351896023075
2019-04-30,5079.917757672089
2019-05-01,5079.2784484301355
2019-05-02,5064.91634993676
2019-05-03,5086.736266698786
2019-05-06,5060.714788044514
2019-05-07,5046.608376505627
2019-05-08,5030.447711181734
2019-05-09,4980.680327442145
2019-05-10,5005.514419185865
2019-05-13,4963.60202758429
2019-05-14,4997.543325404205
2019-05-15,5011.494351299058
2019-05-16,5048.340381455584
2019-05-17,5039.91431269174
2019-05-20,5013.402812662271
2019-05-21,5041.475901569964
2019-05-22,5028.949373238631
2019-05-23,4985.185409955602
2019-05-24,5002.222110557136
2019-05-27,5005.338070292571
2019-05-28,5018.398303627794
2019-05-29,4964.997123029172
2019-05-30,4980.392183831213
2019-05-31,4968.464939185323
2019-06-03,4954.272502133703
2019-06-04,4962.426657458909
2019-06-05,4993.53262285877
2019-06-06,5002.484736524991
2019-06-07,5031.074327623994
2019-06-10,5031.890871546948
2019-06-11,5048.013833796091
2019-06-12,5047.133832786707
2019-06-13,5053.6269941832625
2019-06-14,5035.701519193294
2019-06-17,5021.711688248177
2019-06-18,5059.314539096225
2019-06-19,5048.57385922438
2019-06-20,5061.79078111587
2019-06-21,5055.45585324673
2019-06-24,5051.707703711144
2019-06-25,5036.841405826788
2019-06-26,5013.914564681335
2019-06-27,5012.955440749585
2019-06-28,5049.559682120928
2019-07-01,5080.442112482889
2019-07-02,5099.977607132211
2019-07-03,5144.542876259943
2019-07-04,5158.245957770649
2019-07-05,5119.037829484911
2019-07-08,5117.936465329362
2019-07-09,5100.755072282619
2019-07-10,5093.083510902773
2019-07-11,5104.371443134046
2019-07-12,5114.4005933741755
2019-07-15,5122.900586179393
2019-07-16,5100.988476937791
2019-07-17,5092.753899929999
2019-07-18,5091.453972383128
2019-07-19,5102.721478081665
2019-07-22,5104.775584916726
2019-07-23,5114.468378186479
2019-07-24,5124.631765622422
2019-07-25,5128.936060591492
2019-07-26,5123.401289067337
2019-07-29,5119.77895816543
2019-07-30,5057.487353941867
2019-07-31,5061.511967399952
2019-08-01,5082.105866572846
2019-08-02,5038.484663557536
2019-08-05,4967.281944246383
2019-08-06,4964.418749354179
2019-08-07,4976.544349214347
2019-08-08,5013.97440987488
2019-08-09,4994.62264326122
2019-08-12,4971.0600966753855
2019-08-13,4971.337570791227
2019-08-14,4929.741120400604
2019-08-15,4923.00431488183
2019-08-16,4973.537913504402
2019-08-19,5028.04014201199
2019-08-20,5006.2746336536675
2019-08-21,5045.011834391727
2019-08-22,5042.637157996881
2019-08-23,5037.440467381703
2019-08-26,5024.986787471349
2019-08-27,5058.930355642429
2019-08-28,5046.792328607986
2019-08-29,5075.8758672333415
2019-08-30,5105.19539340182
2019-09-02,5108.474254985816
2019-09-03,5114.973044505157
2019-09-04,5151.3806292809595
2019-09-05,5161.027765279408
2019-09-06,5158.511240198968
2019-09-09,5141.834648378417
2019-09-10,5118.8772462070265
2019-09-11,5150.824270419017
2019-09-12,5149.391766457148
2019-09-13,5167.2750890967145
2019-09-16,5153.447548505898
2019-09-17,5167.917709746486
2019-09-18,5182.519136409187
2019-09-19,5191.989334718038
2019-09-20,5215.323903376431
2019-09-23,5193.751769342117
2019-09-24,5215.104345389363
2019-09-25,5182.2173293435535
2019-09-26,5207.959626646341
2019-09-27,5209.708019033455
2019-09-30,5236.294838376034
2019-10-01,5211.525749586082
2019-10-02,5130.6373393129625
2019-10-03,5116.0278577915615
2019-10-04,5152.818790779464
2019-10-07,5172.596464930811
2019-10-08,5141.536520154649
2019-10-09,5130.353702330324
2019-10-10,5137.879524206889
2019-10-11,5263.462579922279
2019-10-14,5248.872591533468
2019-10-15,5303.159896780837
2019-10-16,5294.637722534066
2019-10-17,5301.275399347514
2019-10-18,5297.728925308749
2019-10-21,5320.985829389951
2019-10-22,5313.231193842829
2019-10-23,5306.918312985546
2019-10-24,5321.606072292287
2019-10-25,5327.037959310732
2019-10-28,5336.105378419729
2019-10-29,5337.600204323395
2019-10-30,5350.225642423627
2019-10-31,5353.73863610863
2019-11-01,5363.68549939647
2019-11-04,5377.432477670644
2019-11-05,5384.6485099607635
2019-11-06,5389.120843982965
2019-11-07,5405.740171803349
2019-11-08,5413.631008732225
2019-11-11,5432.838760901296
2019-11-12,5431.649279541766
2019-11-13,5422.909172557354
2019-11-14,5435.922384688703
2019-11-15,5454.946034142667
2019-11-18,5485.133484297086
2019-11-19,5480.672032265543
2019-11-20,5470.8227763961995
2019-11-21,5445.309672234996
2019-11-22,5455.756502537246
2019-11-25,5487.422478723587
2019-11-26,5506.944966265252
2019-11-27,5533.288465092054
2019-11-28,5542.577065420818
2019-11-29,5521.393304322576
2019-12-02,5469.598946532366
2019-12-03,5469.434513633079
2019-12-04,5520.020115664125
2019-12-05,5527.7852651352605
2019-12-06,5567.937282241123
2019-12-09,5573.054720804272
2019-12-10,5563.461389841319
2019-12-11,5552.362699500368
2019-12-12,5529.1117633679305
2019-12-13,5596.338442654006
2019-12-16,5650.683811700295
2019-12-17,5615.080255245974
2019-12-18,5609.476761962497
2019-12-19,5609.303516058062
2019-12-20,5649.325165771643
2019-12-23,5647.364880973658
2019-12-24,5664.1486946195555
2019-12-25,5664.1486946195555
2019-12-26,5666.807607773462
2019-12-27,5697.060183494133
2019-12-30,5667.934794097557
2019-12-31,5672.923252392337
2020-01-01,5672.923252392339
2020-01-02,5706.308199226521
2020-01-03,5698.669201941187
2020-01-06,5669.430367534379
2020-01-07,5680.195157336864
2020-01-08,5676.807615236899
2020-01-09,5692.395356676477
2020-01-10,5686.611589091121
2020-01-13,5699.952933829328
2020-01-14,5722.078137810037
2020-01-15,5726.730774207027
2020-01-16,5744.822415991719
2020-01-17,5787.253506029415
2020-01-20,5793.685519494976
2020-01-21,5786.5504618422
2020-01-22,5811.642389088942
2020-01-23,5784.75792002326
2020-01-24,5824.915411038973
2020-01-27,5736.564661637226
2020-01-28,5762.054263710473
2020-01-29,5771.976098777642
2020-01-30,5745.768830324664
2020-01-31,5738.4656847993165
2020-02-03,5727.8111708545
2020-02-04,5782.290720268143
2020-02-05,5814.070297852837
2020-02-06,5835.999830087333
2020-02-07,5831.467664053445
2020-02-10,5841.702774926156
2020-02-11,5888.803934883584
2020-02-12,5921.388918559568
2020-02-13,5925.338652552604
2020-02-14,5958.446274931298
2020-02-17,5972.1581285935
2020-02-18,5976.3078457793135
2020-02-19,6017.810413695229
2020-02-20,5993.266027306412
2020-02-21,5985.7824476444175
2020-02-24,5803.938367328402
2020-02-25,5729.980261795824
2020-02-26,5691.425822476977
2020-02-27,5493.971288188127
2020-02-28,5328.707801173584
2020-03-02,5336.934606935213
2020-03-03,5449.506317109671
2020-03-04,5486.301871858303
2020-03-05,5430.293465457332
2020-03-06,5281.100420155919
2020-03-09,4988.401310212092
2020-03-10,4924.5888143958
2020-03-11,4851.913584279709
2020-03-12,4373.759149735158
2020-03-13,4387.71807711876
2020-03-16,4076.8739535068335
2020-03-17,4023.8059788782234
2020-03-18,3878.2505888666456
2020-03-19,3908.4123814783916
2020-03-20,4041.115200428475
2020-03-23,3890.9408935188253
2020-03-24,4163.626694433617
2020-03-25,4257.080619976521
2020-03-26,4379.014894491692
2020-03-27,4314.204967698025
2020-03-30,4368.1462139802725
2020-03-31,4470.195279536219
2020-04-01,4400.274795908199
2020-04-02,4403.503965151262
2020-04-03,4368.566091472922
2020-04-06,4469.833163721568
2020-04-07,4554.179395345682
2020-04-08,4597.456101661041
2020-04-09,4675.312057190156
2020-04-10,4675.312057190156
2020-04-13,4682.573591055516
2020-04-14,4699.001281365193
2020-04-15,4570.51593414079
2020-04-16,4597.541863710023
2020-04-17,4672.7475433277
2020-04-20,4684.544610067771
2020-04-21,4584.058788262008
2020-04-22,4633.928819091938
2020-04-23,4692.924844736273
2020-04-24,4657.702139168175
2020-04-27,4704.42327184029
2020-04-28,4767.949167933171
2020-04-29,4840.858468849209
2020-04-30,4810.177789685929
2020-05-01,4770.459132102606
2020-05-04,4675.103348568267
2020-05-05,4727.986205135347
2020-05-06,4720.827198417613
2020-05-07,4759.664086926612
2020-05-08,4798.62917296182
2020-05-11,4801.221343010877
2020-05-12,4769.285865342409
2020-05-13,4725.652677679438
2020-05-14,4625.327946979829
2020-05-15,4653.001522707883
2020-05-18,4769.102372559747
2020-05-19,4758.335630709791
2020-05-20,4785.921422232424
2020-05-21,4774.829977010905
2020-05-22,4803.628858560056
2020-05-25,4868.370820826499
2020-05-26,4907.026958614042
2020-05-27,4886.0555635188275
2020-05-28,4961.877558971885
2020-05-29,4960.903509267353
2020-06-01,4995.250560047838
2020-06-02,5036.734429518624
2020-06-03,5092.948896545157
2020-06-04,5082.486711044702
2020-06-05,5123.006558733435
2020-06-08,5105.16898751761
2020-06-09,5023.140646901707
2020-06-10,5020.20849305795
2020-06-11,4882.458610863648
2020-06-12,4901.173753107876
2020-06-15,4900.9289764025925
2020-06-16,4990.693800547107
2020-06-17,5019.1827012204885
2020-06-18,5002.286047789256
2020-06-19,5010.159382454956
2020-06-22,4999.191638014635
2020-06-23,5021.514701251971
2020-06-24,4943.063640590172
2020-06-25,4944.139225316645
2020-06-26,4947.890670436672
2020-06-29,4951.113575368629
2020-06-30,4968.683965934993
2020-07-01,4987.445872447742
2020-07-02,5038.206099088962
2020-07-03,5033.825134410195
2020-07-06,5068.493658561068
2020-07-07,5060.018687072752
2020-07-08,5027.554206455152
2020-07-09,4994.563281183228
2020-07-10,5011.401027581746
2020-07-13,5025.616010408237
2020-07-14,4980.75378566097
2020-07-15,5029.488052592305
2020-07-16,5029.9389173496465
2020-07-17,5030.577823052659
2020-07-20,5062.50515719697
2020-07-21,5077.910423620592
2020-07-22,5058.567527351426
2020-07-23,5065.3551343218305
2020-07-24,5010.3144103021805
2020-07-27,4990.144101593531
2020-07-28,5005.624101482858
2020-07-29,5017.027332631877
2020-07-30,4959.78565223187
2020-07-31,4979.696571605904
2020-08-03,5024.65863119024
2020-08-04,5034.746568518097
2020-08-05,5074.253519147641
2020-08-06,5050.6036660582795
2020-08-07,5080.209284083763
2020-08-10,5092.74568355237
2020-08-11,5133.444970606412
2020-08-12,5198.55262023242
2020-08-13,5212.302727668476
2020-08-14,5183.767999418642
2020-08-17,5186.958837957657
2020-08-18,5153.438454220445
2020-08-19,5154.223120212016
2020-08-20,5145.88796314736
2020-08-21,5155.142984159192
2020-08-24,5194.986797315366
2020-08-25,5179.100154987548
2020-08-26,5231.8999088736355
2020-08-27,5209.301673661764
2020-08-28,5208.668299194233
2020-08-31,5197.939993807669
2020-09-01,5188.573600802401
2020-09-02,5221.57566661979
2020-09-03,5172.310899060857
2020-09-04,5113.555857191111
2020-09-07,5180.419283096737
2020-09-08,5154.455183162058
2020-09-09,5198.609345474813
2020-09-10,5168.754193728775
2020-09-11,5171.101036028721
2020-09-14,5184.168963636084
2020-09-15,5201.787127154786
2020-09-16,5241.690431286364
2020-09-17,5239.490354749153
2020-09-18,5219.946122352692
2020-09-21,5107.134062245723
2020-09-22,5101.743382940359
2020-09-23,5117.273670008117
2020-09-24,5076.577951981265
2020-09-25,5093.563179965177
2020-09-28,5162.7949944418715
2020-09-29,5143.348507456233
2020-09-30,5184.969835885752
2020-10-01,5185.589927683813
2020-10-02,5172.1758547678
2020-10-05,5197.204739048849
2020-10-06,5199.296919549309
2020-10-07,5168.498115315152
2020-10-08,5200.55906187467
2020-10-09,5225.127799121221
2020-10-12,5265.510494302765
2020-10-13,5232.073274983233
2020-10-14,5240.147403437526
2020-10-15,5172.599054615409
2020-10-16,5182.764221769939
2020-10-19,5180.938933012654
2020-10-20,5158.611356792729
2020-10-21,5126.935360682017
2020-10-22,5114.892283897171
2020-10-23,5132.274490884773
2020-10-26,5037.563451341067
2020-10-27,5016.76714825194
2020-10-28,4898.560184605188
2020-10-29,4904.518528621279
2020-10-30,4927.81977914303
2020-11-02,4963.609191474855
2020-11-03,5026.164572289871
2020-11-04,5113.704794429714
2020-11-05,5150.378732293078
2020-11-06,5142.936831586044
2020-11-09,5226.565045213888
2020-11-10,5245.967269516512
2020-11-11,5300.727890255222
2020-11-12,5289.264037137729
2020-11-13,5286.74836722699
2020-11-16,5348.274509899003
2020-11-17,5333.728248440274
2020-11-18,5361.4253397201255
2020-11-19,5327.981754820497
2020-11-20,5360.384049309952
2020-11-23,5356.460114091357
2020-11-24,5339.232146749132
2020-11-25,5344.612237157725
2020-11-26,5353.366225329149
2020-11-27,5381.817405142803
2020-11-30,5347.2025387087615
2020-12-01,5367.80891142417
2020-12-02,5335.858552664583
2020-12-03,5365.748715575456
2020-12-04,5373.798310942535
2020-12-07,5348.378832437245
2020-12-08,5374.272632735436
2020-12-09,5393.865504221253
2020-12-10,5361.702132942036
2020-12-11,5342.451813018932
2020-12-14,5386.320124920419
2020-12-15,5396.050986706428
2020-12-16,5425.246186166682
2020-12-17,5466.632565344918
2020-12-18,5460.751514571859
2020-12-21,5390.074051585584
2020-12-22,5429.033504668637
2020-12-23,5487.1409019821995
2020-12-24,5501.272604700768
2020-12-25,5501.272604700768
2020-12-28,5515.8586696320035
2020-12-29,5584.777130430126
2020-12-30,5565.7488565628455
2020-12-31,5564.679972452419
2021-01-01,5564.67997245242
2021-01-04,5613.360499941185
2021-01-05,5609.18400567775
2021-01-06,5615.368062128608
2021-01-07,5630.866394614445
2021-01-08,5653.8738110786835
2021-01-11,5634.153301989604
2021-01-12,5665.686733036298
2021-01-13,5690.769763882208
2021-01-14,5704.9956609744895
2021-01-15,5655.523951293893
2021-01-18,5693.596880342497
2021-01-19,5686.674348911195
2021-01-20,5723.0582468655575
2021-01-21,5733.239967178071
2021-01-22,5700.585348078012
2021-01-25,5675.914486710993
2021-01-26,5706.735047127856
2021-01-27,5647.657762287432
2021-01-28,5655.043913832351
2021-01-29,5605.668580345638
2021-02-01,5670.18741708273
2021-02-02,5719.593466484592
2021-02-03,5766.058231146951
2021-02-04,5779.379225898059
2021-02-05,5790.94485721003
2021-02-08,5807.096723309284
2021-02-09,5812.688792094456
2021-02-10,5789.496564526055
2021-02-11,5816.81117954185
2021-02-12,5851.606773897471
2021-02-15,5893.872139890061
2021-02-16,5894.339110066886
2021-02-17,5854.220550033334
2021-02-18,5790.053773357524
2021-02-19,5801.27509502195
2021-02-22,5758.551746329689
2021-02-23,5703.458834111925
2021-02-24,5714.7033509637895
2021-02-25,5714.425842850904
2021-02-26,5639.463180511672
2021-03-01,5710.063325161733
2021-03-02,5707.336132666787
2021-03-03,5685.727867134329
2021-03-04,5655.059606391631
2021-03-05,5630.738364637329
2021-03-08,5676.723059165222
2021-03-09,5751.418570843489
2021-03-10,5786.425731283546
2021-03-11,5844.839930320809
2021-03-12,5814.453028565503
2021-03-15,5831.518139616828
2021-03-16,5896.814324225444
2021-03-17,5851.146199489655
2021-03-18,5858.749624108418
2021-03-19,5850.169881050199
2021-03-22,5875.010819452819
2021-03-23,5872.6892780082735
2021-03-24,5864.881390281717
2021-03-25,5853.868899083787
2021-03-26,5913.569822277784
2021-03-29,5926.89577117599
2021-03-30,5941.54450337546
2021-03-31,5948.845746130821
2021-04-01,5989.82009282306
2021-04-02,5989.82009282306
2021-04-05,5995.231348050193
2021-04-06,6029.801122536628
2021-04-07,6020.914072016151
2021-04-08,6063.605348966016
2021-04-09,6073.388570125922
2021-04-12,6040.063957572011
2021-04-13,6070.072876978715
2021-04-14,6071.370580499507
2021-04-15,6094.5383467540505
2021-04-16,6128.73146152823
2021-04-19,6159.986434257828
2021-04-20,6102.207519673298
2021-04-21,6102.1902370686485
2021-04-22,6147.418600879203
2021-04-23,6129.926905726758
2021-04-26,6166.697470337522
2021-04-27,6147.145269812235
2021-04-28,6154.249836340663
2021-04-29,6149.094365090644
2021-04-30,6144.617751494528
2021-05-03,6176.653072512696
2021-05-04,6114.22802792623
2021-05-05,6161.106290663981
2021-05-06,6147.37459829831
2021-05-07,6213.965112945039
2021-05-10,6238.536885591058
2021-05-11,6143.278687653027
2021-05-12,6138.103310436284
2021-05-13,6131.524007228325
2021-05-14,6173.222458921933
2021-05-17,6196.239958816359
2021-05-18,6226.031976248966
2021-05-19,6181.638900914834
2021-05-20,6233.240451292884
2021-05-21,6255.828564115208
2021-05-24,6260.752592479994
2021-05-25,6269.546825357407
2021-05-26,6284.833335734806
2021-05-27,6283.961477950164
2021-05-28,6306.168998411047
2021-05-31,6294.780519169489
2021-06-01,6328.972586107156
2021-06-02,6330.9540604509875
2021-06-03,6329.703461219529
2021-06-04,6372.656039754614
2021-06-07,6363.816028949213
2021-06-08,6364.195419043123
2021-06-09,6357.759857083362
2021-06-10,6356.2847245861685
2021-06-11,6380.24923896232
2021-06-14,6397.551285401351
2021-06-15,6378.93849438058
2021-06-16,6380.832597140542
2021-06-17,6358.094665073046
2021-06-18,6293.319059279145
2021-06-21,6317.639480972045
2021-06-22,6340.529533460477
2021-06-23,6318.113471508469
2021-06-24,6347.174989504914
2021-06-25,6371.707054236827
2021-06-28,6364.000943296577
2021-06-29,6374.546068454012
2021-06-30,6353.240520278874
2021-07-01,6387.686307159532
2021-07-02,6418.498958499299
2021-07-05,6449.893569990767
2021-07-06,6443.368385855024
2021-07-07,6494.387050018371
2021-07-08,6412.592030152981
2021-07-09,6459.75157916581
2021-07-12,6511.28784570159
2021-07-13,6531.737503100873
2021-07-14,6506.211292403553
2021-07-15,6454.64835840877
2021-07-16,6443.248396021093
2021-07-19,6332.465598939703
2021-07-20,6347.521466929035
2021-07-21,6413.790516021588
2021-07-22,6488.236186659559
2021-07-23,6546.280419022483
2021-07-26,6543.015628896519
2021-07-27,6548.184467323652
2021-07-28,6591.077726187062
2021-07-29,6602.977740711161
2021-07-30,6604.134393757959
2021-08-02,6644.794744794491
2021-08-03,6648.701790682498
2021-08-04,6674.484008181712
2021-08-05,6683.790905873952
2021-08-06,6669.9343822013125
2021-08-09,6680.196567368486
2021-08-10,6696.727407051839
2021-08-11,6721.657823974021
2021-08-12,6725.811481354158
2021-08-13,6742.00253231108
2021-08-16,6741.195557484457
2021-08-17,6734.246531224436
2021-08-18,6764.251866310985
2021-08-19,6706.029002428566
2021-08-20,6716.456951555567
2021-08-23,6761.367320174665
2021-08-24,6735.236029454331
2021-08-25,6741.143523883391
2021-08-26,6733.449586733938
2021-08-27,6761.565393759509
2021-08-30,6780.25642133809
2021-08-31,6773.819070253291
2021-09-01,6802.0690878280775
2021-09-02,6842.8333437048295
2021-09-03,6829.637310965404
2021-09-06,6842.720264274159
2021-09-07,6804.70964302181
2021-09-08,6739.311335633805
2021-09-09,6761.689053956722
2021-09-10,6734.846686505768
2021-09-13,6707.250180230737
2021-09-14,6698.857933470495
2021-09-15,6641.002090454255
2021-09-16,6671.509257812996
2021-09-17,6648.374278889675
2021-09-20,6551.873536621458
2021-09-21,6601.89748621787
2021-09-22,6645.011527152052
2021-09-23,6713.239519628431
2021-09-24,6656.999605810612
2021-09-27,6604.323710700853
2021-09-28,6451.650351037966
2021-09-29,6450.480742256633
2021-09-30,6486.965963853023
2021-10-01,6467.962907866527
2021-10-04,6433.635544932676
2021-10-05,6470.164970364371
2021-10-06,6417.067102876242
2021-10-07,6464.846477708258
2021-10-08,6453.914064769249
2021-10-11,6440.007787885024
2021-10-12,6474.230161024132
2021-10-13,6546.320952604828
2021-10-14,6603.142469744584
2021-10-15,6648.0221532849755
2021-10-18,6647.516658299296
2021-10-19,6665.0162804909005
2021-10-20,6687.238863338919
2021-10-21,6692.052886232854
2021-10-22,6710.445589797304
2021-10-25,6703.553224048499
2021-10-26,6724.951822275086
2021-10-27,6695.003891691395
2021-10-28,6690.39816343354
2021-10-29,6680.36099121891
2021-11-01,6718.943062123902
2021-11-02,6704.793168479578
2021-11-03,6746.31393824216
2021-11-04,6791.28235322625
2021-11-05,6755.262254252823
2021-11-08,6766.495492199289
2021-11-09,6769.498662321193
2021-11-10,6764.2459661393295
2021-11-11,6781.202325389267
2021-11-12,6800.4359983903305
2021-11-15,6824.951233079024
2021-11-16,6794.501091277777
2021-11-17,6796.8255134021565
2021-11-18,6769.134353744013
2021-11-19,6769.227983258321
2021-11-22,6748.036641452234
2021-11-23,6644.218926846165
2021-11-24,6639.598665787059
2021-11-25,6653.811988318882
2021-11-26,6539.16612858747
2021-11-29,6565.49876270074
2021-11-30,6532.210179015899
2021-12-01,6584.605541605248
2021-12-02,6527.755712098368
2021-12-03,6484.99800073789
2021-12-06,6542.181266124809
2021-12-07,6655.427070368026
2021-12-08,6611.285940329521
2021-12-09,6614.526922279967
2021-12-10,6594.568135321839
2021-12-13,6579.214550648537
2021-12-14,6516.577415295149
2021-12-15,6538.965178879418
2021-12-16,6595.97249558192
2021-12-17,6599.759166408181
2021-12-20,6551.807756079645
2021-12-21,6589.822722883659
2021-12-22,6654.489382255237
2021-12-23,6697.746210084044
2021-12-24,6700.520680345628
2021-12-27,6744.5170727949335
2021-12-28,6785.996504323757
2021-12-29,6822.300036483205
2021-12-30,6837.412618723153
2021-12-31,6829.957942147824
2022-01-03,6848.622943792665
2022-01-04,6850.774935672055
2022-01-05,6843.27545741565
2022-01-06,6768.134606276859
2022-01-07,6728.100538062326
2022-01-10,6617.780043081572
2022-01-11,6661.945959079693
2022-01-12,6688.296690909271
2022-01-13,6670.519685304317
2022-01-14,6593.974510973169
2022-01-17,6617.092712534128
2022-01-18,6544.567253007735
2022-01-19,6567.0418361053
2022-01-20,6608.476456934662
2022-01-21,6488.333799940135
2022-01-24,6278.523572794435
2022-01-25,6323.803435099801
2022-01-26,6396.965365430905
2022-01-27,6421.12412852923
2022-01-28,6392.849143857341
2022-01-31,6440.825557217852
2022-02-01,6504.758318372472
2022-02-02,6550.563956609426
2022-02-03,6425.697246440838
2022-02-04,6340.578170757751
2022-02-07,6337.772122299328
2022-02-08,6312.625966639768
2022-02-09,6401.3067060595595
2022-02-10,6391.369321170468
2022-02-11,6384.517358944702
2022-02-14,6276.33888855141
2022-02-15,6351.6327292676515
2022-02-16,6351.5277967650145
2022-02-17,6316.2244417792845
2022-02-18,6271.584118688596
2022-02-21,6204.102188857136
2022-02-22,6189.8838093730255
2022-02-23,6182.062779583693
2022-02-24,6040.099028221821
2022-02-25,6182.297162893108
2022-02-28,6240.269503463081
2022-03-01,6141.802183760961
2022-03-02,6174.795451288341
2022-03-03,6070.828187450461
2022-03-04,5926.813260256081
2022-03-07,5845.13593769399
2022-03-08,5841.591566998232
2022-03-09,6014.328551941447
2022-03-10,6011.5764806397965
2022-03-11,6080.251895334336
2022-03-14,6157.712498718985
2022-03-15,6092.083498461845
2022-03-16,6236.046247170439
2022-03-17,6251.863196896149
2022-03-18,6300.862039664844
2022-03-21,6320.625263938623
2022-03-22,6354.569164915587
2022-03-23,6300.791381938821
2022-03-24,6263.939451045518
2022-03-25,6294.061984148647
2022-03-28,6303.769452352421
2022-03-29,6354.010062696207
2022-03-30,6339.4583412111715
2022-03-31,6302.006000583606
2022-04-01,6331.6090001862
2022-04-04,6385.964950924055
2022-04-05,6410.402637943214
2022-04-06,6346.937764756358
2022-04-07,6367.578192227551
2022-04-08,6409.010921458848
2022-04-11,6393.3786144784235
2022-04-12,6376.168777262432
2022-04-13,6375.334211688333
2022-04-14,6416.694024901829
2022-04-15,6416.694024901829
2022-04-18,6405.723310612458
2022-04-19,6383.329060829873
2022-04-20,6413.150936737825
2022-04-21,6419.516035751464
2022-04-22,6339.578985906002
2022-04-25,6261.932072974198
2022-04-26,6212.1698935141985
2022-04-27,6221.117444407148
2022-04-28,6262.299078696288
2022-04-29,6299.067715079694
2022-05-02,6258.944060727419
2022-05-03,6247.48972413364
2022-05-04,6188.593315373633
2022-05-05,6141.288332895716
2022-05-06,6014.568872772793
2022-05-09,5844.653300246326
2022-05-10,5878.25311866807
2022-05-11,5961.155791047766
2022-05-12,5928.035837936229
2022-05-13,6024.261772575662
2022-05-16,6049.813318496908
2022-05-17,6099.043474141499
2022-05-18,6048.722061148272
2022-05-19,6003.664140481376
2022-05-20,6055.813490037323
2022-05-23,6109.2398292679645
2022-05-24,6051.982032515685
2022-05-25,6084.484953073962
2022-05-26,6116.717546781281
2022-05-27,6181.185334168517
2022-05-30,6208.443254836933
2022-05-31,6172.542967962615
2022-06-01,6141.37464033058
2022-06-02,6154.318928010019
2022-06-03,6146.2889175508
2022-06-06,6178.847641479748
2022-06-07,6165.958409479574
2022-06-08,6139.744176893288
2022-06-09,6081.465103443279
2022-06-10,5973.633604210498
2022-06-13,5835.4792362873995
2022-06-14,5741.614298001463
2022-06-15,5814.471692876495
2022-06-16,5721.187254640511
2022-06-17,5785.737279978146
2022-06-20,5810.528357952202
2022-06-21,5810.843344652124
2022-06-22,5798.651327431103
2022-06-23,5775.424226842822
2022-06-24,5871.063290870608
2022-06-27,5929.441034102226
2022-06-28,5936.594052946528
2022-06-29,5878.198661232774
2022-06-30,5815.5137090550215
2022-07-01,5809.103794555758
2022-07-04,5815.278321056094
2022-07-05,5775.8790374976115
2022-07-06,5833.5524790799445
2022-07-07,5913.456652445637
2022-07-08,5939.059780811285
2022-07-11,5907.421783656238
2022-07-12,5921.220055674507
2022-07-13,5889.04993633746
2022-07-14,5824.572106379554
2022-07-15,5880.782229765702
2022-07-18,5939.029917251882
2022-07-19,5975.722814501016
2022-07-20,5960.331679979009
2022-07-21,5991.006533699414
2022-07-22,6038.117369908761
2022-07-25,6025.873090523093
2022-07-26,6020.992074519039
2022-07-27,6020.076936075868
2022-07-28,6070.708420506635
2022-07-29,6118.150270014095
2022-08-01,6100.441470462033
2022-08-02,6076.004512255388
2022-08-03,6139.614480880946
2022-08-04,6152.83788959344
2022-08-05,6114.19349321036
2022-08-08,6146.58211176744
2022-08-09,6123.55528980306
2022-08-10,6197.76615774479
2022-08-11,6204.837949388387
2022-08-12,6203.398501380844
2022-08-15,6215.702703063955
2022-08-16,6236.94014006842
2022-08-17,6179.842765922482
2022-08-18,6203.475465384962
2022-08-19,6152.844534091133
2022-08-22,6112.713200635547
2022-08-23,6083.218573102785
2022-08-24,6092.272545600487
2022-08-25,6092.3182703401835
2022-08-26,6002.438855427948
2022-08-29,5961.056004789085
2022-08-30,5925.2508688182525
2022-08-31,5899.570243342598
2022-09-01,5798.955748681302
2022-09-02,5868.550158700608
2022-09-05,5817.633079394324
2022-09-06,5838.768045243979
2022-09-07,5815.262442624924
2022-09-08,5835.121028824899
2022-09-09,5909.280053721876
2022-09-12,5985.712508389629
2022-09-13,5909.141823352643
2022-09-14,5850.8098630890845
2022-09-15,5812.0867993671945
2022-09-16,5757.92601407653
2022-09-19,5746.236426285101
2022-09-20,5655.700045837387
2022-09-21,5681.307697245242
2022-09-22,5578.183793064318
2022-09-23,5435.087777624492
2022-09-26,5365.638610297434
2022-09-27,5324.636523113314
2022-09-28,5336.517817993433
2022-09-29,5247.972483365217
2022-09-30,5368.365510536117
2022-10-03,5416.311995076624
2022-10-04,5501.838537282375
2022-10-05,5409.028268471653
2022-10-06,5410.098961937354
2022-10-07,5350.404617219832
2022-10-10,5323.796241858892
2022-10-11,5303.043234238009
2022-10-12,5252.843030708927
2022-10-13,5294.440487063907
2022-10-14,5346.168455320399
2022-10-17,5446.325610179986
2022-10-18,5462.999536058902
2022-10-19,5398.724662993496
2022-10-20,5416.805327004449
2022-10-21,5361.173215202672
2022-10-24,5436.591685642984
2022-10-25,5551.633997351171
2022-10-26,5599.725346407854
2022-10-27,5613.875849679969
2022-10-28,5597.48574035681
2022-10-31,5624.619284683032
2022-11-01,5649.828192273429
2022-11-02,5640.007584829645
2022-11-03,5573.200655833268
2022-11-04,5622.710374804499
2022-11-07,5673.333087523839
2022-11-08,5711.611741010443
2022-11-09,5724.650933909571
2022-11-10,5845.567038309415
2022-11-11,5837.360287953297
2022-11-14,5828.959278388168
2022-11-15,5839.223131409795
2022-11-16,5766.62389608033
2022-11-17,5747.1109168077755
2022-11-18,5823.284658716403
2022-11-21,5838.9085794016
2022-11-22,5866.46021988912
2022-11-23,5880.709679093933
2022-11-24,5920.235653015803
2022-11-25,5914.1094571436415
2022-11-28,5859.172039762945
2022-11-29,5830.885914208777
2022-11-30,5821.216518279607
2022-12-01,5892.840380586774
2022-12-02,5893.9272819415055
2022-12-05,5869.205438664639
2022-12-06,5820.586567840616
2022-12-07,5785.966353615118
2022-12-08,5757.929661670625
2022-12-09,5812.670634115563
2022-12-12,5763.909232364033
2022-12-13,5809.476436228207
2022-12-14,5807.574075747492
2022-12-15,5720.460679607592
2022-12-16,5652.350528749965
2022-12-19,5660.568113411669
2022-12-20,5626.8075149837
2022-12-21,5701.5666915183165
2022-12-22,5678.101837727927
2022-12-23,5694.428163946547
2022-12-26,5694.428163946547
2022-12-27,5683.917151616378
2022-12-28,5688.252133004387
2022-12-29,5732.211378474403
2022-12-30,5679.620765008054
2023-01-02,5726.542223295999
2023-01-03,5783.401531336817
2023-01-04,5833.592528752667
2023-01-05,5816.24981514981
2023-01-06,5853.480149317178
2023-01-09,5865.3062124239505
2023-01-10,5840.057502798895
2023-01-11,5844.847853566364
2023-01-12,5872.8201096914145
2023-01-13,5885.584108241501
2023-01-16,5906.634133156082
2023-01-17,5928.253805804715
2023-01-18,5943.697001054916
2023-01-19,5882.78603007261
2023-01-20,5898.193673349048
2023-01-23,5913.180882700444
2023-01-24,5894.354198737144
2023-01-25,5877.858686978202
2023-01-26,5898.8545683955035
2023-01-27,5922.931748798895
2023-01-30,5899.097346039742
2023-01-31,5867.024884779579
2023-02-01,5873.971237206142
2023-02-02,5954.816337179961
2023-02-03,5929.5226012640605
2023-02-06,5917.507538781057
2023-02-07,5920.034715506057
2023-02-08,5952.8009079128815
2023-02-09,5977.349412786758
2023-02-10,5932.4804082663495
2023-02-13,5954.573173903188
2023-02-14,5966.2832318862975
2023-02-15,5957.685615341024
2023-02-16,5952.944530558367
2023-02-17,5945.772861615464
2023-02-20,5954.9682932297965
2023-02-21,5949.697572692098
2023-02-22,5913.172258047345
2023-02-23,5905.743822077664
2023-02-24,5888.764350002402
2023-02-27,5935.287994462873
2023-02-28,5914.229593425059
2023-03-01,5872.693209696131
2023-03-02,5894.214556396317
2023-03-03,5925.193523239958
2023-03-06,5909.052541113146
2023-03-07,5858.531052773225
2023-03-08,5863.257224962912
2023-03-09,5846.838564273064
2023-03-10,5798.527803165511
2023-03-13,5716.521016660732
2023-03-14,5780.345455785709
2023-03-15,5700.997753412805
2023-03-16,5709.652877078066
2023-03-17,5652.586253391735
2023-03-20,5700.290503875652
2023-03-21,5741.701197894985
2023-03-22,5718.988466490612
2023-03-23,5724.2389820155395
2023-03-24,5669.371098647036
2023-03-27,5693.34236315149
2023-03-28,5664.957454055458
2023-03-29,5726.36370736083
2023-03-30,5783.204767763425
2023-03-31,5795.677313759894
2023-04-03,5779.801329938801
2023-04-04,5791.018453881452
2023-04-05,5780.447981300346
2023-04-06,5830.19845425993
2023-04-07,5830.19845425993
2023-04-10,5830.872930420687
2023-04-11,5874.994679185911
2023-04-12,5876.815503890698
2023-04-13,5895.530051001651
2023-04-14,5923.315117668179
2023-04-17,5954.70064094978
2023-04-18,5946.849505588165
2023-04-19,5946.221011609511
2023-04-20,5923.354978261764
2023-04-21,5928.674412351073
2023-04-24,5937.750546152146
2023-04-25,5902.473868872625
2023-04-26,5889.726012553902
2023-04-27,5902.565157671585
2023-04-28,5942.065808832637
2023-05-01,5945.157517618476
2023-05-02,5895.448751072621
2023-05-03,5907.7040739308295
2023-05-04,5904.361142168371
2023-05-05,5958.7627839797415
2023-05-08,5985.571171311957
2023-05-09,5972.996779371008
2023-05-10,5962.128149565281
2023-05-11,5961.055217175219
2023-05-12,5965.669743306753
2023-05-15,5987.5568825138635
2023-05-16,5973.2410453575785
2023-05-17,5929.686111529861
2023-05-18,5921.9991888380155
2023-05-19,5955.104869898908
2023-05-22,5930.7719428301125
2023-05-23,5926.90920489211
2023-05-24,5848.33483164146
2023-05-25,5800.184543734848
2023-05-26,5819.542736012309
2023-05-29,5820.218071196793
2023-05-30,5795.593865588872
2023-05-31,5774.333084130022
2023-06-01,5804.632332478609
2023-06-02,5878.304391179321
2023-06-05,5862.190340879994
2023-06-06,5880.619580397772
2023-06-07,5873.80057819055
2023-06-08,5861.800769990001
2023-06-09,5869.099147094919
2023-06-12,5869.324884671014
2023-06-13,5871.426629346411
2023-06-14,5889.2664828885445
2023-06-15,5862.258597077103
2023-06-16,5885.6079541675435
2023-06-19,5826.563674349652
2023-06-20,5791.422809948935
2023-06-21,5758.812973587714
2023-06-22,5716.8540075705505
2023-06-23,5705.029630659083
2023-06-26,5680.464833192407
2023-06-27,5668.231030959365
2023-06-28,5706.256776098392
2023-06-29,5707.4059223984
2023-06-30,5759.95863170824
2023-07-03,5767.343591926109
2023-07-04,5783.852590810098
2023-07-05,5750.122920489069
2023-07-06,5668.487353002865
2023-07-07,5699.646614086115
2023-07-10,5707.071552677187
2023-07-11,5742.009337614218
2023-07-12,5813.044523228713
2023-07-13,5835.514642357108
2023-07-14,5820.633446692515
2023-07-17,5787.083580257431
2023-07-18,5820.776672779447
2023-07-19,5858.41099610441
2023-07-20,5862.075218427242
2023-07-21,5852.439183861844
2023-07-24,5858.736300338454
2023-07-25,5890.153624431844
2023-07-26,5893.145486528629
2023-07-27,5920.560172244515
2023-07-28,5882.3922192634045
2023-07-31,5887.580773589768
2023-08-01,5870.762392669642
2023-08-02,5814.039170994883
2023-08-03,5811.18334345249
2023-08-04,5825.51483908396
2023-08-07,5823.588734171734
2023-08-08,5819.104768131477
2023-08-09,5829.43171146933
2023-08-10,5849.261555011696
2023-08-11,5821.248188283342
2023-08-14,5827.6077894492255
2023-08-15,5802.4708228836735
2023-08-16,5794.617789841136
2023-08-17,5771.501421049856
2023-08-18,5730.937589500187
2023-08-21,5700.066080156053
2023-08-22,5741.830123991901
2023-08-23,5762.450267456851
2023-08-24,5752.672331593722
2023-08-25,5761.353201780263
2023-08-28,5796.3033815824465
2023-08-29,5839.772245642126
2023-08-30,5843.3914769448465
2023-08-31,5857.15188628508
2023-09-01,5849.3877505597075
2023-09-04,5833.200764248051
2023-09-05,5830.604745235933
2023-09-06,5813.422670407188
2023-09-07,5795.202501152741
2023-09-08,5805.202046060142
2023-09-11,5826.750434301477
2023-09-12,5808.084241615265
2023-09-13,5785.147199300875
2023-09-14,5851.828698551762
2023-09-15,5832.589100962785
2023-09-18,5785.215852075097
2023-09-19,5788.33002507842
2023-09-20,5830.287667926733
2023-09-21,5784.205315949862
2023-09-22,5768.299605846254
2023-09-25,5727.157570644914
2023-09-26,5685.925924129123
2023-09-27,5665.665528734165
2023-09-28,5677.748374133784
2023-09-29,5724.791269948256
2023-10-02,5682.210907072482
2023-10-03,5610.615076603042
2023-10-04,5569.76668053672
2023-10-05,5609.623777843065
2023-10-06,5646.743827063896
2023-10-09,5635.457968660982
2023-10-10,5705.635568865259
2023-10-11,5714.296399139967
2023-10-12,5711.875203634288
2023-10-13,5660.790461342434
2023-10-16,5674.93676943136
2023-10-17,5673.397069616648
2023-10-18,5625.7787260442365
2023-10-19,5561.160507391847
2023-10-20,5526.743029044783
2023-10-23,5502.628452358208
2023-10-24,5537.797274626534
2023-10-25,5509.7009568723915
2023-10-26,5505.582791523892
2023-10-27,5500.622810517075
2023-10-30,5538.556122327033
2023-10-31,5576.163066596629
2023-11-01,5600.789485121789
2023-11-02,5689.240372037807
2023-11-03,5727.512953243413
2023-11-06,5687.279570074835
2023-11-07,5665.210433953197
2023-11-08,5677.728717887336
2023-11-09,5726.928742917342
2023-11-10,5689.625965218333
2023-11-13,5711.938032513723
2023-11-14,5828.144617883275
2023-11-15,5834.8869468327985
2023-11-16,5765.90825009688
2023-11-17,5813.757132918827
2023-11-20,5815.270741603149
2023-11-21,5788.190185889722
2023-11-22,5816.76274622733
2023-11-23,5838.297929342875
2023-11-24,5859.721430923853
2023-11-27,5851.375559999989
2023-11-28,5850.204468351568
2023-11-29,5868.31792108722
2023-11-30,5862.156967808262
2023-12-01,5923.370976494281
2023-12-04,5896.497517694724
2023-12-05,5923.315128333028
2023-12-06,5937.9431522641935
2023-12-07,5933.302910296364
2023-12-08,5958.6511780989995
2023-12-11,5961.29744499146
2023-12-12,5933.438599778685
2023-12-13,5930.834783303976
2023-12-14,5996.652611956946
2023-12-15,5990.802091967141
2023-12-18,5986.103840706404
2023-12-19,6012.292620587706
2023-12-20,6050.459650303028
2023-12-21,6038.993984837198
2023-12-22,6068.387349763091
2023-12-25,6068.387349763091
2023-12-26,6063.034963778544
2023-12-27,6074.136578231465
2023-12-28,6074.261350703753
2023-12-29,6072.084784513277
2024-01-01,6072.084784513278
2024-01-02,6082.015000864282
2024-01-03,6042.420134372887
2024-01-04,6100.93145751379
2024-01-05,6072.102814292226
2024-01-08,6125.122931485108
2024-01-09,6127.224803090816
2024-01-10,6111.022017906941
2024-01-11,6071.043708386153
2024-01-12,6127.482367557367
2024-01-15,6108.737908468564
2024-01-16,6094.660242313297
2024-01-17,6042.353228383188
2024-01-18,6053.662113133877
2024-01-19,6025.620388095161
2024-01-22,6082.283495790578
2024-01-23,6076.940539430716
2024-01-24,6120.130598932719
2024-01-25,6123.414580974045
2024-01-26,6158.7343181029
2024-01-29,6143.210907047077
2024-01-30,6145.658912110435
2024-01-31,6168.704866197723
2024-02-01,6133.454903507261
2024-02-02,6111.963930782497
2024-02-05,6092.594832930477
2024-02-06,6124.010087076972
2024-02-07,6107.865628949991
2024-02-08,6097.34447741063
2024-02-09,6080.220214503806
2024-02-12,6129.506324386251
2024-02-13,6079.576540282063
2024-02-14,6104.511836386427
2024-02-15,6124.237529203078
2024-02-16,6140.736297174404
2024-02-19,6145.894495072921
2024-02-20,6132.312498158139
2024-02-21,6136.453864811776
2024-02-22,6161.815837809989
2024-02-23,6163.413269518722
2024-02-26,6154.42000947396
2024-02-27,6162.372489460295
2024-02-28,6154.66957757785
2024-02-29,6161.529053530273
2024-03-01,6196.856807506877
2024-03-04,6183.049864699006
2024-03-05,6203.082655797986
2024-03-06,6210.927841094271
2024-03-07,6236.469516389394
2024-03-08,6250.401411673457
2024-03-11,6231.864739111105
2024-03-12,6256.4881076713245
2024-03-13,6257.5780599590225
2024-03-14,6240.738492633777
2024-03-15,6247.260616596952
2024-03-18,6238.8883417133575
2024-03-19,6240.959978632357
2024-03-20,6237.146809986459
2024-03-21,6263.147211711216
2024-03-22,6268.579972993077
2024-03-25,6284.10868074376
2024-03-26,6312.360382883268
2024-03-27,6346.447980019689
2024-03-28,6358.98196848231
2024-03-29,6358.98196848231
2024-04-01,6356.534494172258
2024-04-02,6320.872103713439
2024-04-03,6335.188658957079
2024-04-04,6341.422736584172
2024-04-05,6308.227371014815
2024-04-08,6324.94364466749
2024-04-09,6294.121967322945
2024-04-10,6301.943510515262
2024-04-11,6315.160203522373
2024-04-12,6320.0356041420955
2024-04-15,6313.320017890272
2024-04-16,6239.807724436195
2024-04-17,6254.84564972327
2024-04-18,6280.21934697352
2024-04-19,6280.66134098003
2024-04-22,6304.731129724692
2024-04-23,6344.757032615347
2024-04-24,6319.064713129735
2024-04-25,6281.2257994804795
2024-04-26,6332.381099748197
2024-04-29,6386.363090274986
2024-04-30,6345.682032721704
2024-05-01,6345.638970253726
2024-05-02,6365.117803457088
2024-05-03,6378.684832838184
2024-05-06,6400.5285984335305
2024-05-07,6453.43776383412
2024-05-08,6482.443560306886
2024-05-09,6499.270927939071
2024-05-10,6527.35709558495
2024-05-13,6536.200537938405
2024-05-14,6551.491769415503
2024-05-15,6597.96910571316
2024-05-16,6586.699256745252
2024-05-17,6594.2206774764145
2024-05-20,6620.598307083106
2024-05-21,6605.845900353014
2024-05-22,6598.997295937838
2024-05-23,6594.523696342636
2024-05-24,6607.736999525791
2024-05-27,6631.162039410203
2024-05-28,6599.2578913694715
2024-05-29,6546.080987769738
2024-05-30,6605.700647469909
2024-05-31,6647.61234563906
2024-06-03,6665.913164342389
2024-06-04,6629.9969199418865
2024-06-05,6627.645418312434
2024-06-06,6646.965770486519
2024-06-07,6625.7378767498585
2024-06-10,6632.562625635016
2024-06-11,6571.420683050166
2024-06-12,6610.235113419014
2024-06-13,6537.7174321478715
2024-06-14,6497.469031225482
2024-06-17,6523.55509617257
2024-06-18,6577.203056220946
2024-06-19,6582.418085979647
2024-06-20,6618.891854489166
2024-06-21,6594.534439912163
2024-06-24,6658.293094815841
2024-06-25,6617.480273348975
2024-06-26,6576.4410654510875
2024-06-27,6590.367667869045
2024-06-28,6575.589393564268
2024-07-01,6586.460575232887
2024-07-02,6576.946722053961
2024-07-03,6625.2340822629285
2024-07-04,6658.910117969526
2024-07-05,6671.142117054701
2024-07-08,6694.507968976153
2024-07-09,6657.824655307747
2024-07-10,6703.269318716927
2024-07-11,6752.035063823368
2024-07-12,6764.944545928004
2024-07-15,6728.180592160587
2024-07-16,6759.587567110877
2024-07-17,6758.855779073638
2024-07-18,6785.753487541776
2024-07-19,6731.276094619382
2024-07-22,6767.134887674744
2024-07-23,6768.8470312762565
2024-07-24,6757.495070780779
2024-07-25,6718.723049068783
2024-07-26,6749.41840428
2024-07-29,6748.08671505439
2024-07-30,6789.890728994388
2024-07-31,6812.281722672424
2024-08-01,6752.080307562227
2024-08-02,6627.109141429559
2024-08-05,6452.152302555511
2024-08-06,6475.773802505678
2024-08-07,6557.274300251293
2024-08-08,6540.7698083937175
2024-08-09,6572.389674688411
2024-08-12,6584.0623679878845
2024-08-13,6605.646571340635
2024-08-14,6620.785622708084
2024-08-15,6656.5763264841125
2024-08-16,6668.999342125328
2024-08-19,6699.1744916181815
2024-08-20,6665.667687028674
2024-08-21,6703.905392662143
2024-08-22,6708.828139836424
2024-08-23,6753.930406757906
2024-08-26,6753.612749966459
2024-08-27,6761.562981682937
2024-08-28,6779.505305043795
2024-08-29,6793.280155255583
2024-08-30,6831.404490389866
2024-09-02,6819.902018568509
2024-09-03,6747.964896481372
2024-09-04,6731.762721777896
2024-09-05,6723.514902555685
2024-09-06,6655.258634361931
2024-09-09,6700.517857977307
2024-09-10,6707.043296891345
2024-09-11,6679.8632293592445
2024-09-12,6708.493502689622
2024-09-13,6755.5913643429
2024-09-16,6753.344570128889
2024-09-17,6747.201846264693
2024-09-18,6735.991640239604
2024-09-19,6791.225804034521
2024-09-20,6721.411458706402
2024-09-23,6742.776098740498
2024-09-24,6737.714314717956
2024-09-25,6729.028296326564
2024-09-26,6787.348200717828
2024-09-27,6811.9428453200335
2024-09-30,6768.643814380383
2024-10-01,6735.927563547572
2024-10-02,6720.793596232392
2024-10-03,6683.809331293829
2024-10-04,6737.790990563557
2024-10-07,6719.966978727698
2024-10-08,6695.946536487556
2024-10-09,6724.119794542436
2024-10-10,6722.863528076791
2024-10-11,6750.334844126831
2024-10-14,6766.752085309629
2024-10-15,6805.982963245737
2024-10-16,6796.073429981813
2024-10-17,6833.710352951165
2024-10-18,6835.034229831117
2024-10-21,6784.75581153955
2024-10-22,6786.839792159194
2024-10-23,6739.3653300237065
2024-10-24,6727.772834483895
2024-10-25,6730.304961661854
2024-10-28,6746.662858036664
2024-10-29,6723.5834948561205
2024-10-30,6680.129040612186
2024-10-31,6601.865824041111
2024-11-01,6641.357073488173
2024-11-04,6606.185866127646
2024-11-05,6616.870615441059
2024-11-06,6613.910086499945
2024-11-07,6659.389803390366
2024-11-08,6648.287111064616
2024-11-11,6703.847863547423
2024-11-12,6616.806351083894
2024-11-13,6597.199063706387
2024-11-14,6640.86053937916
2024-11-15,6618.557755096583
2024-11-18,6608.090607289837
2024-11-19,6591.65004454758
2024-11-20,6585.142233176257
2024-11-21,6602.119214703502
2024-11-22,6675.08985182194
2024-11-25,6676.069199728488
2024-11-26,6631.696853401949
2024-11-27,6657.158620215978
2024-11-28,6671.64299110147
2024-11-29,6678.77540393203
2024-12-02,6669.42234736599
2024-12-03,6682.817955234993
2024-12-04,6715.8737715979605
2024-12-05,6729.731848711239
2024-12-06,6726.64006047719
2024-12-09,6706.171446113521
2024-12-10,6708.684845410942
2024-12-11,6713.930225696564
2024-12-12,6692.915405255209
2024-12-13,6664.946262428161
2024-12-16,6644.108340306321
2024-12-17,6577.643412886439
2024-12-18,6595.7841555097175
2024-12-19,6555.081485842595
2024-12-20,6549.767424014284
2024-12-23,6544.219842606079
2024-12-24,6563.093030534741
2024-12-25,6563.093030534741
2024-12-26,6556.421467684099
2024-12-27,6593.290548175489
2024-12-30,6574.500695696339
2024-12-31,6606.596276115163
2025-01-01,6606.596276115165
2025-01-02,6649.083979211102
2025-01-03,6649.920967910164
2025-01-06,6649.073047261303
2025-01-07,6634.421109031111
2025-01-08,6586.784925149581
2025-01-09,6592.728811638794
2025-01-10,6539.528083634927
2025-01-13,6500.9129802947955
2025-01-14,6493.306228651322
2025-01-15,6594.858776251203
2025-01-16,6626.717603097361
2025-01-17,6654.411205446845
2025-01-20,6648.626724991429
2025-01-21,6685.584106680225
2025-01-22,6676.90420558992
2025-01-23,6679.281094423042
2025-01-24,6648.172189090442
2025-01-27,6672.082600221577
2025-01-28,6732.310019283209
2025-01-29,6740.723815499547
2025-01-30,6790.719277198265
2025-01-31,6805.457813674042
2025-02-03,6783.250873772835
2025-02-04,6789.262010616698
2025-02-05,6814.933156196021
2025-02-06,6834.8636244015215
2025-02-07,6814.063589962446
2025-02-10,6857.253521140965
2025-02-11,6851.982218953449
2025-02-12,6844.0202696079
2025-02-13,6896.201211066621
2025-02-14,6888.196008945962
2025-02-17,6925.666028579102
2025-02-18,6940.45655242667
2025-02-19,6897.922531012775
2025-02-20,6866.531960507169
2025-02-21,6902.680618815621
2025-02-24,6905.552437612733
2025-02-25,6908.264721189764
2025-02-26,6930.391267879712
2025-02-27,6926.166981976638
2025-02-28,6902.121757635218
2025-03-03,6944.484613171923
2025-03-04,6863.306745836443
2025-03-05,6877.520172839897
2025-03-06,6876.852974603787
2025-03-07,6891.178407254794
2025-03-10,6848.668625224757
2025-03-11,6796.354071479648
2025-03-12,6832.13655333706
2025-03-13,6821.32465443944
2025-03-14,6881.213300607451
2025-03-17,6922.60176984099
2025-03-18,6947.816077681973
2025-03-19,6970.002340418719
2025-03-20,6970.96247414828
2025-03-21,6947.998913182442
2025-03-24,6944.405166549329
2025-03-25,6983.690175459112
2025-03-26,6979.883011952174
2025-03-27,6982.524633605081
2025-03-28,6966.463065659482
2025-03-31,6880.226309318553
2025-04-01,6939.776824874762
2025-04-02,6918.989672075076
2025-04-03,6871.975778531533
2025-04-04,6592.748194735397
2025-04-07,6372.933309768144
2025-04-08,6554.465101897257
2025-04-09,6394.152424379248
2025-04-10,6577.911519291185
2025-04-11,6608.2350144638895
2025-04-14,6744.7276740530615
2025-04-15,6852.154950945016
2025-04-16,6869.0736530523
2025-04-17,6882.334316984888
2025-04-18,6882.334316984885
2025-04-21,6879.753940958478
2025-04-22,6887.420832968902
2025-04-23,6935.999325766604
2025-04-24,6951.52058231584
2025-04-25,6980.666090840814
2025-04-28,7031.637096231244
2025-04-29,7049.442815470105
2025-04-30,7142.5032924501775
2025-05-01,7154.746142817967
2025-05-02,7217.257540327533
2025-05-05,7251.033145017862
2025-05-06,7276.4211453053895
2025-05-07,7281.474306591512
2025-05-08,7288.338302084833
2025-05-09,7298.015620006347
2025-05-12,7290.0767604429175
2025-05-13,7301.239985086233
2025-05-14,7315.9558945442095
2025-05-15,7378.906574480044
2025-05-16,7437.939222192818
2025-05-19,7459.964983885745
2025-05-20,7512.690560629516
2025-05-21,7537.680904862971
2025-05-22,7504.377793644088
2025-05-23,7497.916836520245
2025-05-26,7536.813477292788
2025-05-27,7539.494564106962
2025-05-28,7532.461090603115
2025-05-29,7524.4619201016285
2025-05-30,7526.773922911601
2025-06-02,7544.170398923632
2025-06-03,7530.961673992605
2025-06-04,7570.83788797622
2025-06-05,7575.42574606234
2025-06-06,7583.966729756552
2025-06-09,7581.630619869048
2025-06-10,7573.407232053415
2025-06-11,7565.175859016699
2025-06-12,7551.722385270143
2025-06-13,7497.375784621818
2025-06-16,7508.50037559023
2025-06-17,7478.416377039137
2025-06-18,7474.691583179433
2025-06-19,7427.021381873473
2025-06-20,7431.227087694725
2025-06-23,7436.824334678482
2025-06-24,7455.912576713905
2025-06-25,7408.979175791669
2025-06-26,7454.020249089523
2025-06-27,7495.037360215716
2025-06-30,7496.255036117271
2025-07-01,7504.722201497471
2025-07-02,7428.606053853162
2025-07-03,7480.438058257828
2025-07-04,7454.3935066762315
2025-07-07,7460.707529386188
2025-07-08,7451.553690067762
2025-07-09,7479.488631203733
2025-07-10,7499.020295864366
2025-07-11,7480.958458923236
2025-07-14,7501.691394327702
2025-07-15,7473.120868907349
2025-07-16,7461.433681915275
2025-07-17,7510.491963285732
2025-07-18,7513.683077973449
2025-07-21,7515.709281118686
2025-07-22,7501.930523003403
2025-07-23,7507.818677944447
2025-07-24,7522.9547780788735
2025-07-25,7501.484790085959
2025-07-28,7483.196086218779
2025-07-29,7492.24687621329
2025-07-30,7452.016033391354
2025-07-31,7457.734303872442
2025-08-01,7389.093590718828
2025-08-04,7444.127864936764
2025-08-05,7465.811150095847
2025-08-06,7437.6042416947885
2025-08-07,7464.4919420830365
2025-08-08,7445.147716248159
2025-08-11,7448.630335171828
2025-08-12,7439.108183878508
2025-08-13,7454.184717492263
2025-08-14,7471.413200293951
2025-08-15,7446.449925073019
2025-08-18,7464.682264795334
2025-08-19,7480.694372833354
2025-08-20,7513.059688734416
2025-08-21,7526.394071168124
2025-08-22,7565.831553275595
2025-08-25,7542.728999744072
2025-08-26,7510.010103557517
2025-08-27,7513.523888351845
2025-08-28,7477.39682169732
2025-08-29,7446.440959556125
2025-09-01,7453.9765570322115
2025-09-02,7348.997089024178
2025-09-03,7374.188686049518
2025-09-04,7417.459377756571
2025-09-05,7430.155298969856
2025-09-08,7457.951370250645
2025-09-09,7469.243297295528
2025-09-10,7448.944614590896
2025-09-11,7487.72687359939
2025-09-12,7503.695286570928
2025-09-15,7505.340569024139
2025-09-16,7434.766691778475
2025-09-17,7440.308745726159
2025-09-18,7437.304010223633
2025-09-19,7428.358948453641
2025-09-22,7415.235342909668
2025-09-23,7416.690903447723
2025-09-24,7397.851018370329
2025-09-25,7341.454665172552
2025-09-26,7373.570436341561
2025-09-29,7410.62723081436
2025-09-30,7458.748787222769
2025-10-01,7469.332481426175
2025-10-02,7457.496479858975
2025-10-03,7503.574300316716
2025-10-06,7495.162117933749
2025-10-07,7483.241806074206
2025-10-08,7515.382868197564
2025-10-09,7520.505518932611
2025-10-10,7485.000722638938
2025-10-13,7510.860749533376
2025-10-14,7473.4496545005195
2025-10-15,7489.487992895389
2025-10-16,7515.90775705689
2025-10-17,7477.824363028357
2025-10-20,7523.880525932426
2025-10-21,7541.106964181395
2025-10-22,7589.803201019668
2025-10-23,7641.224894156189
2025-10-24,7640.443574528853
2025-10-27,7627.128563621602
2025-10-28,7600.901305838855
2025-10-29,7549.7284967318765
2025-10-30,7544.0480429151685
2025-10-31,7513.708705454462
2025-11-03,7511.010179186779
2025-11-04,7476.9682239664
2025-11-05,7455.90049540234
2025-11-06,7398.97404279807
2025-11-07,7377.784825683101
2025-11-10,7438.047215063857
2025-11-11,7476.1123229482155
2025-11-12,7487.495132029814
2025-11-13,7498.17323616134
2025-11-14,7424.752255663668
2025-11-17,7423.410597722057
2025-11-18,7351.556941157804
2025-11-19,7343.866330047114
2025-11-20,7375.970491730643
2025-11-21,7385.80533089964
2025-11-24,7432.014446141725
2025-11-25,7465.006871356108
2025-11-26,7516.6814768394825
2025-11-27,7557.237662943626
2025-11-28,7577.678507138227
2025-12-01,7559.805358067304
2025-12-02,7525.4910555419265
2025-12-03,7513.57080819854
2025-12-04,7538.42899990879
2025-12-05,7516.456953610478
2025-12-08,7477.533921554464
2025-12-09,7465.245944138054
2025-12-10,7446.654048308582
2025-12-11,7461.958147460814
2025-12-12,7466.1645002268415
2025-12-15,7497.684846188557
2025-12-16,7493.516183659085
2025-12-17,7518.771641409092
2025-12-18,7587.183292816506
2025-12-19,7599.316294131935
2025-12-22,7618.360313607979
2025-12-23,7621.846859168381
2025-12-24,7626.0118984366945
2025-12-25,7626.0118984366945
2025-12-26,7627.511561582206
2025-12-29,7662.556373459992
2025-12-30,7696.222483152048
2025-12-31,7686.197498851258
2026-01-01,7686.197498851258
2026-01-02,7684.230455917663
2026-01-05,7741.1032025575605
2026-01-06,7773.843077260536
2026-01-07,7829.317296302837
2026-01-08,7852.081102056889
2026-01-09,7876.014987193694
2026-01-12,7868.736931184624
2026-01-13,7826.094706633436
2026-01-14,7877.342559735171
2026-01-15,7946.90682177583
2026-01-16,7940.760838612256
2026-01-19,7904.1520964015535
2026-01-20,7851.5043124664235
2026-01-21,7855.399534241146
2026-01-22,7970.673462444384
2026-01-23,7971.061444939941
2026-01-26,7989.50049507504
2026-01-27,8024.739768280205
2026-01-28,8031.7377114607525
2026-01-29,7999.365580347385
2026-01-30,7999.11881451085
2026-02-02,8031.011565726025
2026-02-03,8056.189003984422
2026-02-04,8092.92487989797
2026-02-05,8048.799290024763
2026-02-06,8088.715844939341
2026-02-09,8154.570206438511
2026-02-10,8163.616629260358
2026-02-11,8135.527860808881
2026-02-12,8132.778584268753
2026-02-13,8159.278764299347
2026-02-16,8156.657769353827
2026-02-17,8183.166959555162
2026-02-18,8231.65742322233
2026-02-19,8205.24248419456
2026-02-20,8236.744112847317
2026-02-23,8210.83225396985
2026-02-24,8226.40327155381
2026-02-25,8232.714488457294
2026-02-26,8260.773563617915
2026-02-27,8295.779534465546
2026-03-02,8229.519655407454
2026-03-03,8042.215876863933
2026-03-04,8127.744769361212
2026-03-05,8081.282418942903
2026-03-06,8091.395477035843
2026-03-09,8002.3837203268895
2026-03-10,8081.433270984422
2026-03-11,8012.425951935329
2026-03-12,8004.562736393064
2026-03-13,7978.674596663462
2026-03-16,7971.787913878933
2026-03-17,7998.619058874784
2026-03-18,7975.795621383686
2026-03-19,7847.0959865068035
2026-03-20,7734.94745076976
2026-03-23,7698.947062556367
2026-03-24,7714.7169477999705
2026-03-25,7805.859804705082
2026-03-26,7776.828311589912
2026-03-27,7725.320543883552
2026-03-30,7790.483852669841
2026-03-31,7830.519556748445
2026-04-01,7969.006604483263
2026-04-02,7994.5413174755695
2026-04-03,7994.5413174755695
2026-04-06,7998.875630706035
2026-04-07,7944.42624065182
2026-04-08,8128.4485311934195
2026-04-09,8119.396688105382
2026-04-10,8152.753201319712
2026-04-13,8137.410234803045
2026-04-14,8202.314195133273
2026-04-15,8171.101564980338
2026-04-16,8200.592470543246
2026-04-17,8281.857053380596
2026-04-20,8245.63143731231
2026-04-21,8201.516830509408
2026-04-22,8189.170598654531
2026-04-23,8160.718558883275
2026-04-24,8110.494784213305
2026-04-27,8097.210433819729
2026-04-28,8081.2542253415695
2026-04-29,8022.596285895457
2026-04-30,8113.882290807618
2026-05-01,8130.7883122098865
2026-05-04,8096.920081799484
2026-05-05,8101.676771271696
2026-05-06,8209.694864891346
2026-05-07,8171.625192807463
2026-05-08,8117.552763866116
2026-05-11,8104.188723646748
2026-05-12,8030.74961991267
2026-05-13,8043.798083217748
2026-05-14,8102.629629122537
2026-05-15,8054.527085651065
2026-05-18,8088.87547449856
2026-05-19,8122.337463231327
2026-05-20,8206.777131081753
2026-05-21,8203.560255054063
2026-05-22,8233.007296249732
2026-05-25,8267.774741558265
2026-05-26,8245.033354728706
2026-05-27,8226.37505895123
2026-05-28,8199.596472511716
2026-05-29,8241.392502557554
2026-06-01,8160.685508904839
2026-06-02,8144.346619582519
2026-06-03,8099.384759188193
2026-06-04,8130.880377596277
2026-06-05,8140.05947657825
2026-06-08,8119.882877734569
2026-06-09,8092.9029068611335
2026-06-10,8160.27872376711
2026-06-11,8152.720787050042
2026-06-12,8240.068542813751
2026-06-15,8224.429232515284
2026-06-16,8191.841750273297
2026-06-17,8185.177817731576
2026-06-18,8121.058143439348
2026-06-19,8122.050512886774
2026-06-22,8135.419720985208
2026-06-23,8114.885051993375
2026-06-24,8142.36336812641
2026-06-25,8149.853464384256
2026-06-26,8150.269914247875
2026-06-29,8138.3360833654515
2026-06-30,8121.067096602264
2026-07-01,8158.0623940517835
2026-07-02,8261.49700234135
2026-07-03,8302.733454082336
2026-07-06,8260.192371584142
2026-07-07,8260.859784307553
2026-07-08,8180.23994213659
2026-07-09,8208.161695134491
2026-07-10,8187.744330785736
2026-07-13,8202.361800834393
2026-07-14,8207.503199661325
2026-07-15,8217.23869809598
2026-07-16,8271.842980288107
2026-07-17,8276.908044890704
2026-07-20,8265.606331233259
2026-07-21,8262.305142565136
2026-07-22,8306.847775252927
2026-07-23,8225.213082927972
2026-07-24,8261.538093369123
2026-07-27,8294.851863157599
2026-07-28,8339.040761093405
2026-07-29,8335.31555999127
2026-07-30,8346.80576949252
2026-07-31,8299.629728027101
