Date,WORLD ex EMU SMALL VALUE
1994-05-31,259.38745310692144
1994-06-30,265.4556682694504
1994-07-29,266.5075923929993
1994-08-31,270.2993191719806
1994-09-30,264.7936018625196
1994-10-31,265.0680089474322
1994-11-30,250.7041770387333
1994-12-30,256.0218401709857
1995-01-31,253.42764160973428
1995-02-28,252.36566454375665
1995-03-31,259.7112225766228
1995-04-28,265.0760458812296
1995-05-31,262.43195153949495
1995-06-30,262.67872633549314
1995-07-31,275.6216007612335
1995-08-31,275.982848718439
1995-09-29,278.75751573946565
1995-10-31,269.4231219036355
1995-11-30,277.81718195910867
1995-12-29,288.38113065015693
1996-01-31,292.02416026763007
1996-02-29,295.67459815053985
1996-03-29,300.94310121773634
1996-04-30,316.7516526012494
1996-05-31,318.6467064767402
1996-06-28,316.8746408118667
1996-07-31,302.19773515176905
1996-08-30,307.5699123394213
1996-09-30,311.9000755744842
1996-10-31,309.47343580968277
1996-11-29,317.5205700120018
1996-12-31,316.1099878222194
1997-01-01,316.1154889280726
1997-01-02,314.2355279833878
1997-01-03,315.1451588498175
1997-01-06,315.9153854311518
1997-01-07,316.81204910393893
1997-01-08,315.9287420765641
1997-01-09,315.0296587422656
1997-01-10,313.35361499734427
1997-01-13,314.0865508913583
1997-01-14,315.1330688763397
1997-01-15,315.468247133431
1997-01-16,316.43352991006196
1997-01-17,316.87852478633596
1997-01-20,316.0886513521231
1997-01-21,315.68416033362973
1997-01-22,315.6173852975497
1997-01-23,314.5669157799095
1997-01-24,313.6545399012237
1997-01-27,311.9067095467729
1997-01-28,310.99276888481455
1997-01-29,310.89709829989545
1997-01-30,311.6118922177624
1997-01-31,313.16204537048
1997-02-03,314.0205045699962
1997-02-04,314.1657068167045
1997-02-05,312.4367125359176
1997-02-06,312.2758668687936
1997-02-07,311.6622964114108
1997-02-10,312.8194022650508
1997-02-11,312.7012689518076
1997-02-12,312.6322006479007
1997-02-13,313.3031761846302
1997-02-14,313.79316109002866
1997-02-17,313.7505263925178
1997-02-18,314.2485581521975
1997-02-19,314.68833044765404
1997-02-20,315.2963490551783
1997-02-21,316.0100617568894
1997-02-24,317.4701859684054
1997-02-25,317.92215556627673
1997-02-26,316.6510055675857
1997-02-27,316.1025361686818
1997-02-28,315.4978719097059
1997-03-03,315.3277300601799
1997-03-04,315.18317428800333
1997-03-05,315.71240293998596
1997-03-06,315.4823767601325
1997-03-07,315.93726390999524
1997-03-10,317.18971159706786
1997-03-11,317.58291620678295
1997-03-12,315.5250288372823
1997-03-13,313.154534722984
1997-03-14,312.40095518722944
1997-03-17,311.48784793425403
1997-03-18,311.4055243584153
1997-03-19,310.433386906023
1997-03-20,309.16172606712007
1997-03-21,309.8224996428735
1997-03-24,309.08034875312563
1997-03-25,309.4257814288908
1997-03-26,309.92955417287214
1997-03-27,308.39927185351183
1997-03-28,308.3200166167982
1997-03-31,305.7385653145176
1997-04-01,303.75949863771376
1997-04-02,302.8144896846851
1997-04-03,301.4498959101087
1997-04-04,301.4813964041299
1997-04-07,301.1913284291013
1997-04-08,300.7331279588022
1997-04-09,300.2701687963086
1997-04-10,299.5436027324991
1997-04-11,296.6706092496676
1997-04-14,295.5033592464612
1997-04-15,297.0147315737037
1997-04-16,297.9611003373304
1997-04-17,299.05266349330304
1997-04-18,301.3914886698418
1997-04-21,301.998725500421
1997-04-22,302.196374654943
1997-04-23,302.18005263098945
1997-04-24,302.21551475475405
1997-04-25,301.05634797103505
1997-04-28,301.0436684880416
1997-04-29,303.14802729863203
1997-04-30,304.46829978649953
1997-05-01,306.5972317268472
1997-05-02,309.93069712395425
1997-05-05,312.7677366559715
1997-05-06,315.1221852505467
1997-05-07,315.24158354710437
1997-05-08,315.1938147390597
1997-05-09,316.9777490168743
1997-05-12,320.3738795889955
1997-05-13,320.96000198630463
1997-05-14,322.14344758617403
1997-05-15,323.52449784528346
1997-05-16,324.61411632769676
1997-05-19,324.86350145458766
1997-05-20,327.1044576427969
1997-05-21,327.07540352952503
1997-05-22,326.3904569222192
1997-05-23,328.6714683917151
1997-05-26,328.46937793146026
1997-05-27,327.86333166345145
1997-05-28,329.308822788673
1997-05-29,329.2840717889799
1997-05-30,329.9117763867984
1997-06-02,331.0095988495474
1997-06-03,331.5609012361129
1997-06-04,331.6007179754943
1997-06-05,332.89369485374533
1997-06-06,334.04617289840013
1997-06-09,336.8338153262454
1997-06-10,337.5398726699672
1997-06-11,338.92164243433047
1997-06-12,338.4179613291928
1997-06-13,339.2999647481667
1997-06-16,340.3997606536782
1997-06-17,340.619123217763
1997-06-18,341.0609875294214
1997-06-19,342.459101237184
1997-06-20,341.50547653797344
1997-06-23,339.84077281254275
1997-06-24,340.865603908993
1997-06-25,341.68487238505827
1997-06-26,341.735678252522
1997-06-27,341.99003090131407
1997-06-30,344.15006153207247
1997-07-01,343.6464239875608
1997-07-02,344.1599088250264
1997-07-03,346.2807289703763
1997-07-04,345.7967758937405
1997-07-07,346.0483767253309
1997-07-08,346.07917266694125
1997-07-09,344.9586095635399
1997-07-10,345.7384184387041
1997-07-11,346.5079597954282
1997-07-14,346.61996448455074
1997-07-15,345.6528209158504
1997-07-16,346.74228176377824
1997-07-17,346.04428466441044
1997-07-18,345.5609014943419
1997-07-21,344.14770871190143
1997-07-22,344.97812733266255
1997-07-23,345.5340706264888
1997-07-24,345.1713648270276
1997-07-25,344.9602832293994
1997-07-28,344.08572563102086
1997-07-29,344.39630145265977
1997-07-30,345.53470788959
1997-07-31,345.82674240955254
1997-08-01,344.9523360878953
1997-08-04,344.5694392386256
1997-08-05,344.3285450534814
1997-08-06,344.83519581958086
1997-08-07,344.5920522550448
1997-08-08,343.17941124166265
1997-08-11,342.2386794827314
1997-08-12,341.9231313271048
1997-08-13,342.255812325861
1997-08-14,341.4515055406465
1997-08-15,341.12020565986745
1997-08-18,339.6633496819418
1997-08-19,341.23989297415153
1997-08-20,343.47721305050874
1997-08-21,343.22535970290613
1997-08-22,342.6806646980031
1997-08-25,343.2244436110091
1997-08-26,343.72095761452516
1997-08-27,344.13841790249865
1997-08-28,344.05088194339345
1997-08-29,342.9310139797611
1997-09-01,341.4853368613559
1997-09-02,342.34009396828014
1997-09-03,344.0282265569349
1997-09-04,344.03567569553167
1997-09-05,345.2662610942616
1997-09-08,346.7077538135268
1997-09-09,348.9966322165908
1997-09-10,348.6364674673881
1997-09-11,347.0204357720992
1997-09-12,348.28621729702934
1997-09-15,349.2921683516691
1997-09-16,350.7264625361807
1997-09-17,351.35786993661173
1997-09-18,350.77711022741
1997-09-19,350.65958973895937
1997-09-22,350.2492513780879
1997-09-23,351.06882924689546
1997-09-24,351.890789308884
1997-09-25,351.67698009343997
1997-09-26,351.07505352928587
1997-09-29,351.07013287689637
1997-09-30,352.03622903161835
1997-10-01,352.7335332561056
1997-10-02,353.5997996022696
1997-10-03,354.01975012511497
1997-10-06,355.8351791705039
1997-10-07,356.5326781227038
1997-10-08,356.3700139423572
1997-10-09,355.5979942914425
1997-10-10,356.3110712135561
1997-10-13,355.80533473386197
1997-10-14,354.8818176918035
1997-10-15,354.32352828122436
1997-10-16,353.7187250304329
1997-10-17,349.8674706973274
1997-10-20,351.06784948443425
1997-10-21,353.4925973483388
1997-10-22,353.0064828723725
1997-10-23,347.00994812335483
1997-10-24,347.86605726334733
1997-10-27,336.42443537565185
1997-10-28,335.39267905580607
1997-10-29,341.0071598456751
1997-10-30,337.92275654932695
1997-10-31,341.2922527390146
1997-11-03,344.9233784201628
1997-11-04,345.13489590391595
1997-11-05,345.31213220394443
1997-11-06,344.42653325851677
1997-11-07,339.42099578945295
1997-11-10,338.8838861731305
1997-11-11,338.3754467343061
1997-11-12,333.25057663473115
1997-11-13,332.2899617155747
1997-11-14,333.05031244431854
1997-11-17,338.08476807680574
1997-11-18,337.82282183294893
1997-11-19,335.57126321418707
1997-11-20,337.70164498794645
1997-11-21,338.69731554477937
1997-11-24,335.6092495806936
1997-11-25,332.4185170017271
1997-11-26,332.4396738390306
1997-11-27,332.14031276476055
1997-11-28,333.35434237112395
1997-12-01,335.391669805393
1997-12-02,335.6791856904984
1997-12-03,336.0138970400794
1997-12-04,335.71241197617076
1997-12-05,335.9239580948664
1997-12-08,336.604117177831
1997-12-09,335.7034652413956
1997-12-10,334.42731153875667
1997-12-11,330.4696146353796
1997-12-12,329.6212991811463
1997-12-15,328.65628494819777
1997-12-16,329.1784605432201
1997-12-17,332.06157064433535
1997-12-18,329.5121419143031
1997-12-19,326.6055980584188
1997-12-22,325.27615398849287
1997-12-23,326.4519675086632
1997-12-24,325.3095671793703
1997-12-25,325.7195958572258
1997-12-26,326.0726963376102
1997-12-29,328.2201423298241
1997-12-30,331.84544201252834
1997-12-31,332.4893917601547
1998-01-01,332.4783097418217
1998-01-02,331.6998263881168
1998-01-05,331.37622512376686
1998-01-06,328.9248525670183
1998-01-07,327.3077513934461
1998-01-08,325.2674060015451
1998-01-09,319.9674807596779
1998-01-12,316.7843976929952
1998-01-13,319.9268267325987
1998-01-14,322.3065560385863
1998-01-15,322.01639032666236
1998-01-16,326.1565795673625
1998-01-19,327.9598618668393
1998-01-20,329.60289308238924
1998-01-21,330.6299045978425
1998-01-22,330.0977083355207
1998-01-23,331.35617751589933
1998-01-26,332.901634316573
1998-01-27,334.55337388926824
1998-01-28,338.80672844088684
1998-01-29,338.5517041289616
1998-01-30,336.3806699370983
1998-02-02,338.35625564640594
1998-02-03,341.25423820261386
1998-02-04,343.75304965330093
1998-02-05,346.5298742994202
1998-02-06,348.01194460999386
1998-02-09,349.3344164666955
1998-02-10,352.4902187792935
1998-02-11,353.4477915795689
1998-02-12,354.35902071482474
1998-02-13,352.47835574512993
1998-02-16,351.109275896376
1998-02-17,350.7030333638851
1998-02-18,351.9219619143073
1998-02-19,351.55735084540214
1998-02-20,350.9686611182188
1998-02-23,352.31548565828484
1998-02-24,351.5061953611237
1998-02-25,352.7430217454192
1998-02-26,355.3361272594613
1998-02-27,357.63996224441297
1998-03-02,359.8697070634069
1998-03-03,360.76827736985894
1998-03-04,359.378877066038
1998-03-05,355.3090259322623
1998-03-06,358.17806479049915
1998-03-09,357.706804592005
1998-03-10,359.4481887013015
1998-03-11,360.09660004678875
1998-03-12,360.40135966592555
1998-03-13,363.00030927031077
1998-03-16,363.17823187898955
1998-03-17,364.17126885057763
1998-03-18,363.9326692461053
1998-03-19,364.76420675534644
1998-03-20,365.62141278468437
1998-03-23,365.8368868560638
1998-03-24,366.8574213237297
1998-03-25,368.2329036591871
1998-03-26,369.530640614097
1998-03-27,368.7099303457302
1998-03-30,366.50925282398873
1998-03-31,367.00370459341445
1998-04-01,367.07512215673694
1998-04-02,365.4915653761901
1998-04-03,364.9026718557786
1998-04-06,364.5844521628487
1998-04-07,363.2918830853995
1998-04-08,364.44440408729594
1998-04-09,367.88861307913106
1998-04-10,367.84476977227
1998-04-13,367.7759542269939
1998-04-14,370.5788568357754
1998-04-15,371.60164053313014
1998-04-16,368.8789520024639
1998-04-17,369.7970030524253
1998-04-20,369.96226064108305
1998-04-21,371.37459691633734
1998-04-22,371.9853702372419
1998-04-23,369.60528437464535
1998-04-24,367.83024489967636
1998-04-27,360.91463677006726
1998-04-28,361.40622862061014
1998-04-29,363.28275608436934
1998-04-30,366.5206025208109
1998-05-01,367.60761837234713
1998-05-04,367.99414445968887
1998-05-05,366.99279396484593
1998-05-06,365.29366597577086
1998-05-07,363.29077968458427
1998-05-08,364.5611653074625
1998-05-11,364.39592211067486
1998-05-12,363.90181702924434
1998-05-13,363.85095578573276
1998-05-14,362.74948610931705
1998-05-15,361.4953951777165
1998-05-18,358.6479402547935
1998-05-19,360.63021228675757
1998-05-20,360.84904731920307
1998-05-21,361.78086931542384
1998-05-22,360.67884436335936
1998-05-25,360.00707070554995
1998-05-26,357.0428495363805
1998-05-27,353.3356913863669
1998-05-28,355.4634841739306
1998-05-29,356.7196896977742
1998-06-01,354.09771763352114
1998-06-02,353.889588675938
1998-06-03,353.8823213184036
1998-06-04,354.5829528104021
1998-06-05,354.29370017909076
1998-06-08,354.1762124844805
1998-06-09,353.8456464193367
1998-06-10,350.2772771210922
1998-06-11,346.269820107507
1998-06-12,343.6701097726618
1998-06-15,338.3813749078083
1998-06-16,339.97367902999895
1998-06-17,345.088907509934
1998-06-18,345.2351155839864
1998-06-19,345.5416425376
1998-06-22,344.37854382547135
1998-06-23,344.4637622767574
1998-06-24,344.8313442825118
1998-06-25,344.75188846210597
1998-06-26,344.1484466852269
1998-06-29,345.9125312120955
1998-06-30,349.0363846309891
1998-07-01,351.38096540834556
1998-07-02,351.06369991923964
1998-07-03,351.5529775365819
1998-07-06,352.3732116578836
1998-07-07,352.9931014602332
1998-07-08,352.62742389813263
1998-07-09,351.72837825975313
1998-07-10,350.1632928612519
1998-07-13,350.43944284721675
1998-07-14,351.65837804947535
1998-07-15,352.1041637969919
1998-07-16,353.3746841387354
1998-07-17,353.2979910767241
1998-07-20,353.51650488192786
1998-07-21,350.63620924067703
1998-07-22,347.0346675739025
1998-07-23,342.5907495033623
1998-07-24,341.11709390148565
1998-07-27,336.9349823241849
1998-07-28,334.3229085013155
1998-07-29,332.8355213913646
1998-07-30,333.9100131666409
1998-07-31,329.6375990008141
1998-08-03,325.915336518988
1998-08-04,321.2546583133949
1998-08-05,319.2172677352896
1998-08-06,321.40827096690913
1998-08-07,324.3388174170612
1998-08-10,321.4021134710988
1998-08-11,314.70379627958556
1998-08-12,318.11084480657314
1998-08-13,315.79756916295815
1998-08-14,315.1339951615611
1998-08-17,314.21157801231806
1998-08-18,317.41488981592545
1998-08-19,316.18195003757694
1998-08-20,315.01054091448793
1998-08-21,310.39235832227365
1998-08-24,309.16189174664817
1998-08-25,307.5946700045466
1998-08-26,301.8423203606973
1998-08-27,293.3435252174093
1998-08-28,288.93161759099576
1998-08-31,282.31057139430663
1998-09-01,285.6134673176585
1998-09-02,288.6295172452307
1998-09-03,286.52115625463347
1998-09-04,286.2690626328556
1998-09-07,289.05241279757007
1998-09-08,294.37056953235873
1998-09-09,289.42426653807615
1998-09-10,286.68524681304046
1998-09-11,289.53387011791466
1998-09-14,290.68674792638166
1998-09-15,291.5703727521414
1998-09-16,292.092996460043
1998-09-17,289.83122935888116
1998-09-18,292.2713161223017
1998-09-21,289.94462867686593
1998-09-22,291.9415466956317
1998-09-23,294.2480159650148
1998-09-24,293.15481150929435
1998-09-25,291.4652261962788
1998-09-28,291.53505601454333
1998-09-29,290.9909537470667
1998-09-30,288.4485921375943
1998-10-01,282.09481302510017
1998-10-02,281.7517289513322
1998-10-05,275.1631317421415
1998-10-06,273.8182765417138
1998-10-07,274.7714686728675
1998-10-08,269.53320480579794
1998-10-09,272.25227886008025
1998-10-12,275.81535879233485
1998-10-13,272.7589378444126
1998-10-14,274.85196600385467
1998-10-15,279.7361346937452
1998-10-16,285.22167111717715
1998-10-19,289.9976029702523
1998-10-20,292.7677985318386
1998-10-21,294.287013093071
1998-10-22,296.57142428406115
1998-10-23,296.30389735574926
1998-10-26,297.71412748755534
1998-10-27,296.9590492539322
1998-10-28,297.52562703184213
1998-10-29,299.92704556641803
1998-10-30,302.7526811460272
1998-11-02,308.1975009469127
1998-11-03,308.3856096468975
1998-11-04,311.5975096144806
1998-11-05,313.482601421693
1998-11-06,314.16091363573565
1998-11-09,311.0322516946939
1998-11-10,309.2015279353147
1998-11-11,309.2120453799658
1998-11-12,307.0617129114907
1998-11-13,307.1365546071161
1998-11-16,309.19014836700796
1998-11-17,308.2658792590206
1998-11-18,309.47055399521565
1998-11-19,311.4396173841498
1998-11-20,311.66067845931207
1998-11-23,312.3000042800988
1998-11-24,313.3474300568284
1998-11-25,314.13556737381754
1998-11-26,315.0334149917107
1998-11-27,316.1984855182721
1998-11-30,314.7771031159689
1998-12-01,314.4734970048724
1998-12-02,314.8446304178458
1998-12-03,312.90903338143556
1998-12-04,313.8123718130313
1998-12-07,314.4316306820635
1998-12-08,313.7983360890472
1998-12-09,314.7426674152006
1998-12-10,313.54820789338567
1998-12-11,312.6625963210257
1998-12-14,309.8784587000179
1998-12-15,308.903362121302
1998-12-16,309.07842336583684
1998-12-17,309.7559465315386
1998-12-18,311.28440187201846
1998-12-21,312.4283282595314
1998-12-22,311.2895889310075
1998-12-23,313.68869185326184
1998-12-24,313.52416342077345
1998-12-25,314.0084896052416
1998-12-28,314.8207799676979
1998-12-29,316.81462380631393
1998-12-30,318.1382418671218
1998-12-31,323.1543062900825
1999-01-01,323.154666785594
1999-01-04,323.94951343689655
1999-01-05,324.30245234187333
1999-01-06,327.16469485730823
1999-01-07,327.6816418109652
1999-01-08,328.6003914083951
1999-01-11,330.49246646137544
1999-01-12,326.2578268783516
1999-01-13,322.8088418915175
1999-01-14,321.2158619042124
1999-01-15,322.7914463792371
1999-01-18,323.3159894047709
1999-01-19,324.77533794514954
1999-01-20,324.17059612368695
1999-01-21,322.32432819152467
1999-01-22,320.9204880580173
1999-01-25,321.09957898281044
1999-01-26,322.19272855864995
1999-01-27,319.7983504240956
1999-01-28,319.75774389542215
1999-01-29,321.00006460475214
1999-02-01,321.5498504283295
1999-02-02,322.0784487465868
1999-02-03,322.18758271950037
1999-02-04,320.5700880742861
1999-02-05,318.6249505499402
1999-02-08,317.96818200960547
1999-02-09,315.18217755190335
1999-02-10,312.41499303451707
1999-02-11,314.57874106917643
1999-02-12,311.82564735134446
1999-02-15,311.504016576457
1999-02-16,309.8545652125705
1999-02-17,307.26311744805963
1999-02-18,307.5071275881692
1999-02-19,307.1914344276216
1999-02-22,309.3759851426986
1999-02-23,309.1726286866689
1999-02-24,306.9608995503072
1999-02-25,307.1818470078432
1999-02-26,307.89376100087344
1999-03-01,308.2890071787102
1999-03-02,307.81787723742184
1999-03-03,307.13487502378024
1999-03-04,306.9606851604897
1999-03-05,310.4043732804327
1999-03-08,310.27328587657985
1999-03-09,310.5618394387449
1999-03-10,313.2344862662668
1999-03-11,313.94192444333123
1999-03-12,315.2241562548371
1999-03-15,316.40320517335834
1999-03-16,316.8425690715651
1999-03-17,316.804123386322
1999-03-18,316.70637237832
1999-03-19,317.26386722558135
1999-03-22,316.07586509216947
1999-03-23,313.04168092216804
1999-03-24,313.0349167442006
1999-03-25,315.83174305963695
1999-03-26,315.1600711728565
1999-03-29,317.50167625871853
1999-03-30,316.1722523451288
1999-03-31,316.99882782490647
1999-04-01,317.5681286867429
1999-04-02,317.707009432899
1999-04-05,318.40058569066423
1999-04-06,318.1518280745904
1999-04-07,318.0303523957984
1999-04-08,320.34082890650376
1999-04-09,323.1943776412908
1999-04-12,326.0426024003343
1999-04-13,327.99806272878345
1999-04-14,331.1494434606465
1999-04-15,332.87830856041404
1999-04-16,337.9005625664834
1999-04-19,338.1126643064501
1999-04-20,337.2858142243783
1999-04-21,338.9140107030374
1999-04-22,340.3510009322527
1999-04-23,342.75112906451625
1999-04-26,343.05710800812415
1999-04-27,343.4339732809227
1999-04-28,345.27852186705474
1999-04-29,346.0287991961206
1999-04-30,346.61169678613754
1999-05-03,347.91362092674177
1999-05-04,348.80449984114915
1999-05-05,349.3688579899525
1999-05-06,351.8050979424446
1999-05-07,351.8401088104761
1999-05-10,354.4250821807492
1999-05-11,355.1671354056269
1999-05-12,355.3252937378902
1999-05-13,355.57604183573454
1999-05-14,353.00226437868037
1999-05-17,349.4629564962333
1999-05-18,349.27590701452425
1999-05-19,348.660306752748
1999-05-20,350.29437017571536
1999-05-21,351.3158198007837
1999-05-24,349.0139525939285
1999-05-25,346.93056873481004
1999-05-26,346.244312404759
1999-05-27,345.48234826827576
1999-05-28,347.5140788355648
1999-05-31,347.2448077188179
1999-06-01,348.71849295112844
1999-06-02,348.32791935596
1999-06-03,348.2178181183526
1999-06-04,349.8859474947036
1999-06-07,352.4242115549557
1999-06-08,352.83396872970985
1999-06-09,354.23097271784013
1999-06-10,354.8298249700498
1999-06-11,354.9501195248886
1999-06-14,353.0691673199491
1999-06-15,353.0279642532521
1999-06-16,355.61246783931324
1999-06-17,357.65403272678253
1999-06-18,358.24865072526273
1999-06-21,360.0635516185476
1999-06-22,360.25590274203273
1999-06-23,359.98463068230825
1999-06-24,358.4442752840455
1999-06-25,359.2301704294547
1999-06-28,361.4817199018187
1999-06-29,362.9652347789062
1999-06-30,366.04888216793955
1999-07-01,367.5382632317873
1999-07-02,369.1476984841601
1999-07-05,370.0537733431933
1999-07-06,369.7650864356171
1999-07-07,368.2972560388207
1999-07-08,368.50995746452276
1999-07-09,369.631381494385
1999-07-12,370.9572725442011
1999-07-13,370.79016368866985
1999-07-14,372.51199518033627
1999-07-15,374.7911093897883
1999-07-16,373.428547924785
1999-07-19,373.33826132091326
1999-07-20,371.73176591451823
1999-07-21,372.37393259022105
1999-07-22,370.6334845024979
1999-07-23,368.77834762009627
1999-07-26,367.2941559256753
1999-07-27,367.7898595044528
1999-07-28,368.2459999913051
1999-07-29,368.04191908455635
1999-07-30,369.6271754189863
1999-08-02,368.62651250161304
1999-08-03,366.62471305397634
1999-08-04,365.31991047180566
1999-08-05,362.8373122606038
1999-08-06,361.2992210648825
1999-08-09,359.9609968516754
1999-08-10,358.6563199504808
1999-08-11,359.55376792663697
1999-08-12,360.50464598978573
1999-08-13,361.7466731896598
1999-08-16,363.73875530587617
1999-08-17,364.40458928949147
1999-08-18,365.3837675347102
1999-08-19,366.15597946043493
1999-08-20,367.44121357600056
1999-08-23,368.31010887454454
1999-08-24,367.443045635356
1999-08-25,367.5366942534389
1999-08-26,365.983390375343
1999-08-27,364.7955070543698
1999-08-30,363.45105296765377
1999-08-31,364.8245815975693
1999-09-01,366.9668418285395
1999-09-02,366.1297415385139
1999-09-03,368.1259339241378
1999-09-06,369.1255527685914
1999-09-07,369.0112330132481
1999-09-08,367.59605866272267
1999-09-09,370.26264477486933
1999-09-10,371.16520200475105
1999-09-13,372.72493820863514
1999-09-14,371.2511386793316
1999-09-15,370.83216863595544
1999-09-16,366.51368883471844
1999-09-17,366.35939356347797
1999-09-20,365.7991464313813
1999-09-21,364.81819736806943
1999-09-22,362.81979777682443
1999-09-23,360.3692599139551
1999-09-24,356.59418792980466
1999-09-27,356.56379884215374
1999-09-28,356.4091190834966
1999-09-29,356.2947863301792
1999-09-30,361.3201723616862
1999-10-01,361.8248056378446
1999-10-04,362.0667843792052
1999-10-05,360.45583914917273
1999-10-06,361.0807105995485
1999-10-07,360.8783842515125
1999-10-08,360.0231279744738
1999-10-11,360.706047361676
1999-10-12,358.73450265469666
1999-10-13,354.9089186628028
1999-10-14,353.9847103342738
1999-10-15,351.76125506123947
1999-10-18,347.2480165681023
1999-10-19,347.2332258749468
1999-10-20,349.19880597867547
1999-10-21,348.2545013415579
1999-10-22,350.1755007050927
1999-10-25,350.56379377396445
1999-10-26,349.3323570125456
1999-10-27,349.57338222472504
1999-10-28,351.1655182330546
1999-10-29,354.38692491140836
1999-11-01,355.22211660628574
1999-11-02,356.62341985446125
1999-11-03,357.5393940867345
1999-11-04,358.3443956245851
1999-11-05,357.5796778933582
1999-11-08,357.7568631635738
1999-11-09,358.4629208518027
1999-11-10,358.9191105844289
1999-11-11,356.60370542749064
1999-11-12,356.28172507101493
1999-11-15,355.99125048087274
1999-11-16,356.6268823118917
1999-11-17,358.99649570439277
1999-11-18,361.2367713963029
1999-11-19,360.77826817996396
1999-11-22,360.72083973035745
1999-11-23,359.07464356939005
1999-11-24,357.3049104890746
1999-11-25,356.35089239454345
1999-11-26,358.16303210125426
1999-11-29,357.3589164795592
1999-11-30,357.1814785300196
1999-12-01,357.0479100941002
1999-12-02,357.35764840741643
1999-12-03,358.6344578606683
1999-12-06,358.2861663082805
1999-12-07,358.2044591709724
1999-12-08,357.3474542287236
1999-12-09,355.53460316263715
1999-12-10,356.9590977228479
1999-12-13,356.42890139224704
1999-12-14,353.16728148370095
1999-12-15,351.8560765098153
1999-12-16,352.9719921404502
1999-12-17,352.94107463928634
1999-12-20,352.15308290652985
1999-12-21,353.9531891588819
1999-12-22,354.8752613831573
1999-12-23,357.0920491147894
1999-12-24,357.6476733720441
1999-12-27,357.5871477255433
1999-12-28,357.7565470911027
1999-12-29,361.0919487845608
1999-12-30,362.1514836053005
1999-12-31,364.718759240591
2000-01-03,363.06770282902403
2000-01-04,356.8993165351963
2000-01-05,356.1806773970644
2000-01-06,356.1416734284809
2000-01-07,360.4845469474046
2000-01-10,363.55258654080717
2000-01-11,362.00321862251036
2000-01-12,360.56342528694216
2000-01-13,364.63040025803275
2000-01-14,365.64964883468457
2000-01-17,368.14118131531535
2000-01-18,369.05010225872235
2000-01-19,369.3123761395633
2000-01-20,370.369501494142
2000-01-21,370.6923419707969
2000-01-24,367.6586460328846
2000-01-25,365.4112110387914
2000-01-26,365.6456407206346
2000-01-27,364.77352841990364
2000-01-28,359.7078811816274
2000-01-31,356.60716634397255
2000-02-01,357.3103306604822
2000-02-02,357.96976472831443
2000-02-03,360.9900676236702
2000-02-04,361.48147689808684
2000-02-07,361.8824870530323
2000-02-08,362.45716220749824
2000-02-09,361.43758174360994
2000-02-10,361.02215079477855
2000-02-11,358.7195904284394
2000-02-14,358.40625475483813
2000-02-15,358.1997734694148
2000-02-16,358.81570047045994
2000-02-17,360.6031985722549
2000-02-18,357.25632448474653
2000-02-21,356.0502927204325
2000-02-22,355.4126751956959
2000-02-23,356.1114935266221
2000-02-24,355.9864838485222
2000-02-25,356.18891232449374
2000-02-28,357.26045947058003
2000-02-29,362.5659359739181
2000-03-01,367.4292362587774
2000-03-02,367.4383944338883
2000-03-03,370.48397685972145
2000-03-06,369.1861010889181
2000-03-07,366.88131495723064
2000-03-08,366.4326064012725
2000-03-09,370.77470045001354
2000-03-10,370.9187416743261
2000-03-13,367.27880493975505
2000-03-14,364.83146873285665
2000-03-15,364.11244237744074
2000-03-16,371.5710556641802
2000-03-17,372.6526688373817
2000-03-20,369.3755911348801
2000-03-21,369.7446955696145
2000-03-22,371.9176005380597
2000-03-23,373.7126409569972
2000-03-24,374.15780500750816
2000-03-27,374.70795474344385
2000-03-28,373.10654030041167
2000-03-29,372.31405317942836
2000-03-30,369.7126257003706
2000-03-31,375.1518117421321
2000-04-03,370.2573887156707
2000-04-04,364.84958610187687
2000-04-05,366.0957977300833
2000-04-06,369.43704246062526
2000-04-07,371.7068690230177
2000-04-10,367.8277169848876
2000-04-11,366.0802052505856
2000-04-12,364.5385189461148
2000-04-13,362.07559181091807
2000-04-14,352.18415858905684
2000-04-17,346.4688727038773
2000-04-18,352.93295486874086
2000-04-19,354.34974913725966
2000-04-20,353.9660937903952
2000-04-21,353.0339731593233
2000-04-24,350.91977225871636
2000-04-25,355.67774987023836
2000-04-26,355.11174654860133
2000-04-27,354.9041656605943
2000-04-28,356.2290360463175
2000-05-01,360.1207676480856
2000-05-02,359.1243020887494
2000-05-03,355.4442725707612
2000-05-04,357.4535433682722
2000-05-05,359.1043358222288
2000-05-08,357.87092597962766
2000-05-09,356.03624895251096
2000-05-10,351.91508230127914
2000-05-11,354.844031935035
2000-05-12,356.69115575418584
2000-05-15,359.03949693119773
2000-05-16,361.2401659710415
2000-05-17,358.7870160872062
2000-05-18,356.90519987642796
2000-05-19,355.31711518341746
2000-05-22,352.2563267745891
2000-05-23,350.2944880483446
2000-05-24,348.61431149421196
2000-05-25,347.7972339783901
2000-05-26,348.3918996433151
2000-05-29,348.86667656491824
2000-05-30,353.03438030549745
2000-05-31,352.35996275615764
2000-06-01,356.3506235654028
2000-06-02,363.51200323215176
2000-06-05,365.148706432779
2000-06-06,367.176947920665
2000-06-07,369.1028010639787
2000-06-08,368.1850943825766
2000-06-09,369.5389517260084
2000-06-12,369.26959522485754
2000-06-13,370.04397664421083
2000-06-14,370.58006009992937
2000-06-15,369.9607125326643
2000-06-16,369.46454358400564
2000-06-19,370.77960005180324
2000-06-20,371.1457162396026
2000-06-21,371.70798057915493
2000-06-22,369.8560251122976
2000-06-23,368.73876788132344
2000-06-26,369.58630935818525
2000-06-27,370.48784734499566
2000-06-28,375.06520483772556
2000-06-29,376.6011307336985
2000-06-30,374.2454493704958
2000-07-03,378.97165772316197
2000-07-04,378.9837071931077
2000-07-05,377.21913155397976
2000-07-06,378.373795436984
2000-07-07,379.64353716401286
2000-07-10,382.019325819477
2000-07-11,382.5881488450564
2000-07-12,384.46075931876396
2000-07-13,383.4056724370525
2000-07-14,384.3792252912448
2000-07-17,384.0243353727448
2000-07-18,380.6721056539573
2000-07-19,378.0989685766681
2000-07-20,380.4204383326762
2000-07-21,377.5495376119031
2000-07-24,374.5480192492492
2000-07-25,374.5989021130281
2000-07-26,374.9184359499939
2000-07-27,371.51991805759326
2000-07-28,366.34355070276877
2000-07-31,367.8155584932022
2000-08-01,369.2715723717284
2000-08-02,369.6935514900621
2000-08-03,369.2826748415729
2000-08-04,371.77763717566324
2000-08-07,373.6175018394503
2000-08-08,373.93051182797717
2000-08-09,374.079090929309
2000-08-10,372.88098211288997
2000-08-11,376.39504669321417
2000-08-14,377.9542249272155
2000-08-15,377.53771146268997
2000-08-16,379.2159534875186
2000-08-17,379.52621496863304
2000-08-18,379.3651508188177
2000-08-21,378.6938729436428
2000-08-22,379.4949527798937
2000-08-23,378.9946093726245
2000-08-24,381.31986411782503
2000-08-25,382.561744326314
2000-08-28,382.15145278792113
2000-08-29,382.72644891210064
2000-08-30,383.3692736804538
2000-08-31,385.1955024240324
2000-09-01,387.2854347484403
2000-09-04,387.70530294106004
2000-09-05,386.040425667903
2000-09-06,385.53880939821005
2000-09-07,386.57478532631205
2000-09-08,384.7308953490781
2000-09-11,383.5661954312446
2000-09-12,381.6004680207357
2000-09-13,381.75133781005763
2000-09-14,382.83537773967544
2000-09-15,380.5822154191078
2000-09-18,375.1903888049441
2000-09-19,376.4304912922396
2000-09-20,377.1081328689585
2000-09-21,374.5645886467687
2000-09-22,374.4170944821656
2000-09-25,374.4352239117003
2000-09-26,372.6206442040849
2000-09-27,372.0370073338059
2000-09-28,375.9414940393264
2000-09-29,377.41982576663236
2000-10-02,374.0706575698966
2000-10-03,372.8480228601567
2000-10-04,372.2099236565881
2000-10-05,370.63800872139024
2000-10-06,367.69503804923914
2000-10-09,366.1491744701122
2000-10-10,363.78346876061596
2000-10-11,360.4774113010968
2000-10-12,355.44216268730816
2000-10-13,358.3910339781537
2000-10-16,358.2322027963906
2000-10-17,353.90569102838305
2000-10-18,351.14389760400894
2000-10-19,354.23688523312455
2000-10-20,357.2632996218408
2000-10-23,358.0817698031791
2000-10-24,358.63826971479216
2000-10-25,354.5337989397727
2000-10-26,355.15623437831835
2000-10-27,356.6533262776339
2000-10-30,359.16665864778224
2000-10-31,363.3603924205013
2000-11-01,365.0305006432273
2000-11-02,369.0450079142026
2000-11-03,370.1638150307745
2000-11-06,370.5331593475496
2000-11-07,371.1597116260556
2000-11-08,370.56496692680537
2000-11-09,368.4956641345132
2000-11-10,364.2827684940255
2000-11-13,362.2937652947715
2000-11-14,364.517654948274
2000-11-15,365.7595204166763
2000-11-16,362.465537752843
2000-11-17,363.2946136046542
2000-11-20,359.4041660402051
2000-11-21,357.5069205963211
2000-11-22,355.01547083556187
2000-11-23,354.58583424810513
2000-11-24,358.82566946363113
2000-11-27,360.2380709509026
2000-11-28,357.4489048766524
2000-11-29,355.8451965609966
2000-11-30,354.0987932970985
2000-12-01,359.6487723106948
2000-12-04,359.36459464150374
2000-12-05,365.04053985466834
2000-12-06,363.55110256357
2000-12-07,362.4969520184723
2000-12-08,369.23705680149556
2000-12-11,373.17912991334606
2000-12-12,369.98660500321466
2000-12-13,366.83239416276194
2000-12-14,364.44996137622684
2000-12-15,362.3834390976021
2000-12-18,363.76595121855524
2000-12-19,360.8938130145242
2000-12-20,355.03370597075946
2000-12-21,355.574341078791
2000-12-22,361.9969307166006
2000-12-25,363.2991234592886
2000-12-26,364.65078665410743
2000-12-27,369.6494190625545
2000-12-28,375.269396553334
2000-12-29,374.51430453701374
2001-01-01,374.52601211615547
2001-01-02,368.74963727855175
2001-01-03,375.0969848436962
2001-01-04,373.244237956901
2001-01-05,368.8181085863206
2001-01-08,368.21421504546623
2001-01-09,367.66411257088834
2001-01-10,371.10819714071516
2001-01-11,372.3858606411014
2001-01-12,373.14521989176865
2001-01-15,372.8934367402535
2001-01-16,377.70710177864004
2001-01-17,377.8501149241217
2001-01-18,379.2685166819832
2001-01-19,378.0051162387875
2001-01-22,378.98894802293677
2001-01-23,383.4143793412969
2001-01-24,382.32542925524945
2001-01-25,382.33625208856654
2001-01-26,382.14094553541526
2001-01-29,385.9881929670832
2001-01-30,387.8931361038304
2001-01-31,388.1453490128254
2001-02-01,390.44299107342016
2001-02-02,388.2654355706826
2001-02-05,388.6861278573575
2001-02-06,389.71904712335095
2001-02-07,389.94650230984666
2001-02-08,387.47314303613564
2001-02-09,385.3867254392422
2001-02-12,388.64766897245875
2001-02-13,388.41608892735417
2001-02-14,388.5205778248154
2001-02-15,390.3391677904894
2001-02-16,387.27704750999425
2001-02-19,386.86146667189854
2001-02-20,384.8651254869887
2001-02-21,380.8777956697651
2001-02-22,377.7577160184017
2001-02-23,378.05932628121474
2001-02-26,382.78217983091236
2001-02-27,381.36557011196004
2001-02-28,379.33746255781483
2001-03-01,378.74611646089625
2001-03-02,380.00110436823144
2001-03-05,379.4253849214764
2001-03-06,382.65453097468236
2001-03-07,384.05118929963726
2001-03-08,384.0697978678219
2001-03-09,381.8680552066981
2001-03-12,373.4840748412298
2001-03-13,371.59472862149846
2001-03-14,366.0684146805034
2001-03-15,364.78941937261516
2001-03-16,360.1406475023018
2001-03-19,363.7561415857898
2001-03-20,361.32693951781187
2001-03-21,358.23199669315005
2001-03-22,352.8380281609674
2001-03-23,358.51906809668645
2001-03-26,363.49761671632365
2001-03-27,365.81095177366484
2001-03-28,362.6528652827457
2001-03-29,361.23577853978946
2001-03-30,363.7465734511988
2001-04-02,359.46260471473
2001-04-03,355.2436624064585
2001-04-04,355.8102182730157
2001-04-05,363.83385926459425
2001-04-06,360.67523229735116
2001-04-09,362.4614152875143
2001-04-10,366.80640686973805
2001-04-11,366.0804787617817
2001-04-12,369.80106290896634
2001-04-13,369.9781134639892
2001-04-16,368.7896276319217
2001-04-17,370.98748818282706
2001-04-18,375.14479013211485
2001-04-19,379.1273548069263
2001-04-20,377.92448877126543
2001-04-23,376.6356344537665
2001-04-24,377.6474662461199
2001-04-25,381.87991944116607
2001-04-26,385.2889517771506
2001-04-27,386.9899692591563
2001-04-30,388.0082439590769
2001-05-01,392.8778680988658
2001-05-02,393.6395047975974
2001-05-03,392.4351966025361
2001-05-04,395.8000788474123
2001-05-07,394.95125195306633
2001-05-08,394.84165046712775
2001-05-09,393.97801495754476
2001-05-10,395.1380502639157
2001-05-11,394.3582651337294
2001-05-14,393.49694625831796
2001-05-15,395.5072992238184
2001-05-16,398.2246379023695
2001-05-17,402.35487855677496
2001-05-18,402.9680814514269
2001-05-21,407.4125201225952
2001-05-22,407.9589239899416
2001-05-23,405.8105402924128
2001-05-24,406.5186126959066
2001-05-25,406.02264179249653
2001-05-28,405.6286875292653
2001-05-29,404.01488067107124
2001-05-30,400.23065988257065
2001-05-31,401.170434523719
2001-06-01,403.85275245546876
2001-06-04,405.6982910052535
2001-06-05,408.1799403340929
2001-06-06,406.1140607469906
2001-06-07,407.509783675333
2001-06-08,406.04206952139924
2001-06-11,403.85369411885864
2001-06-12,402.4034613217839
2001-06-13,402.38322308476637
2001-06-14,398.41590274953626
2001-06-15,396.4439459246969
2001-06-18,393.5266192445674
2001-06-19,392.29985981221984
2001-06-20,393.48036685554
2001-06-21,395.51127111937393
2001-06-22,394.13104538544053
2001-06-25,393.78551205520955
2001-06-26,396.53872666296235
2001-06-27,397.59551867262604
2001-06-28,398.1997869702535
2001-06-29,404.9905911434107
2001-07-02,401.40780923762577
2001-07-03,401.28656677837745
2001-07-04,400.6760797942313
2001-07-05,398.52688411606476
2001-07-06,394.03757817650796
2001-07-09,393.522550909753
2001-07-10,392.13747579170195
2001-07-11,391.06560368817526
2001-07-12,396.1027363470169
2001-07-13,396.5325642560323
2001-07-16,394.64610228554227
2001-07-17,396.5005032931185
2001-07-18,395.41771568795383
2001-07-19,396.9980747721759
2001-07-20,397.15487260345174
2001-07-23,392.67392910895336
2001-07-24,389.2281594114392
2001-07-25,391.0603199259901
2001-07-26,393.7586944239834
2001-07-27,393.7117005065307
2001-07-30,392.6044858581637
2001-07-31,394.60943235516294
2001-08-01,397.8436530733366
2001-08-02,400.1166913831323
2001-08-03,399.4073743574987
2001-08-06,396.7920837302991
2001-08-07,397.09186033702065
2001-08-08,394.7929282567741
2001-08-09,394.38938326245415
2001-08-10,396.5624561231944
2001-08-13,396.57000062498867
2001-08-14,399.3165563706615
2001-08-15,401.956409322099
2001-08-16,402.9027831150308
2001-08-17,400.7630988883412
2001-08-20,400.7277515790897
2001-08-21,400.36634402755607
2001-08-22,402.7522120397556
2001-08-23,400.7478105929816
2001-08-24,402.82402073403085
2001-08-27,401.80844179357956
2001-08-28,399.40763127491164
2001-08-29,398.92821398049534
2001-08-30,395.36819749927736
2001-08-31,394.92813693833006
2001-09-03,393.0961034594582
2001-09-04,393.0140654020671
2001-09-05,390.41783649640126
2001-09-06,386.18423098620553
2001-09-07,381.7965847270273
2001-09-10,377.0578305230226
2001-09-11,376.6260143464514
2001-09-12,370.4390149553217
2001-09-13,371.6516879793808
2001-09-14,373.40195754920455
2001-09-17,358.562021637522
2001-09-18,357.2141481974729
2001-09-19,353.6685885547837
2001-09-20,344.128111578693
2001-09-21,336.38977432016384
2001-09-24,342.70110244666455
2001-09-25,345.7321105099738
2001-09-26,344.2597072854207
2001-09-27,345.3728146961864
2001-09-28,352.54022787177774
2001-10-01,350.9673153146005
2001-10-02,353.03982644785054
2001-10-03,357.280957693452
2001-10-04,360.18457451314896
2001-10-05,359.70079913450127
2001-10-08,357.655053231694
2001-10-09,355.8385184855591
2001-10-10,360.4033579374221
2001-10-11,364.66318502160146
2001-10-12,363.94894702985727
2001-10-15,364.856882625342
2001-10-16,366.9084811793157
2001-10-17,364.01523421345706
2001-10-18,360.81844426321345
2001-10-19,361.68378465005264
2001-10-22,363.0762253635295
2001-10-23,362.34622626531643
2001-10-24,362.66597964600743
2001-10-25,366.92321201135815
2001-10-26,367.96631014949054
2001-10-29,365.03973133247246
2001-10-30,361.66987468313266
2001-10-31,363.0647290581417
2001-11-01,365.61609184114195
2001-11-02,364.5998502511059
2001-11-05,366.55464383072353
2001-11-06,370.1359081156317
2001-11-07,369.3488715041884
2001-11-08,369.3304271725241
2001-11-09,368.7889098427365
2001-11-12,368.925933121545
2001-11-13,371.4425894685065
2001-11-14,373.72202578675643
2001-11-15,373.4247350891262
2001-11-16,374.49756104166227
2001-11-19,377.14572033071045
2001-11-20,376.02801203209685
2001-11-21,374.8922354307263
2001-11-22,375.0193195952682
2001-11-23,377.5360438649138
2001-11-26,379.50485918580256
2001-11-27,378.98130999376764
2001-11-28,376.04613271590574
2001-11-29,378.82459344262094
2001-11-30,378.66923670771996
2001-12-03,375.62406155822583
2001-12-04,379.79192739770264
2001-12-05,384.6615456325078
2001-12-06,386.4380140917813
2001-12-07,385.6319580861406
2001-12-10,382.103497132419
2001-12-11,381.1478051110972
2001-12-12,382.2044875394905
2001-12-13,378.78994885989266
2001-12-14,379.09032543506953
2001-12-17,381.1744246525101
2001-12-18,382.8496337360345
2001-12-19,380.96916480528733
2001-12-20,379.2999237637593
2001-12-21,382.4870153293828
2001-12-24,383.1013574245614
2001-12-25,383.3077825944681
2001-12-26,384.5003133665682
2001-12-27,387.0359800175336
2001-12-28,389.1334092977997
2001-12-31,388.7972089972473
2002-01-01,388.7832641316144
2002-01-02,387.8169385229381
2002-01-03,390.9266749715681
2002-01-04,393.8679575847775
2002-01-07,391.9080249633758
2002-01-08,391.8098923737672
2002-01-09,390.5373783210999
2002-01-10,389.7841809629609
2002-01-11,387.84787201880863
2002-01-14,384.8787433829692
2002-01-15,385.24552917240675
2002-01-16,381.4307994476677
2002-01-17,382.90844095576796
2002-01-18,381.39117365653726
2002-01-21,382.37472152729333
2002-01-22,379.4834046234662
2002-01-23,382.06015153574253
2002-01-24,382.8793607323636
2002-01-25,382.711307393261
2002-01-28,384.32111520381244
2002-01-29,381.1164593721368
2002-01-30,382.6531251276073
2002-01-31,384.40277750986746
2002-02-01,383.12797994652146
2002-02-04,379.6722199372513
2002-02-05,377.9035982062793
2002-02-06,375.5469199791515
2002-02-07,374.2239762818002
2002-02-08,378.43092825946
2002-02-11,381.6412901288164
2002-02-12,383.51476817670715
2002-02-13,386.14701109818753
2002-02-14,385.37475957340365
2002-02-15,385.5619128615818
2002-02-18,385.6954245775886
2002-02-19,381.55275892608864
2002-02-20,384.340547275548
2002-02-21,382.0099406521233
2002-02-22,385.59471650138846
2002-02-25,386.73393898753375
2002-02-26,388.1377567189554
2002-02-27,390.4620954784618
2002-02-28,390.83656782670084
2002-03-01,395.53570301573814
2002-03-04,402.56741465134985
2002-03-05,402.45723012947326
2002-03-06,406.8406082440598
2002-03-07,410.5347123617979
2002-03-08,411.66121345865974
2002-03-11,413.3775764067237
2002-03-12,411.68833276864865
2002-03-13,409.3230857317617
2002-03-14,411.1029540723374
2002-03-15,413.07914006693807
2002-03-18,413.91857680581825
2002-03-19,415.74782621387106
2002-03-20,414.04478631627666
2002-03-21,416.0514894859947
2002-03-22,414.462414333844
2002-03-25,411.45894763586125
2002-03-26,413.6962639417284
2002-03-27,417.5100061277261
2002-03-28,417.70433633207966
2002-03-29,416.83058449861653
2002-04-01,416.02306170698165
2002-04-02,415.5813321020841
2002-04-03,414.79374915043485
2002-04-04,416.7149280696049
2002-04-05,417.50090446370257
2002-04-08,420.2537279914847
2002-04-09,420.3705090932712
2002-04-10,425.8805668784605
2002-04-11,422.68397547003707
2002-04-12,426.38708890258835
2002-04-15,425.2225576085084
2002-04-16,430.2941722150162
2002-04-17,430.1650588627455
2002-04-18,430.5875295455415
2002-04-19,430.576777775874
2002-04-22,428.641453321962
2002-04-23,428.2893012340215
2002-04-24,427.5122966937657
2002-04-25,429.0646149329565
2002-04-26,426.34307629583463
2002-04-29,425.89421809072036
2002-04-30,429.8800810367965
2002-05-01,431.7557070404726
2002-05-02,434.04378982169055
2002-05-03,435.3235213111499
2002-05-06,431.1854096089172
2002-05-07,428.52396233064917
2002-05-08,431.91498992166964
2002-05-09,428.7974446933151
2002-05-10,425.87261940360594
2002-05-13,428.07931946415357
2002-05-14,432.0319949672619
2002-05-15,434.1098879975238
2002-05-16,432.78214763424455
2002-05-17,435.58289516494597
2002-05-20,434.14411365854824
2002-05-21,432.5168494046263
2002-05-22,433.19400294214256
2002-05-23,436.12756400139443
2002-05-24,434.712320454043
2002-05-27,435.0554741150867
2002-05-28,434.6902415652834
2002-05-29,432.75569620184007
2002-05-30,433.26432209657105
2002-05-31,433.34007717167924
2002-06-03,428.17967621026526
2002-06-04,426.61798604693956
2002-06-05,426.4535586025409
2002-06-06,421.82598617500287
2002-06-07,422.989721809002
2002-06-10,422.37425235576904
2002-06-11,418.81034097272044
2002-06-12,418.2540796745711
2002-06-13,413.9748821530768
2002-06-14,412.70236809513307
2002-06-17,417.7352400942838
2002-06-18,418.32422549648504
2002-06-19,413.5338621002356
2002-06-20,412.4620306614263
2002-06-21,413.39379009979757
2002-06-24,412.5664529806189
2002-06-25,409.784447192113
2002-06-26,408.33468193269175
2002-06-27,411.26635743686694
2002-06-28,416.11770155872864
2002-07-01,412.0693616814656
2002-07-02,404.1999955973585
2002-07-03,400.74831130420364
2002-07-04,400.5738096395617
2002-07-05,408.0382947054734
2002-07-08,406.0219932896667
2002-07-09,403.612851449392
2002-07-10,396.39389155363943
2002-07-11,391.844635592691
2002-07-12,389.32250791716433
2002-07-15,385.78691205072585
2002-07-16,382.54779239193357
2002-07-17,382.39543830846947
2002-07-18,377.57038416413735
2002-07-19,370.3151473625564
2002-07-22,362.2490344395007
2002-07-23,351.00405737338394
2002-07-24,358.0551479078272
2002-07-25,361.0153993973908
2002-07-26,361.42121320557635
2002-07-29,374.2847729512268
2002-07-30,376.82364648972674
2002-07-31,375.37214546105696
2002-08-01,371.56588261940465
2002-08-02,364.5418866753342
2002-08-05,357.9777090132165
2002-08-06,361.57394496215613
2002-08-07,365.7142239328231
2002-08-08,369.838229572631
2002-08-09,371.7782087111261
2002-08-12,371.5435397506215
2002-08-13,366.2490508235059
2002-08-14,373.9013816376058
2002-08-15,375.6193694196935
2002-08-16,377.5316037690321
2002-08-19,379.5940112504173
2002-08-20,377.8087917016434
2002-08-21,382.78127151476383
2002-08-22,385.50948748031175
2002-08-23,380.63981714922716
2002-08-26,385.44379963520055
2002-08-27,382.830251935009
2002-08-28,378.0072719339419
2002-08-29,378.1448511200312
2002-08-30,377.6599378575984
2002-09-02,377.3906159474022
2002-09-03,370.40479799576593
2002-09-04,373.32012328120675
2002-09-05,369.088851394177
2002-09-06,373.6455995627386
2002-09-09,374.2895979105493
2002-09-10,374.6872226404248
2002-09-11,374.8822065820108
2002-09-12,370.53229912130183
2002-09-13,371.0010360266033
2002-09-16,368.42224623397937
2002-09-17,364.93363554077814
2002-09-18,362.70249644359086
2002-09-19,357.05962113016443
2002-09-20,356.95189371435725
2002-09-23,351.34191044354526
2002-09-24,347.13533615140415
2002-09-25,351.7633276799497
2002-09-26,357.2372085028509
2002-09-27,352.4905137240252
2002-09-30,351.2088921358281
2002-10-01,354.35396986097595
2002-10-02,347.6618970552048
2002-10-03,345.1675589634684
2002-10-04,338.8001784917536
2002-10-07,330.3528770130172
2002-10-08,330.8698140296297
2002-10-09,321.2285060712043
2002-10-10,327.5232343742347
2002-10-11,335.6990946606137
2002-10-14,335.79940345610095
2002-10-15,346.5865627777192
2002-10-16,340.865157741494
2002-10-17,347.4922042626171
2002-10-18,347.5019546462889
2002-10-21,351.4668522503838
2002-10-22,347.05265445033797
2002-10-23,350.59887752626963
2002-10-24,348.31305756177005
2002-10-25,353.1213741440236
2002-10-28,351.6909708893129
2002-10-29,349.7389074359356
2002-10-30,352.5331368006848
2002-10-31,353.7452525525116
2002-11-01,358.52728438037354
2002-11-04,360.3313324372407
2002-11-05,361.4275431726502
2002-11-06,364.62447313891136
2002-11-07,360.6698565168082
2002-11-08,358.10216976259795
2002-11-11,351.82429919434884
2002-11-12,354.1808115055098
2002-11-13,353.2631753396175
2002-11-14,357.6085449599769
2002-11-15,359.06839345456984
2002-11-18,356.7530674332937
2002-11-19,354.1078060938576
2002-11-20,357.88551736316833
2002-11-21,364.3908684623353
2002-11-22,366.3384441232903
2002-11-25,368.8306322546371
2002-11-26,364.8098647427987
2002-11-27,370.99199084886413
2002-11-28,372.68144452655434
2002-11-29,372.11616916586183
2002-12-02,372.87760630647284
2002-12-03,368.9186315951272
2002-12-04,366.51966303774856
2002-12-05,364.5303884352943
2002-12-06,365.57515471644086
2002-12-09,360.7576677160376
2002-12-10,363.9778567730969
2002-12-11,364.4242003424331
2002-12-12,364.8257076293405
2002-12-13,362.32462433617354
2002-12-16,366.1225678437555
2002-12-17,364.732686669178
2002-12-18,360.26349960011163
2002-12-19,360.20210497390985
2002-12-20,362.3696320514116
2002-12-23,363.44017958169525
2002-12-24,363.15694739632505
2002-12-25,363.291084060233
2002-12-26,365.08152671325433
2002-12-27,362.8867536082632
2002-12-30,363.93223955790313
2002-12-31,365.68395931797716
2003-01-01,365.6834778189026
2003-01-02,370.88437297029014
2003-01-03,371.03084925998047
2003-01-06,376.8606608877001
2003-01-07,373.3864695062577
2003-01-08,369.5612923187382
2003-01-09,373.7313034294708
2003-01-10,374.5266707248138
2003-01-13,374.69148622467367
2003-01-14,376.4444811875056
2003-01-15,374.99354720267365
2003-01-16,374.50666384682944
2003-01-17,371.47011893841346
2003-01-20,371.1306056127269
2003-01-21,368.11040456535954
2003-01-22,365.0018018541139
2003-01-23,367.61893216113924
2003-01-24,362.6587053307873
2003-01-27,356.4015173954088
2003-01-28,357.66534276912154
2003-01-29,357.3957480186164
2003-01-30,353.7221227070936
2003-01-31,356.1574515322722
2003-02-03,356.95561423610116
2003-02-04,356.4252834142762
2003-02-05,355.67576553817673
2003-02-06,353.5480788701127
2003-02-07,350.164257412119
2003-02-10,351.5481926656411
2003-02-11,349.9733873427081
2003-02-12,347.4414772201713
2003-02-13,347.4678336393338
2003-02-14,348.7665595771383
2003-02-17,349.58570674254776
2003-02-18,353.85557306404587
2003-02-19,352.31407483720335
2003-02-20,351.62267635435535
2003-02-21,354.15452223839463
2003-02-24,350.69479564852804
2003-02-25,350.2898002314769
2003-02-26,348.5190426536847
2003-02-27,350.43375483466616
2003-02-28,351.1206815274499
2003-03-03,351.733303369693
2003-03-04,349.35145394137714
2003-03-05,349.4921268362131
2003-03-06,347.47067295273695
2003-03-07,346.5583417089489
2003-03-10,341.1186421711005
2003-03-11,338.3132645343827
2003-03-12,336.69389794867055
2003-03-13,342.00941188577326
2003-03-14,341.8545379647091
2003-03-17,348.1298244409256
2003-03-18,350.4047851489785
2003-03-19,351.2336508382831
2003-03-20,353.94136467394236
2003-03-21,358.7107696001547
2003-03-24,353.44504052904267
2003-03-25,355.4207095017339
2003-03-26,353.66362934695604
2003-03-27,353.955362623695
2003-03-28,353.8574596530463
2003-03-31,351.17725810738926
2003-04-01,353.9103910531943
2003-04-02,358.9652695609143
2003-04-03,357.72576968757534
2003-04-04,357.93127835900975
2003-04-07,361.08475960643267
2003-04-08,359.68327443526357
2003-04-09,358.85539725438775
2003-04-10,360.53774081121
2003-04-11,359.5794071521072
2003-04-14,363.64649516262955
2003-04-15,366.24151070415706
2003-04-16,365.8168936155356
2003-04-17,369.4204107408392
2003-04-18,369.57880440253865
2003-04-21,370.4911672876749
2003-04-22,375.3495761099113
2003-04-23,377.9779699230459
2003-04-24,376.6744695821061
2003-04-25,373.53896071182476
2003-04-28,377.8019585849319
2003-04-29,379.3808025764345
2003-04-30,382.3443500508586
2003-05-01,383.48501835773885
2003-05-02,387.88352096500375
2003-05-05,390.11615794608895
2003-05-06,393.91533310665824
2003-05-07,393.9160336996735
2003-05-08,391.8907115355706
2003-05-09,395.98843380720695
2003-05-12,400.2144574459114
2003-05-13,401.0175231940079
2003-05-14,402.3878795665196
2003-05-15,404.49438936957233
2003-05-16,404.9175686459654
2003-05-19,399.41947078707926
2003-05-20,399.89528150259935
2003-05-21,400.07655528998816
2003-05-22,402.6724265561764
2003-05-23,406.07695218170227
2003-05-26,406.4261953512778
2003-05-27,410.2355587631778
2003-05-28,411.0450167155892
2003-05-29,412.17644103465955
2003-05-30,417.1663897005848
2003-06-02,420.44976470414076
2003-06-03,419.82514497447556
2003-06-04,425.23735891593
2003-06-05,430.2077188377839
2003-06-06,430.49620724046446
2003-06-09,425.6935202595647
2003-06-10,428.10335607141707
2003-06-11,432.97339073272065
2003-06-12,434.2471600694025
2003-06-13,431.04538296864325
2003-06-16,436.62932839652615
2003-06-17,437.51536400103333
2003-06-18,436.06525860534094
2003-06-19,432.4850125871525
2003-06-20,432.2209913449512
2003-06-23,427.1854670912936
2003-06-24,426.1773801362676
2003-06-25,428.22336541195966
2003-06-26,429.37411061572124
2003-06-27,429.4317169222787
2003-06-30,429.17964846703745
2003-07-01,431.7671838906774
2003-07-02,438.23960971440533
2003-07-03,437.6702778699754
2003-07-04,437.6810438924556
2003-07-07,442.7927657037768
2003-07-08,445.15597694238596
2003-07-09,445.7904542647243
2003-07-10,441.52424626402916
2003-07-11,443.30711541144825
2003-07-14,447.3675049948793
2003-07-15,444.9626734197878
2003-07-16,442.07619021719984
2003-07-17,434.8009096548441
2003-07-18,437.3986567826064
2003-07-21,434.6629232782467
2003-07-22,437.0381343550442
2003-07-23,439.2479338792718
2003-07-24,440.2877092522876
2003-07-25,443.3043933652457
2003-07-28,445.78258738001585
2003-07-29,445.47777151860447
2003-07-30,444.9405960115138
2003-07-31,445.1200059063328
2003-08-01,442.68439153747437
2003-08-04,440.9973302189269
2003-08-05,437.01579510872966
2003-08-06,435.2545969677009
2003-08-07,436.8864589641198
2003-08-08,437.461778177316
2003-08-11,439.90990671827655
2003-08-12,443.9262377214363
2003-08-13,444.90212245382554
2003-08-14,447.6792836356248
2003-08-15,448.72765036457474
2003-08-18,453.10964877160194
2003-08-19,456.9543310135364
2003-08-20,459.1653205751644
2003-08-21,462.44362354169135
2003-08-22,457.9527786758117
2003-08-25,457.12907917216125
2003-08-26,457.64054504877765
2003-08-27,459.3763701129661
2003-08-28,461.60457383399546
2003-08-29,464.9916802554641
2003-09-01,466.73153877291327
2003-09-02,471.56312662812405
2003-09-03,474.65356781349357
2003-09-04,474.515189145442
2003-09-05,473.004453451732
2003-09-08,477.28093828129204
2003-09-09,476.3341138515789
2003-09-10,469.27784191791653
2003-09-11,471.2108716696922
2003-09-12,473.6595239236296
2003-09-15,473.3464590673076
2003-09-16,477.99429425361575
2003-09-17,478.36660381963975
2003-09-18,482.59684820338555
2003-09-19,485.3522748487666
2003-09-22,482.72522976525335
2003-09-23,485.0933605166521
2003-09-24,479.946523743115
2003-09-25,474.392095727171
2003-09-26,469.8951654790353
2003-09-29,473.90185138896
2003-09-30,472.0189982704291
2003-10-01,480.61118166373046
2003-10-02,484.4363976974362
2003-10-03,489.8801755242988
2003-10-06,492.48963837083033
2003-10-07,494.9565067822008
2003-10-08,493.5333284062053
2003-10-09,496.940919499673
2003-10-10,498.35097713087157
2003-10-13,501.95734157183426
2003-10-14,503.95652663772165
2003-10-15,502.96996934871686
2003-10-16,505.14430640080207
2003-10-17,501.29307398346975
2003-10-20,501.92805338458334
2003-10-21,503.7874907479346
2003-10-22,497.0046110042715
2003-10-23,491.43392689245997
2003-10-24,491.07365231431294
2003-10-27,496.25166463964695
2003-10-28,500.81099954804137
2003-10-29,504.689626221064
2003-10-30,505.40800405421845
2003-10-31,503.80744076092435
2003-11-03,507.1478219041916
2003-11-04,510.05775035533117
2003-11-05,509.98005301333285
2003-11-06,510.8110328234929
2003-11-07,512.5560863357942
2003-11-10,509.11320966156075
2003-11-11,504.3795664452638
2003-11-12,510.4426830132066
2003-11-13,512.6946030786468
2003-11-14,509.3804003565139
2003-11-17,502.06230102124107
2003-11-18,500.52552732833396
2003-11-19,500.8510284209568
2003-11-20,499.4549631700924
2003-11-21,501.19409949312126
2003-11-24,506.9210545248624
2003-11-25,510.60715525635015
2003-11-26,514.7534898121578
2003-11-27,514.8581722658928
2003-11-28,515.1538324391383
2003-12-01,521.2242661108247
2003-12-02,522.3996918943333
2003-12-03,520.9735682502806
2003-12-04,520.855791612652
2003-12-05,519.4557205818049
2003-12-08,522.462610105834
2003-12-09,519.6473876165668
2003-12-10,515.9418553220155
2003-12-11,521.2402712014624
2003-12-12,524.9803013836944
2003-12-15,521.9447782480063
2003-12-16,522.3534069904549
2003-12-17,522.8847453881513
2003-12-18,527.4020563691658
2003-12-19,528.2043395360711
2003-12-22,531.0128216560163
2003-12-23,533.8991678523018
2003-12-24,534.2370047768164
2003-12-25,534.4218880279766
2003-12-26,536.0012243282927
2003-12-29,541.3353092660941
2003-12-30,544.0623824313313
2003-12-31,541.578965478768
2004-01-01,541.583349371402
2004-01-02,543.415104878645
2004-01-05,549.6600268850547
2004-01-06,550.3921649014022
2004-01-07,551.5985094895859
2004-01-08,555.2867499451816
2004-01-09,555.3302546298988
2004-01-12,557.9122948310144
2004-01-13,557.8976963889479
2004-01-14,560.753229374443
2004-01-15,559.7987965525379
2004-01-16,560.9412981400217
2004-01-19,560.8145281104278
2004-01-20,566.4968406150824
2004-01-21,568.8841043175762
2004-01-22,568.6585803511274
2004-01-23,569.9392078166244
2004-01-26,571.3993397942304
2004-01-27,569.9760986185034
2004-01-28,563.7832789903636
2004-01-29,558.4218770231715
2004-01-30,560.9474765151042
2004-02-02,562.1888299826871
2004-02-03,562.5388542678077
2004-02-04,553.8813025237222
2004-02-05,557.0716771138808
2004-02-06,565.6020056004037
2004-02-09,567.5647400173845
2004-02-10,571.0499756510624
2004-02-11,574.2496356505562
2004-02-12,575.4233464159478
2004-02-13,573.5313402168842
2004-02-16,574.4050095265513
2004-02-17,579.7663507204379
2004-02-18,578.4379033118465
2004-02-19,573.9316217477844
2004-02-20,569.9333181176551
2004-02-23,567.509842923057
2004-02-24,568.21927688985
2004-02-25,570.0198903283793
2004-02-26,571.1907672901
2004-02-27,575.0625992775443
2004-03-01,583.1891536979298
2004-03-02,580.7474236840924
2004-03-03,578.7118694604695
2004-03-04,581.9761905447489
2004-03-05,585.6186180983644
2004-03-08,582.5454661088878
2004-03-09,580.3607518984254
2004-03-10,571.5057813851307
2004-03-11,565.2995258191322
2004-03-12,571.1581618840058
2004-03-15,564.9403880264682
2004-03-16,567.869404751244
2004-03-17,576.0508536596856
2004-03-18,577.0441082818489
2004-03-19,575.758283769622
2004-03-22,569.1271792500363
2004-03-23,569.8880155309647
2004-03-24,568.067951362182
2004-03-25,575.0957923903933
2004-03-26,576.5422436407409
2004-03-29,583.3880522744062
2004-03-30,586.9943689342733
2004-03-31,591.663538559275
2004-04-01,596.8386607747364
2004-04-02,597.8540701661775
2004-04-05,595.9899102575254
2004-04-06,593.0527822990579
2004-04-07,595.8189213161801
2004-04-08,592.8462343368171
2004-04-09,591.7460597627328
2004-04-12,591.7236781134741
2004-04-13,584.0798629482044
2004-04-14,576.5948093850334
2004-04-15,575.6953471978246
2004-04-16,581.073641713355
2004-04-19,580.7741835337914
2004-04-20,575.6548709041892
2004-04-21,576.1034224853397
2004-04-22,581.6728442001912
2004-04-23,581.2061345148361
2004-04-26,581.8325248079458
2004-04-27,581.7067476776011
2004-04-28,573.5915522749981
2004-04-29,566.727477237556
2004-04-30,562.0106641502123
2004-05-03,564.5072609152386
2004-05-04,568.8027420800626
2004-05-05,570.0390640292231
2004-05-06,563.3708554454137
2004-05-07,549.5376080428736
2004-05-10,533.5160346967507
2004-05-11,538.5238081087565
2004-05-12,542.1218204311043
2004-05-13,539.1995389491593
2004-05-14,537.7900395790775
2004-05-17,530.3329634445621
2004-05-18,536.020294564722
2004-05-19,541.336274089235
2004-05-20,541.2712693606675
2004-05-21,546.7108022251368
2004-05-24,550.2438242997159
2004-05-25,557.8658494514384
2004-05-26,562.123358006056
2004-05-27,565.3873102248724
2004-05-28,567.8956879856308
2004-05-31,568.0696749980528
2004-06-01,569.5240875883698
2004-06-02,570.4724642203619
2004-06-03,563.5329405223907
2004-06-04,567.0894068082708
2004-06-07,576.5663578446205
2004-06-08,576.8328514068348
2004-06-09,572.6493919315965
2004-06-10,574.3395881015674
2004-06-11,573.006268567779
2004-06-14,565.9177991605029
2004-06-15,570.9648749567059
2004-06-16,573.7987644563813
2004-06-17,576.1020706260539
2004-06-18,577.293581936654
2004-06-21,578.8166482293627
2004-06-22,579.4006948053999
2004-06-23,583.4726566951094
2004-06-24,585.0694480526394
2004-06-25,587.6949404325325
2004-06-28,588.7156297648396
2004-06-29,588.4987033437611
2004-06-30,592.3223548005722
2004-07-01,589.0316023323156
2004-07-02,589.9921013528544
2004-07-05,587.8140451791946
2004-07-06,582.9819014389155
2004-07-07,584.8396276681754
2004-07-08,579.2592172057081
2004-07-09,581.8284236072079
2004-07-12,583.0890658510677
2004-07-13,582.075567742135
2004-07-14,579.8824767701784
2004-07-15,580.493230189452
2004-07-16,581.5028493731662
2004-07-19,582.1304111467041
2004-07-20,583.6112430280856
2004-07-21,575.4532579648927
2004-07-22,571.6139085525851
2004-07-23,566.3910520391396
2004-07-26,562.529433344333
2004-07-27,564.0044532013396
2004-07-28,564.4681875964843
2004-07-29,568.1946806721578
2004-07-30,570.7703276376392
2004-08-02,573.3262064653551
2004-08-03,570.3388822460063
2004-08-04,568.0743234810403
2004-08-05,562.1085958740075
2004-08-06,557.8021664902502
2004-08-09,555.4519892001948
2004-08-10,562.0466114613596
2004-08-11,559.9172433774488
2004-08-12,555.176634129327
2004-08-13,555.1389997636694
2004-08-16,560.8057159337918
2004-08-17,562.4079152774625
2004-08-18,567.9857501538719
2004-08-19,568.0771446117058
2004-08-20,573.3833722340551
2004-08-23,571.4533236262462
2004-08-24,572.0331370700894
2004-08-25,574.6680062182118
2004-08-26,575.2561911507736
2004-08-27,577.8786532686984
2004-08-30,574.4712176144628
2004-08-31,577.2929990279077
2004-09-01,580.771036475073
2004-09-02,584.791686278423
2004-09-03,581.5400946067629
2004-09-06,583.6741494885268
2004-09-07,587.9188990131827
2004-09-08,586.0854016481982
2004-09-09,587.453683127085
2004-09-10,589.969489333513
2004-09-13,590.7408190326003
2004-09-14,590.0721502684698
2004-09-15,586.2682462713724
2004-09-16,590.8367037739151
2004-09-17,590.1313930428978
2004-09-20,588.2131624933104
2004-09-21,592.1986613827322
2004-09-22,586.9386328362314
2004-09-23,586.1874067652403
2004-09-24,585.9549678201231
2004-09-27,582.7023655341342
2004-09-28,586.2217583826476
2004-09-29,589.2180875335113
2004-09-30,593.8317526626763
2004-10-01,601.3361295723355
2004-10-04,603.360621126493
2004-10-05,603.5758419459459
2004-10-06,607.0286202479615
2004-10-07,601.9370966461859
2004-10-08,601.7272673807333
2004-10-11,602.1072504768449
2004-10-12,599.9657558113028
2004-10-13,593.9465783141392
2004-10-14,591.236861957921
2004-10-15,594.9822174554935
2004-10-18,594.8770021998876
2004-10-19,593.3111054885223
2004-10-20,593.5846880079356
2004-10-21,597.8818608406319
2004-10-22,594.6588139796006
2004-10-25,596.4312922417676
2004-10-26,601.0361007067222
2004-10-27,606.2171396707863
2004-10-28,605.9986946810287
2004-10-29,606.0481749972847
2004-11-01,607.9903119538025
2004-11-02,608.311462572108
2004-11-03,616.3579025967248
2004-11-04,622.8244153788985
2004-11-05,624.8002282849959
2004-11-08,623.7793143676475
2004-11-09,625.5472871344718
2004-11-10,626.3888740155471
2004-11-11,630.0735926240184
2004-11-12,637.3085850322685
2004-11-15,639.2477223067247
2004-11-16,636.3553050759839
2004-11-17,639.8192768450274
2004-11-18,638.7725482890621
2004-11-19,636.1726923741796
2004-11-22,638.6087884316897
2004-11-23,641.7203801375091
2004-11-24,646.9692923106722
2004-11-25,648.6813669852185
2004-11-26,649.130528252973
2004-11-29,650.8330961603946
2004-11-30,650.7068883018211
2004-12-01,656.8516976481212
2004-12-02,655.8421532013862
2004-12-03,658.7444107977225
2004-12-06,657.2463432981394
2004-12-07,650.0482093040129
2004-12-08,647.897915279645
2004-12-09,646.4091163634275
2004-12-10,647.5156502025138
2004-12-13,652.6461080013916
2004-12-14,655.3185517064232
2004-12-15,662.6321849364465
2004-12-16,658.9047609346919
2004-12-17,659.5301620434843
2004-12-20,660.6270469871234
2004-12-21,664.7388606866766
2004-12-22,666.9848972811645
2004-12-23,668.2350204381034
2004-12-24,669.9139078875531
2004-12-27,668.4345792701288
2004-12-28,673.0683645791919
2004-12-29,672.5773367336877
2004-12-30,675.9897421222935
2004-12-31,676.5147815538867
2005-01-03,668.4111746068411
2005-01-04,659.9810866461165
2005-01-05,651.8051251955748
2005-01-06,652.0451838169207
2005-01-07,649.8476964323205
2005-01-10,652.76319732747
2005-01-11,651.2523928837722
2005-01-12,654.679879086908
2005-01-13,653.475979720083
2005-01-14,657.1298704429231
2005-01-17,658.6990946354667
2005-01-18,661.9795635326428
2005-01-19,660.1240243345342
2005-01-20,655.4740620388737
2005-01-21,655.3007678388858
2005-01-24,653.4120959544521
2005-01-25,651.6344081810195
2005-01-26,659.0510777204768
2005-01-27,659.4984220702128
2005-01-28,657.2539219386091
2005-01-31,665.2995993256136
2005-02-01,668.4383328147306
2005-02-02,672.6639896854342
2005-02-03,670.677650408121
2005-02-04,677.5081847049818
2005-02-07,676.6034106678554
2005-02-08,676.4850847370024
2005-02-09,671.5862070148905
2005-02-10,674.4799298433408
2005-02-11,678.8574411802117
2005-02-14,681.610830188792
2005-02-15,682.0378589425653
2005-02-16,682.0520325124662
2005-02-17,679.8089170039522
2005-02-18,679.3243361854113
2005-02-21,679.2763239412601
2005-02-22,672.1373112588608
2005-02-23,671.2029612431955
2005-02-24,675.0605855103172
2005-02-25,683.7811044043046
2005-02-28,685.0978409865069
2005-03-01,688.9752416631965
2005-03-02,687.2729665370077
2005-03-03,688.284312849191
2005-03-04,696.6568249156888
2005-03-07,697.0702925303899
2005-03-08,695.9507917669905
2005-03-09,691.2952774258523
2005-03-10,689.4376962339508
2005-03-11,690.812896204517
2005-03-14,691.8150780737437
2005-03-15,690.2228794864435
2005-03-16,687.997416855113
2005-03-17,688.6264718671368
2005-03-18,686.8502306105582
2005-03-21,684.025129876863
2005-03-22,681.5567542635928
2005-03-23,672.5707188145423
2005-03-24,673.1845214506174
2005-03-25,673.3618448550396
2005-03-28,671.7282479185434
2005-03-29,664.5524529645644
2005-03-30,669.5752518294136
2005-03-31,674.4508136205363
2005-04-01,673.8276335093994
2005-04-04,671.2564259107107
2005-04-05,672.6462383939495
2005-04-06,674.4292238987802
2005-04-07,677.5341237373028
2005-04-08,673.3422925857369
2005-04-11,672.368738488318
2005-04-12,674.001446582413
2005-04-13,669.8145865967675
2005-04-14,659.5933424709159
2005-04-15,650.8688791088368
2005-04-18,647.6189141680273
2005-04-19,657.2512265481029
2005-04-20,652.1396121863085
2005-04-21,657.0361344133012
2005-04-22,657.1400103951486
2005-04-25,662.0178324818813
2005-04-26,656.5561240412775
2005-04-27,655.3498330162328
2005-04-28,648.4819983689813
2005-04-29,652.9181809256461
2005-05-02,655.0896655706473
2005-05-03,653.5890255388628
2005-05-04,660.8315799967908
2005-05-05,661.5143107381817
2005-05-06,662.6268236531979
2005-05-09,665.6130488894105
2005-05-10,661.4115829812974
2005-05-11,661.2795729433398
2005-05-12,653.654237935293
2005-05-13,648.3130114574163
2005-05-16,651.7847601188289
2005-05-17,653.7199159692203
2005-05-18,661.6113444111993
2005-05-19,665.1001841969495
2005-05-20,663.8243816018767
2005-05-23,668.133894288208
2005-05-24,667.4220096195298
2005-05-25,662.7084725140934
2005-05-26,666.6315975903556
2005-05-27,669.5323783827004
2005-05-30,670.9483954346542
2005-05-31,672.550458807587
2005-06-01,677.2645958361223
2005-06-02,678.3881798071719
2005-06-03,677.5807840916145
2005-06-06,680.0709874652619
2005-06-07,681.7878577718274
2005-06-08,682.237957817422
2005-06-09,681.4516787228973
2005-06-10,682.4033092342833
2005-06-13,683.3354592916129
2005-06-14,686.9576594145012
2005-06-15,690.0975739467451
2005-06-16,694.8842867074818
2005-06-17,698.1986476202179
2005-06-20,696.1174586751758
2005-06-21,695.8944275214438
2005-06-22,697.2565936761434
2005-06-23,692.6119991465908
2005-06-24,687.8653004580694
2005-06-27,686.1645318923886
2005-06-28,693.1376835082598
2005-06-29,693.5965951591626
2005-06-30,692.0067564078183
2005-07-01,693.652384501582
2005-07-04,693.6853010971984
2005-07-05,697.4452398893543
2005-07-06,695.955443906988
2005-07-07,694.1635975557542
2005-07-08,702.3313827542191
2005-07-11,710.1308042943735
2005-07-12,712.4301631248322
2005-07-13,709.3219438388822
2005-07-14,706.749533368731
2005-07-15,706.0989728573369
2005-07-18,704.4885596895928
2005-07-19,708.0105874587789
2005-07-20,712.8387083384105
2005-07-21,712.0746593356764
2005-07-22,717.2023503828033
2005-07-25,713.884105477368
2005-07-26,714.7725428783274
2005-07-27,716.8504239849625
2005-07-28,721.9726301299935
2005-07-29,722.4764772306282
2005-08-01,724.7964840898159
2005-08-02,729.8819170194906
2005-08-03,729.4493407372291
2005-08-04,722.5636284640519
2005-08-05,712.9066356014685
2005-08-08,710.0623425768975
2005-08-09,712.1650110169086
2005-08-10,716.6151822584583
2005-08-11,722.3500416421282
2005-08-12,720.2164538019573
2005-08-15,722.5516867653389
2005-08-16,718.1641002855683
2005-08-17,716.2107035258516
2005-08-18,710.9006131914911
2005-08-19,712.0391476647982
2005-08-22,718.321384240531
2005-08-23,717.3772124616223
2005-08-24,716.7087357493406
2005-08-25,719.0495222722542
2005-08-26,715.018328455046
2005-08-29,715.3320942643154
2005-08-30,713.4320940875524
2005-08-31,723.4614003692639
2005-09-01,730.220660629006
2005-09-02,729.2886399266492
2005-09-05,730.1206845334403
2005-09-06,735.4106060632548
2005-09-07,736.2939053688367
2005-09-08,732.681947831655
2005-09-09,738.9790429988385
2005-09-12,739.8416493430702
2005-09-13,734.5907033993101
2005-09-14,733.3417670542049
2005-09-15,732.34260176224
2005-09-16,735.0479434782184
2005-09-19,731.7671277625866
2005-09-20,728.9382079514144
2005-09-21,722.2804884474409
2005-09-22,720.6842669370006
2005-09-23,721.3717093031346
2005-09-26,726.0501358165707
2005-09-27,723.5624608461504
2005-09-28,723.78706391213
2005-09-29,731.6140125641277
2005-09-30,734.0721755469082
2005-10-03,733.9948084522222
2005-10-04,729.9739088721653
2005-10-05,716.1479244912325
2005-10-06,709.2477979622273
2005-10-07,710.1642263895734
2005-10-10,704.9548172364587
2005-10-11,702.6902964502189
2005-10-12,697.956094283762
2005-10-13,693.6669556232637
2005-10-14,701.2221160469376
2005-10-17,700.9382226937754
2005-10-18,693.3890612029347
2005-10-19,697.5763731070117
2005-10-20,693.1061551875147
2005-10-21,695.6009259792919
2005-10-24,704.8384436896739
2005-10-25,706.2975074829403
2005-10-26,704.7806527364322
2005-10-27,697.6956063555381
2005-10-28,704.5110815338663
2005-10-31,714.6512467997846
2005-11-01,713.7040998979844
2005-11-02,722.3930581264784
2005-11-03,723.2788228767262
2005-11-04,721.1548957578292
2005-11-07,723.8554666200779
2005-11-08,720.286211357719
2005-11-09,722.2224021042437
2005-11-10,724.9629842362472
2005-11-11,727.5161570233408
2005-11-14,724.7776165251036
2005-11-15,719.9941842971324
2005-11-16,719.0473854740109
2005-11-17,729.3324993590967
2005-11-18,732.8825767309886
2005-11-21,737.9764630994338
2005-11-22,740.5738724417079
2005-11-23,744.5134090547876
2005-11-24,744.0386020666087
2005-11-25,743.5838251429608
2005-11-28,738.4760988137377
2005-11-29,740.9770321795731
2005-11-30,742.048886600233
2005-12-01,751.4203052452038
2005-12-02,753.7284851915746
2005-12-05,753.5249103672022
2005-12-06,753.7509029213234
2005-12-07,751.4143463417226
2005-12-08,751.6152056693976
2005-12-09,755.8671665594889
2005-12-12,759.9390755678236
2005-12-13,761.3821305974835
2005-12-14,765.3563522569834
2005-12-15,761.0612284085258
2005-12-16,761.734541105184
2005-12-19,755.5844089275311
2005-12-20,756.0408446412849
2005-12-21,759.8355436542254
2005-12-22,763.5736941387338
2005-12-23,765.825063847432
2005-12-26,766.7469368350595
2005-12-27,760.4245166411855
2005-12-28,764.1561672805495
2005-12-29,764.0934886478796
2005-12-30,760.1286788685319
2006-01-02,760.0982706141801
2006-01-03,771.6413484762868
2006-01-04,779.7511523444327
2006-01-05,781.7931717144075
2006-01-06,789.3002663716077
2006-01-09,792.6587451819335
2006-01-10,794.3319396391745
2006-01-11,796.4046480795305
2006-01-12,794.6280041982706
2006-01-13,794.9222301682867
2006-01-16,795.1054588108034
2006-01-17,786.4039490640574
2006-01-18,779.2711326314474
2006-01-19,791.2365059655194
2006-01-20,785.0591893771677
2006-01-23,786.2587490438078
2006-01-24,793.7016242717385
2006-01-25,795.2399727796836
2006-01-26,802.1004883771781
2006-01-27,806.6727850560645
2006-01-30,806.5182691410702
2006-01-31,809.3551685002926
2006-02-01,810.8244069273757
2006-02-02,805.6179766296821
2006-02-03,800.9640332582866
2006-02-06,804.9617374584795
2006-02-07,799.1399274944057
2006-02-08,797.0038181843852
2006-02-09,798.5462078136168
2006-02-10,796.5452636257435
2006-02-13,788.4551923257123
2006-02-14,794.1921146842249
2006-02-15,796.9987102471273
2006-02-16,800.1053977618693
2006-02-17,799.200643179095
2006-02-20,797.251209573098
2006-02-21,798.1091327841259
2006-02-22,803.8114489399921
2006-02-23,807.4549406469239
2006-02-24,809.7244271782344
2006-02-27,812.7997177332824
2006-02-28,807.7375638010195
2006-03-01,812.1599416971793
2006-03-02,810.2951144280629
2006-03-03,806.9566154083615
2006-03-06,804.6451394056829
2006-03-07,795.8117684372952
2006-03-08,793.5201815972384
2006-03-09,796.7195651961471
2006-03-10,799.7584449330061
2006-03-13,805.1866573245213
2006-03-14,813.9709100176451
2006-03-15,819.9087009555094
2006-03-16,822.3968943773878
2006-03-17,826.6946340053224
2006-03-20,826.5538623122045
2006-03-21,819.6012936114031
2006-03-22,825.740566443276
2006-03-23,823.8697134825592
2006-03-24,827.4916608119058
2006-03-27,829.3447234752449
2006-03-28,828.0566088957244
2006-03-29,833.8195919887546
2006-03-30,836.6766250854938
2006-03-31,835.5369843133681
2006-04-03,837.044745173726
2006-04-04,840.3712356088074
2006-04-05,843.1008631377003
2006-04-06,844.9446086564535
2006-04-07,838.1096506709999
2006-04-10,834.9470838291134
2006-04-11,827.483994469276
2006-04-12,826.9817057371404
2006-04-13,827.9921684332201
2006-04-14,827.7755588706433
2006-04-17,828.6897327913276
2006-04-18,842.3633112901858
2006-04-19,848.9713457817819
2006-04-20,846.1094173846792
2006-04-21,848.2432727690689
2006-04-24,843.8952292582435
2006-04-25,844.9002098461235
2006-04-26,847.3694577781491
2006-04-27,848.555583191021
2006-04-28,850.3477798209896
2006-05-01,851.5280951233744
2006-05-02,856.409192398364
2006-05-03,854.8979286194534
2006-05-04,860.5446268701852
2006-05-05,869.6477134667504
2006-05-08,872.7688475187746
2006-05-09,873.337169669042
2006-05-10,870.5100257856747
2006-05-11,860.7594274180504
2006-05-12,848.395027899893
2006-05-15,839.7920232548396
2006-05-16,835.8254844360163
2006-05-17,825.3488045512926
2006-05-18,815.9248759436377
2006-05-19,815.1031969915279
2006-05-22,805.8900651700154
2006-05-23,807.2562331469244
2006-05-24,803.8477865994273
2006-05-25,813.8354980492186
2006-05-26,821.4799173701338
2006-05-29,823.2695688167997
2006-05-30,813.2221704695346
2006-05-31,816.3277072786667
2006-06-01,823.4021565350696
2006-06-02,830.5051155228756
2006-06-05,817.6789444482314
2006-06-06,804.9212707224145
2006-06-07,800.0760870982081
2006-06-08,788.6358085679436
2006-06-09,793.3666010988276
2006-06-12,784.0867585593091
2006-06-13,767.7079722619441
2006-06-14,770.7837806308862
2006-06-15,789.7585437395953
2006-06-16,789.6804310001459
2006-06-19,781.6061527722861
2006-06-20,779.9012083368323
2006-06-21,786.1290733033023
2006-06-22,786.1779527475181
2006-06-23,784.9770632994679
2006-06-26,790.0066499165179
2006-06-27,785.3530929767653
2006-06-28,784.0272330678714
2006-06-29,800.1060374838082
2006-06-30,812.1741008433361
2006-07-03,815.7188630945277
2006-07-04,817.8676167026724
2006-07-05,808.0365247288171
2006-07-06,810.1984545755226
2006-07-07,807.6750657877617
2006-07-10,807.7574979174829
2006-07-11,808.1836925065618
2006-07-12,799.035241142623
2006-07-13,788.5827047894329
2006-07-14,779.5286032444203
2006-07-17,774.0903440069686
2006-07-18,771.991702415783
2006-07-19,786.1163632011835
2006-07-20,783.0530420397387
2006-07-21,775.4221434558526
2006-07-24,784.7217941047305
2006-07-25,790.2797325131854
2006-07-26,790.2190840002216
2006-07-27,790.8617070491459
2006-07-28,801.0322895405518
2006-07-31,802.7675254562666
2006-08-01,798.1962869084729
2006-08-02,803.6745756116121
2006-08-03,805.7995650412971
2006-08-04,809.3612752059128
2006-08-07,802.7385806438717
2006-08-08,799.332131311224
2006-08-09,797.2082771513957
2006-08-10,797.0662625626436
2006-08-11,793.9920174819558
2006-08-14,796.4107278472193
2006-08-15,806.7424504063837
2006-08-16,815.6963480547278
2006-08-17,817.152029589566
2006-08-18,817.9501883299159
2006-08-21,815.636549718958
2006-08-22,816.9035155067619
2006-08-23,811.8730371242649
2006-08-24,810.5198024172076
2006-08-25,809.1161607939696
2006-08-28,812.6051170523727
2006-08-29,817.6824894405811
2006-08-30,821.5209624419278
2006-08-31,824.7256929823534
2006-09-01,827.0848719158429
2006-09-04,831.0573767378773
2006-09-05,832.7934196773618
2006-09-06,822.7519725480714
2006-09-07,814.9251233117834
2006-09-08,815.9169633613332
2006-09-11,810.7753443557947
2006-09-12,820.0611855599427
2006-09-13,823.3433698202401
2006-09-14,824.475370209083
2006-09-15,824.9394405036264
2006-09-18,824.2944735562386
2006-09-19,824.1639242016756
2006-09-20,827.1970627441804
2006-09-21,825.1439341971586
2006-09-22,821.2165514873259
2006-09-25,824.6407226567806
2006-09-26,826.6613661784991
2006-09-27,832.4276355280444
2006-09-28,832.7949753249017
2006-09-29,829.4046172881996
2006-10-02,830.0298663187777
2006-10-03,828.4903532540438
2006-10-04,833.5519258627742
2006-10-05,842.005821232386
2006-10-06,837.2132596069173
2006-10-09,839.9999228086841
2006-10-10,840.048150459743
2006-10-11,836.543367420334
2006-10-12,845.044026570163
2006-10-13,850.1443185220602
2006-10-16,857.172368785806
2006-10-17,852.5184730969125
2006-10-18,853.865374497705
2006-10-19,857.7531555694727
2006-10-20,855.9793951737834
2006-10-23,857.2702679575609
2006-10-24,858.0997198786389
2006-10-25,862.0698023297339
2006-10-26,868.218460746345
2006-10-27,862.8527890322126
2006-10-30,863.4066803799446
2006-10-31,863.9475488024268
2006-11-01,857.9873343598863
2006-11-02,856.188704589388
2006-11-03,855.5155329858279
2006-11-06,862.464088233464
2006-11-07,865.5592877300938
2006-11-08,865.8176123080901
2006-11-09,862.2564642460397
2006-11-10,867.7771684718919
2006-11-13,866.6696769367165
2006-11-14,876.1992590679894
2006-11-15,878.679123092671
2006-11-16,879.6340363043377
2006-11-17,877.436997762372
2006-11-20,875.6267443543385
2006-11-21,879.290012113052
2006-11-22,885.48395139914
2006-11-23,886.2477045756139
2006-11-24,887.3790238051237
2006-11-27,876.446955098711
2006-11-28,877.8750989249979
2006-11-29,888.4244122872884
2006-11-30,894.4435130139705
2006-12-01,894.5871645040943
2006-12-04,902.2967219478037
2006-12-05,904.1122705190976
2006-12-06,905.5885055245496
2006-12-07,903.6361263008031
2006-12-08,903.362594547336
2006-12-11,902.7294434678538
2006-12-12,900.8847405549956
2006-12-13,902.5389304946132
2006-12-14,906.4679303013542
2006-12-15,905.748706212904
2006-12-18,900.1234426180758
2006-12-19,899.7619289095171
2006-12-20,904.2774152649624
2006-12-21,901.7371141164513
2006-12-22,900.1132472316594
2006-12-25,899.1919732290852
2006-12-26,903.9833011502895
2006-12-27,911.2292057386269
2006-12-28,910.713382644282
2006-12-29,907.243589221256
2007-01-01,907.243589221256
2007-01-02,910.4499443322661
2007-01-03,908.7312471271423
2007-01-04,907.2886684934209
2007-01-05,896.6652336646958
2007-01-08,897.3720495458101
2007-01-09,899.7395827155385
2007-01-10,896.5098851986525
2007-01-11,902.4903151806095
2007-01-12,909.9817320559533
2007-01-15,913.9929492803708
2007-01-16,912.0244403879852
2007-01-17,912.3124848478798
2007-01-18,908.7658867842882
2007-01-19,913.8712576086581
2007-01-22,911.7219856863649
2007-01-23,916.0391810247302
2007-01-24,920.9820152262924
2007-01-25,915.2719058738586
2007-01-26,914.7995822254752
2007-01-29,918.221905185976
2007-01-30,922.9411621631255
2007-01-31,924.3850647983248
2007-02-01,934.4192442945384
2007-02-02,936.9850405606229
2007-02-05,936.0786380844655
2007-02-06,941.5469915771064
2007-02-07,945.0212816106065
2007-02-08,942.369462194543
2007-02-09,938.6485958924978
2007-02-12,935.577160893438
2007-02-13,942.3059532609493
2007-02-14,947.9854027627802
2007-02-15,952.4116620884166
2007-02-16,953.4150968386957
2007-02-19,954.9135850231178
2007-02-20,958.2946647496657
2007-02-21,957.8075794514399
2007-02-22,960.3570708478741
2007-02-23,961.2273725107199
2007-02-26,961.8514144877694
2007-02-27,938.8839166063868
2007-02-28,932.5178761376663
2007-03-01,930.0957004891831
2007-03-02,921.3744596527603
2007-03-05,899.3075012291761
2007-03-06,915.2098222223138
2007-03-07,917.5010754143875
2007-03-08,924.6038026111428
2007-03-09,928.365799448623
2007-03-12,933.3885547466358
2007-03-13,919.0760190091434
2007-03-14,913.9498486606599
2007-03-15,923.3501970558337
2007-03-16,920.5759970419265
2007-03-19,928.8710960578337
2007-03-20,935.9980526782442
2007-03-21,946.274181848188
2007-03-22,951.2537909890214
2007-03-23,951.919051121677
2007-03-26,952.5215927192685
2007-03-27,946.6756652027028
2007-03-28,944.2847917246431
2007-03-29,944.9499816385719
2007-03-30,947.1950942605243
2007-04-02,949.9631836675546
2007-04-03,956.2826127207194
2007-04-04,958.6009703381534
2007-04-05,960.4418019398505
2007-04-06,960.3269806736233
2007-04-09,960.1624020484895
2007-04-10,965.0081835782197
2007-04-11,961.343526280313
2007-04-12,964.248543762265
2007-04-13,965.6772061151066
2007-04-16,976.0166091867786
2007-04-17,976.6571225824873
2007-04-18,978.0648187554937
2007-04-19,971.7183509098566
2007-04-20,978.6713575965877
2007-04-23,978.9106618526257
2007-04-24,977.3241245107099
2007-04-25,982.4777232566838
2007-04-26,982.3140831472858
2007-04-27,981.9256977874045
2007-04-30,974.1788704947653
2007-05-01,974.8874398951675
2007-05-02,983.5673767662618
2007-05-03,984.9205825694106
2007-05-04,989.5107013359506
2007-05-07,993.3167717667693
2007-05-08,989.592382292853
2007-05-09,994.1364609970824
2007-05-10,983.9704895311611
2007-05-11,988.7368311708975
2007-05-14,985.6451981040781
2007-05-15,982.0678321277213
2007-05-16,983.1782917882506
2007-05-17,980.5510031019224
2007-05-18,982.7405432576687
2007-05-21,987.7128548002253
2007-05-22,993.3289822950561
2007-05-23,993.2017235631124
2007-05-24,980.8459257985257
2007-05-25,981.6716007027865
2007-05-28,983.0329082630822
2007-05-29,989.1802725468843
2007-05-30,992.9864976625307
2007-05-31,1000.0
2007-06-01,1005.6102849741353
2007-06-04,1009.5001963363683
2007-06-05,1003.2597772691397
2007-06-06,994.3408719058197
2007-06-07,977.6763357004527
2007-06-08,979.682221141157
2007-06-11,980.2031735239144
2007-06-12,971.0486769596619
2007-06-13,976.2077921092782
2007-06-14,981.711961072665
2007-06-15,990.9514911311737
2007-06-18,990.0696918923845
2007-06-19,990.2092740848377
2007-06-20,983.0908132647509
2007-06-21,982.5373875788433
2007-06-22,977.2108911654747
2007-06-25,971.2170080280326
2007-06-26,969.2856378196585
2007-06-27,972.8282291121145
2007-06-28,978.534444173162
2007-06-29,977.5055764905057
2007-07-02,988.46973505407
2007-07-03,991.8367587661969
2007-07-04,992.8787003169571
2007-07-05,993.3574051305068
2007-07-06,994.8812518609667
2007-07-09,996.070705427871
2007-07-10,985.8887335854882
2007-07-11,986.2596316191891
2007-07-12,996.9297084037116
2007-07-13,1001.1486343772184
2007-07-16,997.339493400791
2007-07-17,996.3287116232244
2007-07-18,992.3985198673852
2007-07-19,998.3637256309817
2007-07-20,989.5257930615967
2007-07-23,986.2919815078208
2007-07-24,969.1133425262256
2007-07-25,965.7374355558509
2007-07-26,944.2846601571665
2007-07-27,928.3378240745836
2007-07-30,934.2341348433043
2007-07-31,931.8237628692315
2007-08-01,927.8253474371567
2007-08-02,931.8205637767137
2007-08-03,911.5442279092708
2007-08-06,916.6489210048758
2007-08-07,918.8358510675852
2007-08-08,931.7085860103846
2007-08-09,917.3469266343317
2007-08-10,913.3245359855414
2007-08-13,913.1935195780941
2007-08-14,897.0922108540136
2007-08-15,881.3345597857804
2007-08-16,883.352225329101
2007-08-17,894.5102063996871
2007-08-20,899.2801645951056
2007-08-21,903.6447629236113
2007-08-22,914.1155478977538
2007-08-23,914.639344392902
2007-08-24,921.9364552326333
2007-08-27,917.288829357918
2007-08-28,899.7518765581166
2007-08-29,911.0953643490394
2007-08-30,910.7603454605197
2007-08-31,923.8473405802921
2007-09-03,925.2003938832386
2007-09-04,931.3464493703266
2007-09-05,920.4718813158486
2007-09-06,921.2293021075003
2007-09-07,911.174864652869
2007-09-10,902.7348356981903
2007-09-11,912.1390522545637
2007-09-12,910.89476512748
2007-09-13,910.7469177587104
2007-09-14,911.6274538090154
2007-09-17,903.5614814157818
2007-09-18,920.4353942944687
2007-09-19,935.5953473374462
2007-09-20,931.7405394313004
2007-09-21,931.0229741851977
2007-09-24,926.6677289660281
2007-09-25,922.610668075212
2007-09-26,928.6982512317563
2007-09-27,937.276550317169
2007-09-28,934.7748369456323
2007-10-01,945.955545491703
2007-10-02,952.5970360372021
2007-10-03,950.9830669474067
2007-10-04,951.3425471119339
2007-10-05,963.6987367746042
2007-10-08,957.6897303165656
2007-10-09,962.7903454279638
2007-10-10,962.7400536749432
2007-10-11,961.1258201756419
2007-10-12,960.0897026266829
2007-10-15,951.8549776519893
2007-10-16,941.0325377579161
2007-10-17,941.1562868050663
2007-10-18,942.3530037919239
2007-10-19,923.7347087710504
2007-10-22,923.8726967033724
2007-10-23,932.9014867114618
2007-10-24,928.4320091857893
2007-10-25,929.7775069640105
2007-10-26,941.1940031204274
2007-10-29,943.6695621789611
2007-10-30,941.9292002562316
2007-10-31,955.5826090031185
2007-11-01,934.2593030403418
2007-11-02,928.4450335926275
2007-11-05,919.2945724789915
2007-11-06,929.2262070071962
2007-11-07,910.4721369629366
2007-11-08,912.4924814100636
2007-11-09,905.4920645790779
2007-11-12,894.616764559294
2007-11-13,908.5997693696927
2007-11-14,907.8581917552426
2007-11-15,898.0985614245861
2007-11-16,890.6307996109767
2007-11-19,873.103591609944
2007-11-20,872.7642015733054
2007-11-21,861.1036908654787
2007-11-22,861.9420251488308
2007-11-23,874.5284336655187
2007-11-26,862.1910260653383
2007-11-27,867.0203680772469
2007-11-28,886.3169700059965
2007-11-29,887.2344584538579
2007-11-30,891.9229154709172
2007-12-03,887.2710505270268
2007-12-04,877.3593485151874
2007-12-05,885.3977284668808
2007-12-06,900.9350904620657
2007-12-07,904.2483723041244
2007-12-10,909.6536908678767
2007-12-11,892.313211483824
2007-12-12,892.095129202795
2007-12-13,883.7391610924435
2007-12-14,868.8008355909627
2007-12-17,851.6262224144128
2007-12-18,858.8338772882919
2007-12-19,857.6347540191889
2007-12-20,861.9424085820355
2007-12-21,874.9991947038161
2007-12-24,882.1868375504363
2007-12-25,883.030228821949
2007-12-26,884.3602045689223
2007-12-27,873.1687867222973
2007-12-28,872.4199902532125
2007-12-31,871.7417527922764
2008-01-01,871.7417527922764
2008-01-02,865.7914951709413
2008-01-03,856.5319094150809
2008-01-04,834.1490748455352
2008-01-07,832.0519627787857
2008-01-08,819.3503976766973
2008-01-09,819.4258458813898
2008-01-10,821.535481203753
2008-01-11,810.797548699052
2008-01-14,817.4065385173695
2008-01-15,800.3701960943442
2008-01-16,795.4677715653363
2008-01-17,786.745689984486
2008-01-18,780.2947629616364
2008-01-21,768.266250331267
2008-01-22,766.2718714085718
2008-01-23,787.2758617950965
2008-01-24,795.7881739031941
2008-01-25,798.744982694687
2008-01-28,807.4710894883324
2008-01-29,817.2241375906568
2008-01-30,810.6294742307881
2008-01-31,828.3698747628163
2008-02-01,844.2580517180479
2008-02-04,842.6341583964426
2008-02-05,821.7492650659826
2008-02-06,811.4158708459075
2008-02-07,815.1022793070024
2008-02-08,811.8099397771515
2008-02-11,810.6053316864449
2008-02-12,818.0474308585509
2008-02-13,823.205132353516
2008-02-14,819.6897120466034
2008-02-15,817.1692741553132
2008-02-18,817.7851676593566
2008-02-19,820.3440898871015
2008-02-20,820.7885161170641
2008-02-21,817.4410770457358
2008-02-22,818.8954457841528
2008-02-25,833.1138995578713
2008-02-26,838.6374983960287
2008-02-27,841.9455905734766
2008-02-28,832.3751668657202
2008-02-29,815.5883860125095
2008-03-03,808.9410562056038
2008-03-04,804.9515889751534
2008-03-05,805.1389632032375
2008-03-06,793.3145653587841
2008-03-07,787.3295133257656
2008-03-10,774.3282026044143
2008-03-11,793.9384365490404
2008-03-12,795.3836089086896
2008-03-13,800.8602961055886
2008-03-14,787.5584777704101
2008-03-17,774.3941054862722
2008-03-18,797.3340822660102
2008-03-19,785.6144525051267
2008-03-20,793.3464283285589
2008-03-21,796.547279365383
2008-03-24,805.7888419605073
2008-03-25,818.5012757633754
2008-03-26,816.2945710860566
2008-03-27,812.2322149840231
2008-03-28,806.1667238540858
2008-03-31,810.9604369833222
2008-04-01,828.3085815953203
2008-04-02,834.7073675104226
2008-04-03,835.9000343523961
2008-04-04,834.4109152200614
2008-04-07,836.6154652535407
2008-04-08,830.3573387363904
2008-04-09,818.7500337432531
2008-04-10,820.8347077262904
2008-04-11,811.527845714051
2008-04-14,806.4950320153882
2008-04-15,812.1925295427706
2008-04-16,832.2739192093022
2008-04-17,830.9006259214937
2008-04-18,836.905706771652
2008-04-21,835.5585919409277
2008-04-22,827.0253515035945
2008-04-23,826.644944648813
2008-04-24,830.8427731575831
2008-04-25,837.9661493789084
2008-04-28,843.682492889532
2008-04-29,839.57907004488
2008-04-30,839.0944093353517
2008-05-01,847.8703561512772
2008-05-02,850.7462919060247
2008-05-05,849.0722907877448
2008-05-06,854.2307559842155
2008-05-07,846.2107856917886
2008-05-08,850.1228343831715
2008-05-09,846.5863542629172
2008-05-12,856.3977113859542
2008-05-13,855.8828562595891
2008-05-14,857.5183507838419
2008-05-15,866.1429313543459
2008-05-16,867.0378562913625
2008-05-19,866.7707353112881
2008-05-20,862.8691275783335
2008-05-21,854.8292930325498
2008-05-22,858.1606369960572
2008-05-23,851.1180777128815
2008-05-26,847.6436537275689
2008-05-27,852.6491612623845
2008-05-28,852.2763722725108
2008-05-29,859.4853559890408
2008-05-30,860.6684664987409
2008-06-02,855.0141876667951
2008-06-03,851.2774617723215
2008-06-04,854.2484907958233
2008-06-05,864.0492162113142
2008-06-06,846.9315231136075
2008-06-09,837.1789063052503
2008-06-10,829.2961506398722
2008-06-11,816.2838652257877
2008-06-12,814.2504294362385
2008-06-13,822.8544473604787
2008-06-16,829.6960373150952
2008-06-17,825.178289698741
2008-06-18,817.6421442570033
2008-06-19,818.2720236202887
2008-06-20,807.5386566916023
2008-06-23,797.7947440594163
2008-06-24,792.5037498372784
2008-06-25,799.6191315449842
2008-06-26,785.1174758545548
2008-06-27,779.392913405061
2008-06-30,773.9847190559972
2008-07-01,771.0632064265978
2008-07-02,754.9284877572186
2008-07-03,747.2550430272412
2008-07-04,746.7619617465834
2008-07-07,740.5003831931493
2008-07-08,752.432402591478
2008-07-09,743.3848161013908
2008-07-10,744.887647216552
2008-07-11,743.1969364120499
2008-07-14,733.724576258478
2008-07-15,730.2103712657234
2008-07-16,746.4865175725861
2008-07-17,762.421174864216
2008-07-18,762.6483931764427
2008-07-21,766.7338291294346
2008-07-22,781.0242344672315
2008-07-23,787.995282829506
2008-07-24,772.9799104239563
2008-07-25,772.2371963615234
2008-07-28,761.9422920933437
2008-07-29,773.157552796329
2008-07-30,781.1939542221228
2008-07-31,778.8153628159677
2008-08-01,777.5116788636898
2008-08-04,769.1984623630112
2008-08-05,784.1600048166719
2008-08-06,788.552016304422
2008-08-07,775.6410489887176
2008-08-08,788.2217307528954
2008-08-11,802.5204595144386
2008-08-12,793.1303799742468
2008-08-13,786.5760828505264
2008-08-14,791.4133358467046
2008-08-15,793.247273091707
2008-08-18,786.512659312377
2008-08-19,772.3442490594642
2008-08-20,772.545706772253
2008-08-21,771.4671545985327
2008-08-22,779.7633139095855
2008-08-25,770.8197348482856
2008-08-26,770.7224549068002
2008-08-27,776.5193453083533
2008-08-28,789.2846222436895
2008-08-29,789.4376342273843
2008-09-01,786.0301388002692
2008-09-02,784.943233855133
2008-09-03,787.5967931043577
2008-09-04,768.8410581493112
2008-09-05,766.2565450389924
2008-09-08,784.4886396087281
2008-09-09,763.3579126005266
2008-09-10,767.0938807130791
2008-09-11,764.1182789896276
2008-09-12,772.4379206045295
2008-09-15,746.9515301053839
2008-09-16,751.5744252525603
2008-09-17,727.8174994504782
2008-09-18,761.5806963887277
2008-09-19,791.2452950942435
2008-09-22,763.0697652486917
2008-09-23,755.5658122046501
2008-09-24,748.377501684421
2008-09-25,753.3903356658323
2008-09-26,748.7177066847775
2008-09-29,704.1105096396789
2008-09-30,714.9098833830891
2008-10-01,714.8243442414861
2008-10-02,687.0469568872388
2008-10-03,672.8768342535205
2008-10-06,641.3153176433899
2008-10-07,613.762419981273
2008-10-08,592.760801821972
2008-10-09,557.5607104004002
2008-10-10,556.003033018108
2008-10-13,593.2298421956054
2008-10-14,598.7711240902064
2008-10-15,558.7291650339334
2008-10-16,563.3375333431278
2008-10-17,562.7842995934834
2008-10-20,579.2720700553209
2008-10-21,569.5414839861302
2008-10-22,538.6914452983489
2008-10-23,528.4111582052594
2008-10-24,508.66825414813513
2008-10-27,483.82581617999733
2008-10-28,513.3893908404295
2008-10-29,527.605875450227
2008-10-30,550.3696317326514
2008-10-31,563.8339179447003
2008-11-03,567.5587197137401
2008-11-04,582.3382211479171
2008-11-05,564.963468123156
2008-11-06,542.9384888502273
2008-11-07,547.4509304385473
2008-11-10,540.4126015382931
2008-11-11,526.6207522884471
2008-11-12,505.3626042250089
2008-11-13,527.3722834344992
2008-11-14,505.9134649652637
2008-11-17,499.4859971424902
2008-11-18,496.16478658794654
2008-11-19,468.3172457236311
2008-11-20,440.7856932892319
2008-11-21,457.5343552500452
2008-11-24,484.14354652932894
2008-11-25,492.8792899173664
2008-11-26,508.5530073309344
2008-11-27,511.90768747308516
2008-11-28,519.3894518021048
2008-12-01,473.24552653857063
2008-12-02,488.112940764226
2008-12-03,498.5714198962977
2008-12-04,487.5688481951271
2008-12-05,500.1677506647864
2008-12-08,521.3398219024589
2008-12-09,512.3263936454383
2008-12-10,524.9359784789535
2008-12-11,509.86129641283793
2008-12-12,517.3610590538469
2008-12-15,513.7905182394747
2008-12-16,535.3812407035654
2008-12-17,541.886958662867
2008-12-18,533.6750542252732
2008-12-19,534.2647443109021
2008-12-22,524.2841463312016
2008-12-23,520.2294536520783
2008-12-24,520.6477639054808
2008-12-25,521.5592546112671
2008-12-26,527.1649125878658
2008-12-29,524.6213679235593
2008-12-30,538.9581323835508
2008-12-31,550.3598584862947
2009-01-01,550.3598584862947
2009-01-02,560.1991748965182
2009-01-05,560.0359308003405
2009-01-06,569.0576998778766
2009-01-07,559.2034964598304
2009-01-08,561.1982298548452
2009-01-09,548.1344302028068
2009-01-12,535.1654702058619
2009-01-13,531.5745598589865
2009-01-14,515.3505778354247
2009-01-15,515.675601073725
2009-01-16,523.9303570802847
2009-01-19,522.3334741474966
2009-01-20,492.63706252850255
2009-01-21,510.22437564440014
2009-01-22,499.6713629225719
2009-01-23,498.72447704527804
2009-01-26,503.151660521674
2009-01-27,512.118233394844
2009-01-28,527.7645091826292
2009-01-29,511.0824605146715
2009-01-30,500.0653268533453
2009-02-02,498.4386355266022
2009-02-03,500.26792257025545
2009-02-04,500.82371768742934
2009-02-05,503.7812572052578
2009-02-06,518.4906071129103
2009-02-09,518.5162432373214
2009-02-10,498.6589436650228
2009-02-11,499.9712898190036
2009-02-12,498.0067770511707
2009-02-13,495.3752398903588
2009-02-16,494.2503361993915
2009-02-17,474.1697518503264
2009-02-18,467.05519463109795
2009-02-19,460.3000961454755
2009-02-20,452.5930805566961
2009-02-23,439.1935354536556
2009-02-24,449.2581753727787
2009-02-25,444.3956428316916
2009-02-26,441.1500436338182
2009-02-27,437.74187839356597
2009-03-02,416.6839976154718
2009-03-03,409.0087481132338
2009-03-04,419.5885869708286
2009-03-05,403.5794629383563
2009-03-06,401.21015840700426
2009-03-09,393.6795387951082
2009-03-10,415.2602243986502
2009-03-11,418.24705107003206
2009-03-12,432.4181016666722
2009-03-13,438.0617509039382
2009-03-16,438.8228641981346
2009-03-17,451.2567957885929
2009-03-18,464.24904223548367
2009-03-19,470.0782354567993
2009-03-20,457.3063521305974
2009-03-23,486.66925008323835
2009-03-24,477.71616253655355
2009-03-25,484.50189056926
2009-03-26,498.48759732561666
2009-03-27,488.2754932009576
2009-03-30,469.6039225299196
2009-03-31,475.43118339667024
2009-04-01,484.0388028220834
2009-04-02,507.54618529241253
2009-04-03,515.5488724899018
2009-04-06,509.8861080035764
2009-04-07,497.39470202180576
2009-04-08,501.58950881936966
2009-04-09,528.7983367485467
2009-04-10,529.1139332222665
2009-04-13,533.1740045073317
2009-04-14,525.136793579576
2009-04-15,532.8650230659155
2009-04-16,542.9003495938778
2009-04-17,549.4015406523423
2009-04-20,522.8039427723594
2009-04-21,535.7431630290437
2009-04-22,536.7246303227594
2009-04-23,539.4574887666588
2009-04-24,552.788537558282
2009-04-27,544.5618678502402
2009-04-28,542.2768220282809
2009-04-29,559.8263160861417
2009-04-30,561.6446667761288
2009-05-01,562.3385018057636
2009-05-04,584.1671760673635
2009-05-05,584.7072375207845
2009-05-06,591.0894513983327
2009-05-07,584.0994815547213
2009-05-08,603.8214467726146
2009-05-11,594.0639153569879
2009-05-12,589.2917039700651
2009-05-13,565.7099403613729
2009-05-14,571.7692608159963
2009-05-15,570.0654208002345
2009-05-18,585.8025217080672
2009-05-19,590.8142787316546
2009-05-20,591.7130649742169
2009-05-21,584.4405519985081
2009-05-22,582.8103262782469
2009-05-25,584.0095765804075
2009-05-26,600.3449653452794
2009-05-27,592.9456825728886
2009-05-28,594.4545938133637
2009-05-29,604.1992357192183
2009-06-01,623.8306579116665
2009-06-02,628.4696544882503
2009-06-03,621.037834069
2009-06-04,627.6207925941682
2009-06-05,624.7610110116414
2009-06-08,619.3085427027288
2009-06-09,624.618863290285
2009-06-10,626.1713440284473
2009-06-11,631.364767003166
2009-06-12,630.6191309486991
2009-06-15,615.4876489811456
2009-06-16,606.7995756014528
2009-06-17,603.1187947820308
2009-06-18,604.5858444311162
2009-06-19,607.6641623367818
2009-06-22,589.4306795993197
2009-06-23,585.625384452605
2009-06-24,593.9053634197516
2009-06-25,603.6811990349221
2009-06-26,611.8073078680868
2009-06-29,613.2197781220033
2009-06-30,610.542409959733
2009-07-01,619.0622016407735
2009-07-02,602.4144148387489
2009-07-03,601.35778078286
2009-07-06,598.1447315141153
2009-07-07,589.945056025172
2009-07-08,582.2779171130713
2009-07-09,583.7667504363463
2009-07-10,583.5880191677753
2009-07-13,590.8873469901823
2009-07-14,598.7104327832682
2009-07-15,617.1691633648683
2009-07-16,623.304198553208
2009-07-17,621.0203262304144
2009-07-20,630.604659383999
2009-07-21,633.5143508269524
2009-07-22,637.3229340647523
2009-07-23,651.7500403077246
2009-07-24,656.5496326413207
2009-07-27,661.0598438986959
2009-07-28,660.1492700950799
2009-07-29,656.272981620759
2009-07-30,667.2347296227014
2009-07-31,672.0798113507943
2009-08-03,687.0068900803017
2009-08-04,693.3357364116092
2009-08-05,694.0024560186638
2009-08-06,690.4504669622056
2009-08-07,700.6083321828868
2009-08-10,700.4054310823707
2009-08-11,692.2292712056188
2009-08-12,699.3856156009423
2009-08-13,708.7903328097068
2009-08-14,703.5410696743569
2009-08-17,681.5435864360622
2009-08-18,690.6497565710004
2009-08-19,693.6959799544114
2009-08-20,703.8138462944959
2009-08-21,715.5781974238346
2009-08-24,719.6906114689676
2009-08-25,723.3795138006908
2009-08-26,722.6210363748995
2009-08-27,723.2661723111021
2009-08-28,728.4785865893107
2009-08-31,721.2209809447077
2009-09-01,705.1463566676881
2009-09-02,697.477977854511
2009-09-03,705.3492894501503
2009-09-04,712.9020896765843
2009-09-07,716.9789346743154
2009-09-08,727.4339578078764
2009-09-09,736.9270714835549
2009-09-10,745.722597728379
2009-09-11,748.3736474195305
2009-09-14,750.4924804471177
2009-09-15,755.9847932541936
2009-09-16,771.014042991868
2009-09-17,769.4786208221816
2009-09-18,767.2168645779358
2009-09-21,760.8311917959057
2009-09-22,770.84928464645
2009-09-23,763.3377655330283
2009-09-24,749.4980926188813
2009-09-25,745.052403914709
2009-09-28,756.6570138461883
2009-09-29,756.3394186448844
2009-09-30,755.0522552181463
2009-10-01,734.5839560206111
2009-10-02,725.3525694865574
2009-10-05,736.5107450188406
2009-10-06,749.0536039008535
2009-10-07,751.21893318431
2009-10-08,761.9597143713896
2009-10-09,765.9003874053159
2009-10-12,766.8837547295739
2009-10-13,765.0614103064502
2009-10-14,778.6170892986399
2009-10-15,779.948908784565
2009-10-16,771.0296181193751
2009-10-19,779.2962639236969
2009-10-20,773.3254023875561
2009-10-21,768.1275871647446
2009-10-22,773.0646522034077
2009-10-23,761.791975041197
2009-10-26,752.773559275325
2009-10-27,743.3469084438533
2009-10-28,721.473239566488
2009-10-29,735.6542006769417
2009-10-30,722.0114344132186
2009-11-02,719.5147902954475
2009-11-03,724.068790993975
2009-11-04,724.0203545147093
2009-11-05,736.9643791708759
2009-11-06,736.9728193688696
2009-11-09,753.1670692555333
2009-11-10,750.3529403540257
2009-11-11,756.1996251085511
2009-11-12,744.9843306650422
2009-11-13,751.7895249504109
2009-11-16,766.5457527431105
2009-11-17,762.2472250104347
2009-11-18,762.2251339314356
2009-11-19,745.9787401590835
2009-11-20,743.0374862581106
2009-11-23,752.9812026514124
2009-11-24,747.3449508826874
2009-11-25,750.3899758324155
2009-11-26,745.2491808012161
2009-11-27,733.3750838594862
2009-11-30,737.6358074958252
2009-12-01,751.7568858315587
2009-12-02,757.2305258890468
2009-12-03,753.5685447641249
2009-12-04,759.2167441438562
2009-12-07,758.4749152724111
2009-12-08,752.2606765650314
2009-12-09,750.1340285366904
2009-12-10,749.7043571396678
2009-12-11,753.8966898799299
2009-12-14,762.8707845952827
2009-12-15,758.9920889019886
2009-12-16,764.852871833209
2009-12-17,756.3336506307779
2009-12-18,758.6830504154536
2009-12-21,765.2989880924576
2009-12-22,768.469387460822
2009-12-23,774.967333244363
2009-12-24,778.8679098982187
2009-12-25,778.8507487580418
2009-12-28,780.4798196296764
2009-12-29,781.9951716612494
2009-12-30,779.3354669843989
2009-12-31,774.0824102720011
2010-01-01,774.0824102720011
2010-01-04,788.6641599729589
2010-01-05,790.6481968340255
2010-01-06,792.6244259234436
2010-01-07,796.751710749002
2010-01-08,801.1590321349449
2010-01-11,805.2802059537945
2010-01-12,798.4839964643727
2010-01-13,804.4075139272061
2010-01-14,808.4735454490932
2010-01-15,802.3759294900173
2010-01-18,802.9215743604119
2010-01-19,809.095430576462
2010-01-20,799.7829943937566
2010-01-21,789.8343524226977
2010-01-22,777.4787098755154
2010-01-25,778.1704223995209
2010-01-26,772.4790582978017
2010-01-27,773.7741733540103
2010-01-28,767.3622728547552
2010-01-29,759.4763512625797
2010-02-01,765.3567114172034
2010-02-02,775.9871906382008
2010-02-03,771.7343932209776
2010-02-04,752.3891798790586
2010-02-05,749.5519654016308
2010-02-08,743.0838667532672
2010-02-09,748.4265853073562
2010-02-10,749.0350064277303
2010-02-11,757.5464420332212
2010-02-12,761.4665453688256
2010-02-15,761.059081028063
2010-02-16,771.4406655580087
2010-02-17,777.5448848848511
2010-02-18,781.7558955243389
2010-02-19,780.6645457664051
2010-02-22,786.3504836144942
2010-02-23,779.4610616464012
2010-02-24,782.6905714560369
2010-02-25,780.4493602497092
2010-02-26,782.1055293229606
2010-03-01,791.3205016385967
2010-03-02,798.222572499326
2010-03-03,801.6978555535344
2010-03-04,802.5555336582376
2010-03-05,813.9100858300119
2010-03-08,817.2428527159525
2010-03-09,818.5616236849642
2010-03-10,823.3101421338972
2010-03-11,826.0759476375433
2010-03-12,829.0049268232984
2010-03-15,826.9000364006591
2010-03-16,834.5549191890483
2010-03-17,841.8883696974176
2010-03-18,839.0043129135581
2010-03-19,832.8465192208644
2010-03-22,838.9109128287658
2010-03-23,844.3642748627138
2010-03-24,837.8503857678556
2010-03-25,834.8572203805988
2010-03-26,836.312500609112
2010-03-29,841.5173507227621
2010-03-30,844.4173521059438
2010-03-31,840.6928078373479
2010-04-01,848.4539030844794
2010-04-02,848.6803933004003
2010-04-05,859.5320875630277
2010-04-06,864.9942473265716
2010-04-07,864.0592770425962
2010-04-08,863.4283784512152
2010-04-09,869.8512508890021
2010-04-12,873.1446466316333
2010-04-13,872.6128633807243
2010-04-14,885.5123169035547
2010-04-15,886.783911046912
2010-04-16,876.0565066914835
2010-04-19,870.8088808230963
2010-04-20,881.1349541387323
2010-04-21,888.2125582227429
2010-04-22,893.1413933224464
2010-04-23,900.6034303620949
2010-04-26,901.9088695405562
2010-04-27,882.2780100208321
2010-04-28,876.7960705392726
2010-04-29,891.5517788009427
2010-04-30,878.1129556649369
2010-05-03,887.1572860163969
2010-05-04,863.9453825364195
2010-05-05,851.8606239024675
2010-05-06,826.8589736244907
2010-05-07,803.1302799524683
2010-05-10,842.4136006093579
2010-05-11,843.9049423738973
2010-05-12,859.8301059534209
2010-05-13,856.28461425605
2010-05-14,838.7491354763648
2010-05-17,832.4240613843054
2010-05-18,821.4954405431736
2010-05-19,809.3124779377177
2010-05-20,778.6519068677796
2010-05-21,786.1546857446286
2010-05-24,779.1658549545587
2010-05-25,770.2468268748197
2010-05-26,775.1787615880236
2010-05-27,801.3503775442178
2010-05-28,797.0004907492267
2010-05-31,798.4788585318472
2010-06-01,782.6448565881362
2010-06-02,793.3120827142707
2010-06-03,801.5519950472633
2010-06-04,773.4980885484599
2010-06-07,756.2542518324382
2010-06-08,757.2182441343289
2010-06-09,760.339295030625
2010-06-10,781.4658739687059
2010-06-11,788.4779393368883
2010-06-14,796.3578978229156
2010-06-15,811.3336924075336
2010-06-16,810.1558914165429
2010-06-17,809.4752934951626
2010-06-18,811.8037306871539
2010-06-21,810.4198168518201
2010-06-22,798.6386498064654
2010-06-23,794.0617635916052
2010-06-24,784.8415561299738
2010-06-25,790.924740720226
2010-06-28,789.2899117963541
2010-06-29,764.1942159758169
2010-06-30,756.7852974102941
2010-07-01,751.0107340282168
2010-07-02,748.4225947546277
2010-07-05,747.8266629508196
2010-07-06,749.2960427975213
2010-07-07,767.2791953508973
2010-07-08,777.6269578488943
2010-07-09,786.0237286704835
2010-07-12,781.4714453234703
2010-07-13,799.1630383575826
2010-07-14,798.4220913850405
2010-07-15,796.1172239063159
2010-07-16,775.6875075325557
2010-07-19,775.8315527094823
2010-07-20,783.1340062655985
2010-07-21,777.1852619669887
2010-07-22,796.4698180184995
2010-07-23,807.9027504427967
2010-07-26,821.6946719212124
2010-07-27,819.6018535447926
2010-07-28,812.9590602519025
2010-07-29,814.016153467493
2010-07-30,812.7158723920879
2010-08-02,827.8388218186547
2010-08-03,824.3218127935552
2010-08-04,827.1620746768091
2010-08-05,824.7743417868081
2010-08-06,823.8556680676221
2010-08-09,830.1972495103491
2010-08-10,816.4178137450729
2010-08-11,791.0401238740137
2010-08-12,784.3885161933763
2010-08-13,781.4972055467541
2010-08-16,785.1500234466978
2010-08-17,796.1122613504833
2010-08-18,798.4977476470212
2010-08-19,786.763527652472
2010-08-20,780.2435183724166
2010-08-23,776.2171314402001
2010-08-24,768.218455721766
2010-08-25,770.6926988054166
2010-08-26,770.2330545980692
2010-08-27,783.4166649900839
2010-08-30,775.6045574229543
2010-08-31,774.4479944271047
2010-09-01,796.8304211393062
2010-09-02,804.5237425211443
2010-09-03,814.4618884238558
2010-09-06,818.1440199630983
2010-09-07,806.2419703102539
2010-09-08,809.3690091169191
2010-09-09,813.450210981468
2010-09-10,815.1166558146896
2010-09-13,829.7773647236872
2010-09-14,830.1259835522559
2010-09-15,830.6450876863875
2010-09-16,826.101322991069
2010-09-17,828.5649792485457
2010-09-20,842.1573553453405
2010-09-21,838.6588546983004
2010-09-22,835.6926214004134
2010-09-23,828.575505996195
2010-09-24,846.1572670202845
2010-09-27,846.6778892668232
2010-09-28,852.1023722209934
2010-09-29,855.0181799304308
2010-09-30,853.0272134920061
2010-10-01,856.7982297183787
2010-10-04,849.596982478927
2010-10-05,866.6207764147041
2010-10-06,867.8972844750242
2010-10-07,868.1746457401385
2010-10-08,873.4927331408107
2010-10-11,874.3385380204412
2010-10-12,872.8532402205228
2010-10-13,883.6576616680112
2010-10-14,885.6588227985042
2010-10-15,880.8147952246388
2010-10-18,886.4766847551481
2010-10-19,872.3716596476569
2010-10-20,881.5565611380657
2010-10-21,879.634762027366
2010-10-22,881.3426406160266
2010-10-25,886.200846517597
2010-10-26,882.4721344256424
2010-10-27,875.701427600234
2010-10-28,876.9008150952005
2010-10-29,879.7030229069536
2010-11-01,879.374209623632
2010-11-02,888.3270799116784
2010-11-03,888.8643533830962
2010-11-04,910.3051477000694
2010-11-05,914.4326762527068
2010-11-08,913.193208098365
2010-11-09,905.1614132678741
2010-11-10,905.3156262688491
2010-11-11,903.2824521704628
2010-11-12,891.9579000565294
2010-11-15,892.1718751300948
2010-11-16,875.3609276873187
2010-11-17,877.8517665724414
2010-11-18,890.3974607115632
2010-11-19,892.5530484567875
2010-11-22,894.799207374581
2010-11-23,884.6036675495621
2010-11-24,896.4470025375314
2010-11-25,897.351554429483
2010-11-26,890.617506607956
2010-11-29,888.150889561995
2010-11-30,883.340326197895
2010-12-01,898.5739737316771
2010-12-02,914.2220007019998
2010-12-03,922.7447853426931
2010-12-06,925.74830812622
2010-12-07,929.4517756669826
2010-12-08,927.4721968007805
2010-12-09,930.9052585152712
2010-12-10,937.9903598203883
2010-12-13,940.9013236261051
2010-12-14,942.479097629773
2010-12-15,938.0558492097286
2010-12-16,940.9548582953333
2010-12-17,942.4976678804419
2010-12-20,944.3100727497155
2010-12-21,953.3332474683741
2010-12-22,956.5137837987509
2010-12-23,956.3340848056491
2010-12-24,956.0744012715868
2010-12-27,958.0191767966281
2010-12-28,959.2728294583278
2010-12-29,963.8299553210941
2010-12-30,963.8817903091738
2010-12-31,963.8706076720348
2011-01-03,973.3215436927132
2011-01-04,967.6774411606356
2011-01-05,969.3904690665045
2011-01-06,968.3637477338063
2011-01-07,966.5524965547364
2011-01-10,967.4454527392477
2011-01-11,971.7070969353538
2011-01-12,979.8208187443859
2011-01-13,982.4900298624491
2011-01-14,987.2158499890096
2011-01-17,987.7769260882939
2011-01-18,991.7107167974452
2011-01-19,979.9110038345168
2011-01-20,967.5352607211892
2011-01-21,966.1466368408481
2011-01-24,973.1744591130819
2011-01-25,974.6098722889428
2011-01-26,983.210482572316
2011-01-27,986.1168835237792
2011-01-28,970.488840367245
2011-01-31,973.0990545863558
2011-02-01,990.2535246901094
2011-02-02,989.4942070733993
2011-02-03,990.0505509944827
2011-02-04,992.3459023739517
2011-02-07,1000.9362576939668
2011-02-08,1005.1926076022469
2011-02-09,1000.5463612168595
2011-02-10,998.2430522222716
2011-02-11,1004.2085840485951
2011-02-14,1008.7565892916737
2011-02-15,1005.341392465827
2011-02-16,1011.9093477681433
2011-02-17,1019.1413530833978
2011-02-18,1020.2679084241951
2011-02-21,1019.034650775524
2011-02-22,999.3359305008131
2011-02-23,988.0172254424715
2011-02-24,985.4900823229823
2011-02-25,1002.2077436996937
2011-02-28,1009.9264505592126
2011-03-01,999.8666003894599
2011-03-02,998.6149770560727
2011-03-03,1010.9938778587185
2011-03-04,1009.0563621861278
2011-03-07,999.451766387271
2011-03-08,1005.4284274502958
2011-03-09,1004.9820327635351
2011-03-10,982.7291609479013
2011-03-11,983.7762554201893
2011-03-14,970.5575148797008
2011-03-15,948.7999054774433
2011-03-16,946.5761549848282
2011-03-17,956.4628951358558
2011-03-18,967.2787092881888
2011-03-21,984.2965123117627
2011-03-22,986.647449081392
2011-03-23,985.7722177414125
2011-03-24,992.7042140135911
2011-03-25,997.2648351923826
2011-03-28,994.088918433587
2011-03-29,998.3179786884759
2011-03-30,1009.4705318221754
2011-03-31,1012.5748953285506
2011-04-01,1015.8392653407577
2011-04-04,1018.9119642506063
2011-04-05,1018.8427787248477
2011-04-06,1020.7456022124741
2011-04-07,1015.2171886277571
2011-04-08,1013.8641767439565
2011-04-11,1008.6401085158832
2011-04-12,995.8454817986143
2011-04-13,998.2633589955277
2011-04-14,1002.2350407194841
2011-04-15,1007.2162562096994
2011-04-18,994.2165511008957
2011-04-19,998.0756712760054
2011-04-20,1014.5787722251258
2011-04-21,1022.5012494385437
2011-04-22,1022.7356476407917
2011-04-25,1020.7271739279033
2011-04-26,1028.5768221264464
2011-04-27,1031.4689192735927
2011-04-28,1040.3720829485258
2011-04-29,1042.3414919172792
2011-05-02,1039.683371784909
2011-05-03,1031.359192836526
2011-05-04,1021.933470329719
2011-05-05,1016.4960746331288
2011-05-06,1018.2233101244558
2011-05-09,1021.1859236946492
2011-05-10,1032.9707167650583
2011-05-11,1023.7287307663918
2011-05-12,1022.8448348709553
2011-05-13,1013.8716372438379
2011-05-16,1005.2470480964203
2011-05-17,999.2310120357181
2011-05-18,1010.0228324560455
2011-05-19,1011.4993137733056
2011-05-20,1007.1685181027268
2011-05-23,991.0372275379408
2011-05-24,990.0346375519072
2011-05-25,994.3194216664294
2011-05-26,1002.4870502313116
2011-05-27,1011.2421193813827
2011-05-30,1012.2063975231667
2011-05-31,1022.8037179330647
2011-06-01,1005.2999819764809
2011-06-02,999.7192336327037
2011-06-03,990.7497876082908
2011-06-06,981.0163890986469
2011-06-07,984.3452002944226
2011-06-08,974.8752440695355
2011-06-09,977.6815780949657
2011-06-10,965.2976579570353
2011-06-13,963.3986817758794
2011-06-14,978.7850404376156
2011-06-15,965.3614337147183
2011-06-16,959.486383234088
2011-06-17,962.0740524026054
2011-06-20,965.0691382187632
2011-06-21,980.7314685154271
2011-06-22,979.2026827310532
2011-06-23,970.990731490962
2011-06-24,967.5957119928711
2011-06-27,968.8560843913806
2011-06-28,979.5738749064061
2011-06-29,990.95957887297
2011-06-30,1001.2398047155385
2011-07-01,1013.3990475915172
2011-07-04,1017.3702791693778
2011-07-05,1016.7879821834924
2011-07-06,1019.1958000575099
2011-07-07,1028.8088593161306
2011-07-08,1023.9451169786689
2011-07-11,1004.0356130593306
2011-07-12,999.6852882300299
2011-07-13,1008.3799406499678
2011-07-14,997.668987689751
2011-07-15,1000.873089302635
2011-07-18,987.6305009536115
2011-07-19,1002.7899111086074
2011-07-20,1006.816451388963
2011-07-21,1017.5753786372993
2011-07-22,1020.1633336080785
2011-07-25,1012.6151479730935
2011-07-26,1010.7571723128635
2011-07-27,990.1595587744409
2011-07-28,984.7765860947305
2011-07-29,982.4452859354865
2011-08-01,979.8693209217942
2011-08-02,954.0453213442484
2011-08-03,949.3692921948779
2011-08-04,902.0664167493774
2011-08-05,882.9713683299489
2011-08-08,821.9365645245008
2011-08-09,857.2940648936326
2011-08-10,835.755548335577
2011-08-11,864.9423092606434
2011-08-12,869.6559741987525
2011-08-15,892.6286713202777
2011-08-16,883.043803768527
2011-08-17,885.2707691102097
2011-08-18,845.3062277129351
2011-08-19,831.8085034610153
2011-08-22,828.3067010772675
2011-08-23,852.3100747328375
2011-08-24,860.8196856610554
2011-08-25,848.172542503914
2011-08-26,860.3458818041216
2011-08-29,890.1237925628329
2011-08-30,895.2835416557201
2011-08-31,903.0305941848059
2011-09-01,889.7798683867477
2011-09-02,867.5146562736652
2011-09-05,858.4831474972182
2011-09-06,849.2830322610064
2011-09-07,876.2934393070041
2011-09-08,868.3313732133328
2011-09-09,846.6633092132765
2011-09-12,841.9975530962535
2011-09-13,852.5083412792802
2011-09-14,859.3015513441458
2011-09-15,874.3872810230037
2011-09-16,879.0939090154557
2011-09-19,864.3017914052533
2011-09-20,856.2933385922881
2011-09-21,831.782897537916
2011-09-22,802.2666206721551
2011-09-23,806.8112855198698
2011-09-26,813.7756353886238
2011-09-27,834.3823913606454
2011-09-28,817.0934788367997
2011-09-29,827.3273910382584
2011-09-30,809.4095605856533
2011-10-03,778.1716015464863
2011-10-04,794.205628056227
2011-10-05,803.8064285831892
2011-10-06,824.3748412596526
2011-10-07,816.8173270957311
2011-10-10,841.3435784470538
2011-10-11,845.4070087847335
2011-10-12,859.0401975188896
2011-10-13,856.2872682628368
2011-10-14,867.2134117458613
2011-10-17,852.3714164678352
2011-10-18,865.2624939320499
2011-10-19,859.3453576722749
2011-10-20,857.222231260712
2011-10-21,875.6384604351917
2011-10-24,897.3155034538543
2011-10-25,879.7553181004834
2011-10-26,888.1434962794643
2011-10-27,926.9152061098274
2011-10-28,926.0991943903781
2011-10-31,902.701385927777
2011-11-01,871.2312151025301
2011-11-02,886.5370657502007
2011-11-03,901.7989167041567
2011-11-04,901.3234285077053
2011-11-07,900.7949325360562
2011-11-08,907.9631308491914
2011-11-09,879.4770963779068
2011-11-10,880.1431759515251
2011-11-11,898.874325670131
2011-11-14,889.399085127722
2011-11-15,891.9968658070372
2011-11-16,881.1590156621761
2011-11-17,870.6839324945598
2011-11-18,870.33262563487
2011-11-21,852.8670782454467
2011-11-22,847.7492128100359
2011-11-23,826.6603683395509
2011-11-24,825.1532223503995
2011-11-25,820.7826295603973
2011-11-28,845.9935148756073
2011-11-29,850.6574136274729
2011-11-30,886.8779329402087
2011-12-01,882.3736722951928
2011-12-02,886.6064559392344
2011-12-05,898.0919693718508
2011-12-06,893.7860735799187
2011-12-07,898.0003979759598
2011-12-08,876.5481398199454
2011-12-09,890.423274776405
2011-12-12,877.8039070997631
2011-12-13,866.0525347624587
2011-12-14,853.1870120550063
2011-12-15,859.10213483522
2011-12-16,864.9048792607559
2011-12-19,851.6467943676644
2011-12-20,877.5820987674634
2011-12-21,882.5073739573714
2011-12-22,888.332180575399
2011-12-23,892.5136210593636
2011-12-26,892.642956607696
2011-12-27,894.5338809778177
2011-12-28,881.1821123393545
2011-12-29,889.8539877866832
2011-12-30,891.8395517420927
2012-01-02,892.2125354175799
2012-01-03,907.2758660689827
2012-01-04,906.4551725613663
2012-01-05,906.1646719138082
2012-01-06,904.0759642365587
2012-01-09,907.2361156283276
2012-01-10,918.1794498720708
2012-01-11,919.9961900700398
2012-01-12,922.1058266100843
2012-01-13,917.6093867874579
2012-01-16,918.706114828714
2012-01-17,922.7012937903108
2012-01-18,934.7309650018605
2012-01-19,941.1207928210014
2012-01-20,945.8558774551122
2012-01-23,948.8062272830632
2012-01-24,947.6876524560859
2012-01-25,954.4653982805978
2012-01-26,956.366164019935
2012-01-27,959.870047371011
2012-01-30,953.0901336679074
2012-01-31,954.2659440903018
2012-02-01,971.6923529518292
2012-02-02,974.9260004575225
2012-02-03,988.2101643097864
2012-02-06,987.0294257286363
2012-02-07,987.5111353422312
2012-02-08,990.9647350076706
2012-02-09,991.4002904790476
2012-02-10,979.5462369701321
2012-02-13,989.1151420375857
2012-02-14,982.6390438898134
2012-02-15,982.1613885089027
2012-02-16,991.1679974013917
2012-02-17,995.8791393465337
2012-02-20,999.415574645103
2012-02-21,996.2009029299078
2012-02-22,990.4890540429905
2012-02-23,1000.5053393748681
2012-02-24,1001.2939207822257
2012-02-27,1001.2782283267142
2012-02-28,1000.9530379219611
2012-02-29,994.4571849824656
2012-03-01,997.2316289600342
2012-03-02,990.3144536747145
2012-03-05,987.319348656035
2012-03-06,967.9657188799692
2012-03-07,975.7120970687592
2012-03-08,987.8996896768786
2012-03-09,996.3713182050777
2012-03-12,992.7117347388465
2012-03-13,1009.8135778086258
2012-03-14,1003.7855950058799
2012-03-15,1011.7758825789923
2012-03-16,1014.2714355349644
2012-03-19,1019.1337929677678
2012-03-20,1009.9929312511358
2012-03-21,1006.9349398444471
2012-03-22,997.9226646577223
2012-03-23,1004.1320844712988
2012-03-26,1016.5857659871104
2012-03-27,1015.5423148073095
2012-03-28,1010.3315592806161
2012-03-29,1007.3211978972886
2012-03-30,1009.4577849153017
2012-04-02,1017.1137926344594
2012-04-03,1013.7522846231726
2012-04-04,997.0457613354184
2012-04-05,993.2967241606697
2012-04-06,992.6629495006619
2012-04-09,982.0816552389308
2012-04-10,963.6598846371206
2012-04-11,972.9493149029419
2012-04-12,988.8731849788381
2012-04-13,977.9430214219783
2012-04-16,978.9066394547513
2012-04-17,991.6525249619175
2012-04-18,989.1382559400665
2012-04-19,984.6725693336521
2012-04-20,989.8999106668442
2012-04-23,977.7782933894804
2012-04-24,983.8831990269766
2012-04-25,995.8297986485396
2012-04-26,1002.843377864699
2012-04-27,1009.5052481655581
2012-04-30,1004.0437229246436
2012-05-01,1004.7696960139966
2012-05-02,1006.5539575196601
2012-05-03,996.9663021142185
2012-05-04,981.7838153288317
2012-05-07,978.2452495976758
2012-05-08,974.6698538313077
2012-05-09,967.2227897140142
2012-05-10,972.148906707472
2012-05-11,968.8908023958139
2012-05-14,955.0897807949609
2012-05-15,947.7673429444396
2012-05-16,937.3697202270979
2012-05-17,924.1199033669777
2012-05-18,911.9190052790426
2012-05-21,925.0559988409449
2012-05-22,928.6556539900089
2012-05-23,926.6758219125603
2012-05-24,929.2539079241268
2012-05-25,926.7801458986946
2012-05-28,928.0511017290407
2012-05-29,940.4594114016109
2012-05-30,923.4120126827962
2012-05-31,923.8359095253536
2012-06-01,900.0596035827925
2012-06-04,893.1780463071053
2012-06-05,902.6063656093376
2012-06-06,923.0904690284532
2012-06-07,924.8075840370483
2012-06-08,925.7211433048626
2012-06-11,914.7771553743444
2012-06-12,920.2727129716154
2012-06-13,914.152993765939
2012-06-14,919.6544939180188
2012-06-15,929.5297417072991
2012-06-18,934.102236090666
2012-06-19,945.6091410661707
2012-06-20,947.3437902419604
2012-06-21,928.8873014125267
2012-06-22,930.9259845903516
2012-06-25,918.0644150097211
2012-06-26,919.8952959988887
2012-06-27,930.9842998264559
2012-06-28,934.113877118765
2012-06-29,958.1357013133049
2012-07-02,966.1753284631127
2012-07-03,976.0771104472094
2012-07-04,976.4705456895473
2012-07-05,973.9270627685744
2012-07-06,966.4297176673759
2012-07-09,960.7592490578295
2012-07-10,954.0433400434853
2012-07-11,951.5798365434865
2012-07-12,945.0535752949454
2012-07-13,959.1348596708117
2012-07-16,957.9360695873256
2012-07-17,959.7808584502936
2012-07-18,963.7286534237289
2012-07-19,966.3747375074154
2012-07-20,957.239797163974
2012-07-23,941.237933736087
2012-07-24,932.3456557782572
2012-07-25,929.8084847032025
2012-07-26,943.0363978550618
2012-07-27,959.4372629564227
2012-07-30,960.9941682430253
2012-07-31,958.4131690161967
2012-08-01,950.3460878458359
2012-08-02,945.7768662763509
2012-08-03,960.0557622037614
2012-08-06,966.6036213871807
2012-08-07,973.2198624809339
2012-08-08,975.3752950649623
2012-08-09,978.471586030749
2012-08-10,978.978015083113
2012-08-13,976.7577835542867
2012-08-14,976.8282029135212
2012-08-15,980.3041737660986
2012-08-16,988.365166427176
2012-08-17,993.9270750464174
2012-08-20,992.6735972351283
2012-08-21,995.313864383055
2012-08-22,990.7352175663843
2012-08-23,987.155175604161
2012-08-24,987.2234503164912
2012-08-27,986.6446056205855
2012-08-28,987.2036420775789
2012-08-29,988.8741107328874
2012-08-30,980.3109474538235
2012-08-31,984.0975475968545
2012-09-03,984.8324560296011
2012-09-04,988.8738160612819
2012-09-05,986.4425258537102
2012-09-06,1002.3499858397123
2012-09-07,1014.006168346129
2012-09-10,1012.6268551562047
2012-09-11,1016.3342834597584
2012-09-12,1021.6454369032249
2012-09-13,1031.6165421721887
2012-09-14,1046.0833640786827
2012-09-17,1036.9297267021159
2012-09-18,1032.7096249612714
2012-09-19,1035.9547616770267
2012-09-20,1030.4811922750796
2012-09-21,1032.9938624724402
2012-09-24,1029.5407686887288
2012-09-25,1021.4356436913184
2012-09-26,1012.401322137227
2012-09-27,1020.588940487271
2012-09-28,1015.725526840088
2012-10-01,1016.5200891435471
2012-10-02,1017.6905282675539
2012-10-03,1014.3965892038211
2012-10-04,1024.7057447155953
2012-10-05,1028.029692071727
2012-10-08,1023.67104429237
2012-10-09,1015.1211981021742
2012-10-10,1009.9601827734562
2012-10-11,1013.1133857323563
2012-10-12,1007.6052529453578
2012-10-15,1012.2307416615469
2012-10-16,1020.8506778693035
2012-10-17,1032.1646977866637
2012-10-18,1032.2005698254534
2012-10-19,1020.4139305976714
2012-10-22,1018.8590116513082
2012-10-23,1010.0067280003685
2012-10-24,1008.6345901475811
2012-10-25,1012.4609651618174
2012-10-26,1009.0389849611714
2012-10-29,1008.0371290422407
2012-10-30,1008.5371050577855
2012-10-31,1013.3989478696752
2012-11-01,1025.4998054646655
2012-11-02,1017.5723361940734
2012-11-05,1018.8192380171745
2012-11-06,1024.9184892092183
2012-11-07,1006.5727712428229
2012-11-08,995.714121295752
2012-11-09,994.3271051717323
2012-11-12,991.3991931567145
2012-11-13,986.1255164455425
2012-11-14,971.8300493018834
2012-11-15,968.074511984437
2012-11-16,973.5941119813119
2012-11-19,992.3017845655867
2012-11-20,993.7972685571398
2012-11-21,996.6022772916094
2012-11-22,1000.580016625488
2012-11-23,1010.204774086827
2012-11-26,1011.7485199964561
2012-11-27,1010.4926464253583
2012-11-28,1012.8605029014955
2012-11-29,1021.8630575459496
2012-11-30,1022.3013699860194
2012-12-03,1022.0825990390244
2012-12-04,1023.8110387857118
2012-12-05,1024.5857477877664
2012-12-06,1028.1210008711478
2012-12-07,1029.9195782382524
2012-12-10,1033.9816594901013
2012-12-11,1039.2698438998132
2012-12-12,1038.3502715911302
2012-12-13,1034.642100153663
2012-12-14,1034.697966733222
2012-12-17,1043.703486668545
2012-12-18,1055.371956186706
2012-12-19,1059.4525820928816
2012-12-20,1064.3366498311948
2012-12-21,1056.915278102799
2012-12-24,1053.9297160628248
2012-12-25,1054.5013806329887
2012-12-26,1051.2714708728545
2012-12-27,1051.2039750231293
2012-12-28,1047.085177965342
2012-12-31,1059.2313601073079
2013-01-01,1059.3901018605818
2013-01-02,1082.227579974181
2013-01-03,1083.8984597121712
2013-01-04,1091.423092455911
2013-01-07,1089.8804867746808
2013-01-08,1085.759476401872
2013-01-09,1089.872240042514
2013-01-10,1095.0471836288857
2013-01-11,1095.4443051578103
2013-01-14,1094.8738129300496
2013-01-15,1099.7702226325764
2013-01-16,1095.9959169334238
2013-01-17,1102.520415252587
2013-01-18,1106.050533810342
2013-01-21,1107.385220659515
2013-01-22,1114.5688932997289
2013-01-23,1110.93695806076
2013-01-24,1112.8583480277491
2013-01-25,1118.0849437537468
2013-01-28,1118.3589576373008
2013-01-29,1121.7851173236913
2013-01-30,1118.1180748700085
2013-01-31,1122.2927580211724
2013-02-01,1130.646217179481
2013-02-04,1121.2554000698813
2013-02-05,1123.8408790544831
2013-02-06,1131.8682553036033
2013-02-07,1131.169784994711
2013-02-08,1137.4098582975619
2013-02-11,1134.7073064553335
2013-02-12,1142.4970723745828
2013-02-13,1144.2671068037234
2013-02-14,1146.6609128686173
2013-02-15,1143.1497376734108
2013-02-18,1145.9501725381783
2013-02-19,1155.5370159198824
2013-02-20,1141.4779512237446
2013-02-21,1129.7842723213607
2013-02-22,1138.6492819404577
2013-02-25,1123.9926622159862
2013-02-26,1127.0118853093857
2013-02-27,1136.9569537065474
2013-02-28,1141.9778503302084
2013-03-01,1139.130146278736
2013-03-04,1140.4730256330697
2013-03-05,1151.8377278016949
2013-03-06,1156.171005521747
2013-03-07,1158.3580412625095
2013-03-08,1163.2440261213724
2013-03-11,1168.2788043423711
2013-03-12,1165.804634228142
2013-03-13,1167.2894345443456
2013-03-14,1177.7612111796118
2013-03-15,1184.8201612067858
2013-03-18,1177.3778826360103
2013-03-19,1175.4098639826248
2013-03-20,1181.9467468911603
2013-03-21,1178.8686951414595
2013-03-22,1179.108897101894
2013-03-25,1179.0209990473056
2013-03-26,1184.5454575117203
2013-03-27,1185.6995011396762
2013-03-28,1187.8696595961762
2013-03-29,1186.956402065765
2013-04-01,1173.5329942967016
2013-04-02,1169.6260885576244
2013-04-03,1160.8156256150162
2013-04-04,1161.0648235697527
2013-04-05,1161.0542536000771
2013-04-08,1170.3486053801844
2013-04-09,1172.7695486574116
2013-04-10,1186.614729305178
2013-04-11,1192.1726107380298
2013-04-12,1188.047057324627
2013-04-15,1155.5682141565756
2013-04-16,1164.7216440372317
2013-04-17,1150.6728607998625
2013-04-18,1145.291220072715
2013-04-19,1154.9958780151135
2013-04-22,1159.6655889170233
2013-04-23,1171.481302557515
2013-04-24,1181.4685433736374
2013-04-25,1189.4293549209308
2013-04-26,1185.7304469261385
2013-04-29,1192.0468886579665
2013-04-30,1201.1160142608205
2013-05-01,1184.9530889924429
2013-05-02,1190.5621856197638
2013-05-03,1202.3255872161342
2013-05-06,1206.4620576844102
2013-05-07,1217.9965773887125
2013-05-08,1224.981637876388
2013-05-09,1218.5932177905659
2013-05-10,1218.5028549770875
2013-05-13,1217.589842782795
2013-05-14,1224.7176273171965
2013-05-15,1226.8086319131633
2013-05-16,1224.1475675947693
2013-05-17,1233.0024363803386
2013-05-20,1239.834455281412
2013-05-21,1240.1698288961784
2013-05-22,1223.7537662944524
2013-05-23,1209.5931930654906
2013-05-24,1209.6469899818335
2013-05-27,1205.6867612688222
2013-05-28,1212.50674329348
2013-05-29,1207.1441538851607
2013-05-30,1208.9503345123496
2013-05-31,1200.87161690076
2013-06-03,1200.1268757577513
2013-06-04,1195.1822103417503
2013-06-05,1178.8106639872688
2013-06-06,1183.3498149312543
2013-06-07,1189.3674180558621
2013-06-10,1194.4588355444264
2013-06-11,1182.97646095336
2013-06-12,1176.4413968490194
2013-06-13,1187.961984457562
2013-06-14,1186.579673905055
2013-06-17,1195.4495850787491
2013-06-18,1201.3791442940644
2013-06-19,1193.3072193238315
2013-06-20,1155.7049988272506
2013-06-21,1155.8050062784757
2013-06-24,1139.9667316650414
2013-06-25,1152.1784596157465
2013-06-26,1157.0023040937733
2013-06-27,1173.0830045784137
2013-06-28,1176.5062851925904
2013-07-01,1188.3718050620955
2013-07-02,1190.3206544159534
2013-07-03,1189.4507911479986
2013-07-04,1191.7795815510376
2013-07-05,1198.498504476394
2013-07-08,1201.4316758958528
2013-07-09,1213.756126573191
2013-07-10,1216.704656791644
2013-07-11,1234.501526197914
2013-07-12,1237.5332778547845
2013-07-15,1241.1132724347315
2013-07-16,1239.2719379012358
2013-07-17,1243.018311864913
2013-07-18,1251.9753351841264
2013-07-19,1251.5938410200597
2013-07-22,1260.1637609462405
2013-07-23,1262.4634560353816
2013-07-24,1253.9119198949677
2013-07-25,1256.0479300603436
2013-07-26,1252.1440083849586
2013-07-29,1242.1719736421658
2013-07-30,1246.9374687095699
2013-07-31,1244.509756170302
2013-08-01,1258.2182629026413
2013-08-02,1263.4633873190207
2013-08-05,1264.5239310205964
2013-08-06,1256.965583770443
2013-08-07,1248.7067901019332
2013-08-08,1256.7883671755187
2013-08-09,1258.829551777918
2013-08-12,1260.069197571269
2013-08-13,1257.653508255556
2013-08-14,1258.4624930910488
2013-08-15,1239.334889613572
2013-08-16,1237.3737557462675
2013-08-19,1228.6553248076725
2013-08-20,1237.6418696514888
2013-08-21,1227.7698023904613
2013-08-22,1236.7046696438051
2013-08-23,1243.2531530043973
2013-08-26,1240.5638807829193
2013-08-27,1221.2992748666486
2013-08-28,1217.12839389263
2013-08-29,1220.3984260155482
2013-08-30,1206.209421544425
2013-09-02,1210.7167436851173
2013-09-03,1214.3261362735038
2013-09-04,1223.5457237482376
2013-09-05,1224.5779779394736
2013-09-06,1230.0450382024537
2013-09-09,1246.602582365052
2013-09-10,1257.35390043583
2013-09-11,1260.282848778004
2013-09-12,1255.5919503735417
2013-09-13,1258.6852129506428
2013-09-16,1267.105801650413
2013-09-17,1271.12142674936
2013-09-18,1283.2955385548987
2013-09-19,1288.3630586852516
2013-09-20,1280.0444487549519
2013-09-23,1278.23129268348
2013-09-24,1280.465078805192
2013-09-25,1281.4193136457463
2013-09-26,1284.697940904084
2013-09-27,1282.7756076057717
2013-09-30,1280.0155393086422
2013-10-01,1290.599503525114
2013-10-02,1285.4707279774468
2013-10-03,1276.268430006275
2013-10-04,1279.991819161951
2013-10-07,1268.5398225396727
2013-10-08,1257.9638057537584
2013-10-09,1255.2918577891933
2013-10-10,1276.4769964147054
2013-10-11,1290.3953010338146
2013-10-14,1295.0153547900622
2013-10-15,1288.9093845719133
2013-10-16,1297.906891318316
2013-10-17,1315.199884419757
2013-10-18,1325.0984203993178
2013-10-21,1327.4892067075275
2013-10-22,1334.832167884045
2013-10-23,1329.4962928033622
2013-10-24,1333.6454968355413
2013-10-25,1333.8755296437462
2013-10-28,1333.5788048862162
2013-10-29,1334.0966365880456
2013-10-30,1328.009199940456
2013-10-31,1322.5748220940131
2013-11-01,1317.90562552238
2013-11-04,1327.1025827776868
2013-11-05,1320.8077712217384
2013-11-06,1323.2023193752748
2013-11-07,1304.290492196986
2013-11-08,1313.8654484366975
2013-11-11,1316.5646713011233
2013-11-12,1314.0798479363496
2013-11-13,1320.1951462671461
2013-11-14,1327.1792845066304
2013-11-15,1332.5629127642317
2013-11-18,1329.4521779769632
2013-11-19,1322.6238711760395
2013-11-20,1319.4706316495394
2013-11-21,1327.0706869679925
2013-11-22,1331.6272278071408
2013-11-25,1331.6881970746265
2013-11-26,1333.557107676652
2013-11-27,1336.589681325741
2013-11-28,1338.0974506249058
2013-11-29,1338.08116095584
2013-12-02,1328.9609981757399
2013-12-03,1324.1482498894327
2013-12-04,1319.6816923138708
2013-12-05,1318.5231226256487
2013-12-06,1327.5192247903235
2013-12-09,1329.7167025669894
2013-12-10,1325.7822743879624
2013-12-11,1309.867720161054
2013-12-12,1304.9763923093276
2013-12-13,1307.1159394698873
2013-12-16,1315.3632347447679
2013-12-17,1316.0973321303627
2013-12-18,1327.727218375939
2013-12-19,1323.408756234911
2013-12-20,1336.8307176759415
2013-12-23,1346.9454570722555
2013-12-24,1350.8252555141814
2013-12-25,1350.7342275905412
2013-12-26,1354.0477745534072
2013-12-27,1359.6704848381503
2013-12-30,1364.2110504191728
2013-12-31,1366.9812853623566
2014-01-01,1367.0313894664941
2014-01-02,1356.6163631640381
2014-01-03,1360.7838512062685
2014-01-06,1355.2533244089163
2014-01-07,1360.2009020885735
2014-01-08,1360.947906603857
2014-01-09,1360.3581043785264
2014-01-10,1371.7712845765848
2014-01-13,1363.32924696577
2014-01-14,1369.3189365797148
2014-01-15,1375.050581864983
2014-01-16,1374.6016739824972
2014-01-17,1374.3380467062748
2014-01-20,1374.9051752722003
2014-01-21,1379.8636305862917
2014-01-22,1384.4299279567167
2014-01-23,1374.2867935446718
2014-01-24,1348.1859376018172
2014-01-27,1332.7989151484799
2014-01-28,1340.4267247511937
2014-01-29,1336.2188045030043
2014-01-30,1342.2901204813325
2014-01-31,1337.0292097463418
2014-02-03,1305.6284974034988
2014-02-04,1304.142537685872
2014-02-05,1303.3471021763232
2014-02-06,1317.9297021041214
2014-02-07,1330.0241662560422
2014-02-10,1333.5417039164038
2014-02-11,1345.340704733101
2014-02-12,1351.31154405406
2014-02-13,1357.751722721448
2014-02-14,1363.542315407349
2014-02-17,1367.0721881808936
2014-02-18,1375.0657610958972
2014-02-19,1367.0288728655228
2014-02-20,1370.2187545892662
2014-02-21,1375.512823059724
2014-02-24,1382.4966800958973
2014-02-25,1383.978889570241
2014-02-26,1385.173903014283
2014-02-27,1389.332137499292
2014-02-28,1396.9873084695178
2014-03-03,1385.7689781904783
2014-03-04,1406.9754801264578
2014-03-05,1407.9602752629564
2014-03-06,1412.1073046706028
2014-03-07,1410.5863346457343
2014-03-10,1404.4132487070044
2014-03-11,1397.6041921986766
2014-03-12,1394.7859108038554
2014-03-13,1387.8447365610775
2014-03-14,1385.0197431324486
2014-03-17,1392.0471185751212
2014-03-18,1405.171194947167
2014-03-19,1397.221050721091
2014-03-20,1392.390657669451
2014-03-21,1394.1577845726088
2014-03-24,1388.411920859683
2014-03-25,1392.5079188615928
2014-03-26,1382.0696020423422
2014-03-27,1383.3123519457731
2014-03-28,1388.41048461366
2014-03-31,1407.2045201354588
2014-04-01,1415.7260904564625
2014-04-02,1421.252090195712
2014-04-03,1417.1345951615037
2014-04-04,1406.1467718531067
2014-04-07,1390.8733999510114
2014-04-08,1394.2386534264228
2014-04-09,1402.379837426162
2014-04-10,1385.1272965110995
2014-04-11,1368.0913991542798
2014-04-14,1368.6389882485696
2014-04-15,1371.666507928905
2014-04-16,1385.543523734967
2014-04-17,1392.1872003013061
2014-04-18,1393.2177875511754
2014-04-21,1394.7440765446052
2014-04-22,1402.6991446841198
2014-04-23,1401.1428101958318
2014-04-24,1401.9801746085366
2014-04-25,1391.9661798323534
2014-04-28,1385.9527743140948
2014-04-29,1389.1295823619466
2014-04-30,1395.862515831386
2014-05-01,1397.2344809022422
2014-05-02,1400.6254934622966
2014-05-05,1399.2674844454637
2014-05-06,1393.5673780381812
2014-05-07,1393.141188339844
2014-05-08,1390.4127651404517
2014-05-09,1390.989417444132
2014-05-12,1407.0558103205997
2014-05-13,1402.2827304076516
2014-05-14,1393.2243104192607
2014-05-15,1383.0114298691192
2014-05-16,1382.5728402962297
2014-05-19,1387.2714787364737
2014-05-20,1377.5040983952304
2014-05-21,1382.202554438586
2014-05-22,1390.7312213059324
2014-05-23,1399.907882146655
2014-05-26,1402.9156722366922
2014-05-27,1411.6986745423633
2014-05-28,1409.9635340279617
2014-05-29,1414.9962168525071
2014-05-30,1413.150654144184
2014-06-02,1415.7665741276014
2014-06-03,1413.609152229736
2014-06-04,1417.9675346716313
2014-06-05,1432.4969775711172
2014-06-06,1442.4706133153804
2014-06-09,1447.5196765897674
2014-06-10,1444.941135438364
2014-06-11,1440.7715861501963
2014-06-12,1437.6577847093272
2014-06-13,1438.4127912017832
2014-06-16,1437.5702340131795
2014-06-17,1443.3644741423195
2014-06-18,1449.7884179023683
2014-06-19,1457.4375782826116
2014-06-20,1459.2446581494557
2014-06-23,1457.1200780928789
2014-06-24,1447.0758906162682
2014-06-25,1451.5120464169338
2014-06-26,1452.82088578943
2014-06-27,1458.6778556542245
2014-06-30,1466.2814026276187
2014-07-01,1476.856156904812
2014-07-02,1472.9751120099702
2014-07-03,1479.4370391385053
2014-07-04,1480.5355408480357
2014-07-07,1467.4955409723298
2014-07-08,1458.4598168686016
2014-07-09,1458.0527609755118
2014-07-10,1448.6251392323204
2014-07-11,1445.7218541322475
2014-07-14,1451.9913386624858
2014-07-15,1446.4794805266483
2014-07-16,1448.3898581676908
2014-07-17,1436.2247160963288
2014-07-18,1447.3911627105892
2014-07-21,1443.433929724997
2014-07-22,1452.5527928195716
2014-07-23,1454.0615402018345
2014-07-24,1452.399679949131
2014-07-25,1445.4458330531263
2014-07-28,1443.388867848965
2014-07-29,1440.1093722706182
2014-07-30,1437.5968796370357
2014-07-31,1416.615921081423
2014-08-01,1410.5390767642855
2014-08-04,1414.2410217506285
2014-08-05,1408.2363988892691
2014-08-06,1408.030656915836
2014-08-07,1404.7432953501618
2014-08-08,1410.2190165572556
2014-08-11,1421.8480190839828
2014-08-12,1418.9328377352504
2014-08-13,1427.471213184218
2014-08-14,1432.341918892812
2014-08-15,1432.409678725355
2014-08-18,1445.656784089568
2014-08-19,1450.4428017486046
2014-08-20,1448.1436012812492
2014-08-21,1452.7513481675396
2014-08-22,1450.0337436348834
2014-08-25,1453.984994274462
2014-08-26,1459.101118079135
2014-08-27,1460.4760825799194
2014-08-28,1455.8580006651573
2014-08-29,1461.7450230100796
2014-09-01,1461.5800736194271
2014-09-02,1462.430106634654
2014-09-03,1461.4581488718504
2014-09-04,1455.649479873502
2014-09-05,1457.1819046104165
2014-09-08,1452.4187728774948
2014-09-09,1440.0021525381758
2014-09-10,1440.4636694763515
2014-09-11,1444.0835024068697
2014-09-12,1432.3808739679612
2014-09-15,1424.7563562641014
2014-09-16,1428.090319792328
2014-09-17,1428.8289672611018
2014-09-18,1431.138263285009
2014-09-19,1423.941945019539
2014-09-22,1407.3308054181339
2014-09-23,1397.772701181314
2014-09-24,1400.7603783178174
2014-09-25,1388.0968245925046
2014-09-26,1391.2016714270715
2014-09-29,1387.4171818966793
2014-09-30,1374.7579323804612
2014-10-01,1361.6405985700296
2014-10-02,1358.9105947055898
2014-10-03,1361.964017860697
2014-10-06,1362.9188028295705
2014-10-07,1348.4328907738031
2014-10-08,1359.7422483600703
2014-10-09,1336.7802839065364
2014-10-10,1317.7473265993021
2014-10-13,1311.7832750820587
2014-10-14,1317.783033222683
2014-10-15,1316.843570449517
2014-10-16,1324.6173446467828
2014-10-17,1329.175556055332
2014-10-20,1344.6458328158774
2014-10-21,1365.1428104546578
2014-10-22,1360.106239959802
2014-10-23,1371.5194403031167
2014-10-24,1373.5144698903412
2014-10-27,1372.9326129323701
2014-10-28,1394.2258373553495
2014-10-29,1397.0002446880633
2014-10-30,1397.8202070897455
2014-10-31,1413.451016431241
2014-11-03,1408.6041109575353
2014-11-04,1406.3468680315975
2014-11-05,1409.86472376681
2014-11-06,1409.0114691388603
2014-11-07,1411.6188369529248
2014-11-10,1418.4713560887674
2014-11-11,1416.5338936736316
2014-11-12,1420.3584356844435
2014-11-13,1413.32874439659
2014-11-14,1413.0317771507187
2014-11-17,1406.7829065088172
2014-11-18,1414.9248060120203
2014-11-19,1404.6612012424857
2014-11-20,1412.0811881304949
2014-11-21,1418.1319203707212
2014-11-24,1423.9452023750068
2014-11-25,1427.0489111303823
2014-11-26,1429.701370070989
2014-11-27,1425.193682681104
2014-11-28,1410.67030175231
2014-12-01,1396.7061548830402
2014-12-02,1404.6025330988045
2014-12-03,1414.1375307670628
2014-12-04,1411.22333506737
2014-12-05,1412.9473523330053
2014-12-08,1401.78913578041
2014-12-09,1412.5658757454687
2014-12-10,1389.0927839985845
2014-12-11,1388.8164207051955
2014-12-12,1372.5178498576768
2014-12-15,1357.2954347675054
2014-12-16,1359.3993063510693
2014-12-17,1384.7661525927174
2014-12-18,1402.1006759905429
2014-12-19,1412.624499967071
2014-12-22,1417.6774730463812
2014-12-23,1420.6749276462256
2014-12-24,1424.2623551028978
2014-12-25,1423.4761721916211
2014-12-26,1429.513410164268
2014-12-29,1436.1675159851904
2014-12-30,1433.410345675269
2014-12-31,1424.0647831262038
2015-01-01,1424.0879220407749
2015-01-02,1420.3005763217116
2015-01-05,1401.6767506897636
2015-01-06,1384.924731261353
2015-01-07,1390.9789429411037
2015-01-08,1409.7823259161485
2015-01-09,1403.3100804637563
2015-01-12,1396.3072271294918
2015-01-13,1396.527563424499
2015-01-14,1391.7984336732518
2015-01-15,1385.0774021905895
2015-01-16,1396.0525245073404
2015-01-19,1398.447648747938
2015-01-20,1392.835385262933
2015-01-21,1395.304749477318
2015-01-22,1413.6095191916104
2015-01-23,1410.0932567046568
2015-01-26,1419.118402944868
2015-01-27,1418.637708239051
2015-01-28,1404.2731760899635
2015-01-29,1407.142700104312
2015-01-30,1393.789339191422
2015-02-02,1405.4466871968839
2015-02-03,1426.007023899668
2015-02-04,1422.3629870179764
2015-02-05,1438.0130774819227
2015-02-06,1431.9491413332757
2015-02-09,1426.137946628766
2015-02-10,1428.4542857903627
2015-02-11,1422.1386893820656
2015-02-12,1441.2348395641307
2015-02-13,1448.8332921390727
2015-02-16,1451.5168259933503
2015-02-17,1452.3140020359247
2015-02-18,1459.172581728569
2015-02-19,1458.1509142209566
2015-02-20,1463.4994883283641
2015-02-23,1463.7994808201427
2015-02-24,1465.019856455795
2015-02-25,1469.370503147418
2015-02-26,1466.7549368651573
2015-02-27,1465.531852062955
2015-03-02,1468.5953517001458
2015-03-03,1464.3922265348278
2015-03-04,1456.7028083640523
2015-03-05,1457.7540047836471
2015-03-06,1438.6123896131228
2015-03-09,1438.1061772350622
2015-03-10,1421.0679342139292
2015-03-11,1424.4259518660883
2015-03-12,1442.2671523646045
2015-03-13,1436.2299730946106
2015-03-16,1443.9977013014643
2015-03-17,1444.793361115492
2015-03-18,1459.3233781135448
2015-03-19,1457.4459261203883
2015-03-20,1477.9623752193472
2015-03-23,1482.3352922871509
2015-03-24,1480.0786363589702
2015-03-25,1464.544295045581
2015-03-26,1455.8743098337636
2015-03-27,1456.2102967797032
2015-03-30,1466.9413319305581
2015-03-31,1463.5119189360446
2015-04-01,1462.4209956572336
2015-04-02,1471.6603891331238
2015-04-03,1472.396059910652
2015-04-06,1483.7787115180665
2015-04-07,1476.9541151082387
2015-04-08,1482.3959140380193
2015-04-09,1478.5990443181624
2015-04-10,1483.692766180813
2015-04-13,1480.592766281469
2015-04-14,1488.990681655165
2015-04-15,1494.2502732737903
2015-04-16,1496.9362100229505
2015-04-17,1481.6691327865997
2015-04-20,1487.604060490524
2015-04-21,1488.3804694883133
2015-04-22,1490.513650483112
2015-04-23,1496.9955005124878
2015-04-24,1498.4509407446576
2015-04-27,1493.980871378608
2015-04-28,1499.7169731825838
2015-04-29,1493.105617398609
2015-04-30,1474.8799555502549
2015-05-01,1476.075450947184
2015-05-04,1480.4834792821496
2015-05-05,1468.3440547409757
2015-05-06,1470.4406011112108
2015-05-07,1468.9189478463238
2015-05-08,1485.702912860759
2015-05-11,1488.3430576112712
2015-05-12,1487.9013122380861
2015-05-13,1493.4534790641214
2015-05-14,1503.33200162363
2015-05-15,1507.1060414564229
2015-05-18,1512.462534838736
2015-05-19,1507.1120684517598
2015-05-20,1507.2625621952986
2015-05-21,1508.128392503604
2015-05-22,1503.559801334073
2015-05-25,1504.6704207202806
2015-05-26,1488.0639266889516
2015-05-27,1496.3999496604436
2015-05-28,1493.8572036047608
2015-05-29,1488.051423106584
2015-06-01,1489.141172540379
2015-06-02,1494.760448156831
2015-06-03,1500.6438816958682
2015-06-04,1488.4344654266883
2015-06-05,1484.4977556057504
2015-06-08,1479.3990258578772
2015-06-09,1477.4044925616654
2015-06-10,1498.1317784694731
2015-06-11,1499.4445455003868
2015-06-12,1494.9800709154658
2015-06-15,1484.6531985142487
2015-06-16,1490.7594052313746
2015-06-17,1489.2781385900073
2015-06-18,1501.5684015065053
2015-06-19,1501.7842857353203
2015-06-22,1508.9106194004708
2015-06-23,1512.224741602064
2015-06-24,1502.141391545466
2015-06-25,1497.933000902761
2015-06-26,1494.240389915789
2015-06-29,1464.393931288461
2015-06-30,1465.9283024227725
2015-07-01,1470.7213226809158
2015-07-02,1466.717434794639
2015-07-03,1463.8217841670757
2015-07-06,1454.2735855371131
2015-07-07,1452.2319077149432
2015-07-08,1431.9932708478236
2015-07-09,1432.9563448976032
2015-07-10,1446.2562483596344
2015-07-13,1457.9449388948246
2015-07-14,1466.8027562807454
2015-07-15,1461.1890238484618
2015-07-16,1468.8571159793494
2015-07-17,1460.135982704447
2015-07-20,1454.3890705563128
2015-07-21,1451.982749351836
2015-07-22,1448.1916829456259
2015-07-23,1437.911832802947
2015-07-24,1424.4299382574636
2015-07-27,1412.3145633783859
2015-07-28,1421.2419171016859
2015-07-29,1434.0930072897906
2015-07-30,1433.5010068919462
2015-07-31,1441.1163168536502
2015-08-03,1437.7902617101286
2015-08-04,1436.4924102406035
2015-08-05,1435.9628675615038
2015-08-06,1431.1489925414685
2015-08-07,1425.4086266305344
2015-08-10,1442.5244078028236
2015-08-11,1433.6157134726745
2015-08-12,1429.8348682167912
2015-08-13,1426.1527054635264
2015-08-14,1433.6840518699653
2015-08-17,1441.0593637176416
2015-08-18,1435.8578006208356
2015-08-19,1421.0475060157773
2015-08-20,1397.991641434868
2015-08-21,1373.905079969686
2015-08-24,1323.4209980750804
2015-08-25,1312.236981545825
2015-08-26,1334.5247815946016
2015-08-27,1359.3050687999973
2015-08-28,1373.049859361126
2015-08-31,1370.457220263678
2015-09-01,1336.2324370187046
2015-09-02,1343.3873537709053
2015-09-03,1348.254616898579
2015-09-04,1332.1995853989329
2015-09-07,1331.9731193245439
2015-09-08,1353.355377592248
2015-09-09,1352.4532523204641
2015-09-10,1352.2596490935953
2015-09-11,1357.1144868659524
2015-09-14,1353.158235445671
2015-09-15,1361.3128554440161
2015-09-16,1375.6563953909008
2015-09-17,1378.5968926986475
2015-09-18,1364.3883311424347
2015-09-21,1362.7564180495851
2015-09-22,1344.5253333867943
2015-09-23,1340.5367327870715
2015-09-24,1335.803613945361
2015-09-25,1335.837235432061
2015-09-28,1313.2679829190665
2015-09-29,1303.2080212393414
2015-09-30,1322.018609702335
2015-10-01,1325.2688546584643
2015-10-02,1338.3700890865152
2015-10-05,1365.5373256731025
2015-10-06,1368.7008891892692
2015-10-07,1384.763644924296
2015-10-08,1394.8266015857687
2015-10-09,1400.1095779443867
2015-10-12,1400.5646583213788
2015-10-13,1386.6958104364712
2015-10-14,1379.2327052275527
2015-10-15,1398.2147390457176
2015-10-16,1396.168482132925
2015-10-19,1395.839921667845
2015-10-20,1399.3665627817059
2015-10-21,1389.6349651327662
2015-10-22,1396.1692882495333
2015-10-23,1404.900496906904
2015-10-26,1399.9291851810071
2015-10-27,1386.3168430965263
2015-10-28,1407.838583614593
2015-10-29,1398.9242035808788
2015-10-30,1400.6045213407
2015-11-02,1414.4992169473264
2015-11-03,1417.4978136881568
2015-11-04,1413.2867269421401
2015-11-05,1415.1836999121806
2015-11-06,1410.4705358343554
2015-11-09,1400.2888144445653
2015-11-10,1401.231363958295
2015-11-11,1397.9020255091664
2015-11-12,1375.9970450000017
2015-11-13,1368.1100155402535
2015-11-16,1377.1867250178682
2015-11-17,1378.1200925045084
2015-11-18,1391.8502955971692
2015-11-19,1396.2313596173922
2015-11-20,1401.4302472438026
2015-11-23,1402.2045240608675
2015-11-24,1406.312916201917
2015-11-25,1409.382215982473
2015-11-26,1412.072081156221
2015-11-27,1413.6978093635023
2015-11-30,1412.3447661474602
2015-12-01,1423.1919109002324
2015-12-02,1407.5901333481597
2015-12-03,1394.7309943841346
2015-12-04,1400.5395115022877
2015-12-07,1384.0759005580842
2015-12-08,1371.1953127898987
2015-12-09,1364.8028885964177
2015-12-10,1363.7052320436007
2015-12-11,1344.621643354753
2015-12-14,1333.6789683197846
2015-12-15,1343.4047249127464
2015-12-16,1361.118933791427
2015-12-17,1351.6179821159506
2015-12-18,1340.430993944677
2015-12-21,1345.2201633747604
2015-12-22,1355.3749401398281
2015-12-23,1372.5464250186735
2015-12-24,1375.8585392782043
2015-12-25,1374.7367072100571
2015-12-28,1372.523586721929
2015-12-29,1383.8458845158152
2015-12-30,1376.3590236976383
2015-12-31,1365.681459040308
2016-01-01,1365.681459040308
2016-01-04,1344.7086832585783
2016-01-05,1345.7127464777093
2016-01-06,1329.7085946014795
2016-01-07,1298.9172566934608
2016-01-08,1283.181121780874
2016-01-11,1279.0108660912163
2016-01-12,1270.5297305378788
2016-01-13,1252.8367846066608
2016-01-14,1254.5029620502169
2016-01-15,1236.4599810715442
2016-01-18,1229.647575957447
2016-01-19,1224.750339756819
2016-01-20,1210.423326910367
2016-01-21,1208.074059314887
2016-01-22,1241.015877681417
2016-01-25,1225.2676538008188
2016-01-26,1244.3416015036266
2016-01-27,1241.1158664063462
2016-01-28,1245.075903814191
2016-01-29,1272.7295604099957
2016-02-01,1275.7825035035037
2016-02-02,1254.101658017647
2016-02-03,1261.0903960875019
2016-02-04,1270.3268031547948
2016-02-05,1251.6451719123513
2016-02-08,1234.6918332269277
2016-02-09,1218.976743267886
2016-02-10,1214.4894849071497
2016-02-11,1203.8643148357671
2016-02-12,1211.7070127508111
2016-02-15,1223.9274144360877
2016-02-16,1241.0276916878277
2016-02-17,1256.9938728496556
2016-02-18,1263.986011156689
2016-02-19,1260.388877484956
2016-02-22,1274.0753802097179
2016-02-23,1264.391239561127
2016-02-24,1269.3160387906698
2016-02-25,1283.5157195095176
2016-02-26,1286.384777128134
2016-02-29,1287.726163113896
2016-03-01,1305.4878197033108
2016-03-02,1322.3930523354923
2016-03-03,1339.5770046233051
2016-03-04,1353.5351277164302
2016-03-07,1363.667724999591
2016-03-08,1340.1409627628566
2016-03-09,1343.152966426723
2016-03-10,1340.9202124822361
2016-03-11,1365.80734892405
2016-03-14,1364.881214025334
2016-03-15,1352.530417594622
2016-03-16,1359.6622051732813
2016-03-17,1387.705379027553
2016-03-18,1392.2013513598827
2016-03-21,1388.3251361745024
2016-03-22,1389.7479245064187
2016-03-23,1368.2425811661549
2016-03-24,1366.837776620929
2016-03-25,1366.9107670072924
2016-03-28,1371.8512708673688
2016-03-29,1389.7350954719027
2016-03-30,1398.6968683385694
2016-03-31,1399.4143189102156
2016-04-01,1390.6809847727106
2016-04-04,1385.4792764489703
2016-04-05,1368.3571944470852
2016-04-06,1377.2710968696592
2016-04-07,1367.883071554332
2016-04-08,1378.899931187234
2016-04-11,1382.7798386797467
2016-04-12,1395.0323685371782
2016-04-13,1415.450836304079
2016-04-14,1416.7648514076516
2016-04-15,1418.0847339055176
2016-04-18,1420.770932371474
2016-04-19,1435.4980730181765
2016-04-20,1434.3580785431602
2016-04-21,1427.1153674739398
2016-04-22,1433.3075667750334
2016-04-25,1429.7988445158503
2016-04-26,1438.5166652397847
2016-04-27,1443.985948473301
2016-04-28,1438.3578586327883
2016-04-29,1436.8950328530332
2016-05-02,1439.5903347236078
2016-05-03,1420.954715287648
2016-05-04,1412.5906545034225
2016-05-05,1409.293000370627
2016-05-06,1415.5410352353824
2016-05-09,1410.5607348952062
2016-05-10,1424.8034496541657
2016-05-11,1418.8758017900427
2016-05-12,1415.137980519486
2016-05-13,1401.2099864231072
2016-05-16,1414.3405769455128
2016-05-17,1407.6041821867666
2016-05-18,1406.0126388352064
2016-05-19,1394.6088369309596
2016-05-20,1409.1082599140316
2016-05-23,1410.0503754558306
2016-05-24,1425.2356616097927
2016-05-25,1437.3868701791944
2016-05-26,1436.8227195972052
2016-05-27,1442.6054029239403
2016-05-30,1442.0311102940568
2016-05-31,1447.0389750526624
2016-06-01,1449.7434737838814
2016-06-02,1453.2807840380726
2016-06-03,1458.2973164654104
2016-06-06,1469.006630383506
2016-06-07,1476.6451631631587
2016-06-08,1485.2879885444293
2016-06-09,1477.4517514798542
2016-06-10,1454.6555831174564
2016-06-13,1434.1773712514355
2016-06-14,1420.5289189504501
2016-06-15,1425.2975140391625
2016-06-16,1415.1129980485941
2016-06-17,1426.055458040163
2016-06-20,1451.6012817955686
2016-06-21,1450.8988284456884
2016-06-22,1446.1376661231825
2016-06-23,1469.8598470874717
2016-06-24,1400.026426745106
2016-06-27,1356.6153405742436
2016-06-28,1379.0174734774475
2016-06-29,1408.6329473980786
2016-06-30,1428.9949375986218
2016-07-01,1436.7120109402822
2016-07-04,1438.535541503254
2016-07-05,1417.5378206131002
2016-07-06,1416.909214764793
2016-07-07,1419.169801119347
2016-07-08,1439.6296858391634
2016-07-11,1457.199638257877
2016-07-12,1475.0445097874015
2016-07-13,1477.1737529127759
2016-07-14,1479.9536552969967
2016-07-15,1480.7035936727436
2016-07-18,1483.2480519290273
2016-07-19,1478.491771140171
2016-07-20,1483.402771063443
2016-07-21,1483.2660665752376
2016-07-22,1484.268568739077
2016-07-25,1481.9733601147796
2016-07-26,1488.2483157613879
2016-07-27,1488.5561736517757
2016-07-28,1491.0334095818528
2016-07-29,1505.6993462818502
2016-08-01,1497.8234670026209
2016-08-02,1486.8102971043734
2016-08-03,1486.9769872163492
2016-08-04,1492.3518400874693
2016-08-05,1501.9829663045252
2016-08-08,1507.3523567996813
2016-08-09,1510.4352856834048
2016-08-10,1506.072947984905
2016-08-11,1509.2178983273884
2016-08-12,1510.7286377624864
2016-08-15,1517.7200223369618
2016-08-16,1508.4403811790494
2016-08-17,1507.5727096122537
2016-08-18,1518.0000817780626
2016-08-19,1515.3042249765494
2016-08-22,1518.0519248641651
2016-08-23,1524.3648552462187
2016-08-24,1516.8366288642185
2016-08-25,1519.2243020015876
2016-08-26,1515.7673562471805
2016-08-29,1518.424358906428
2016-08-30,1515.710892067686
2016-08-31,1511.7073069331152
2016-09-01,1515.2811034235615
2016-09-02,1526.0067945373678
2016-09-05,1529.4290063826159
2016-09-06,1538.739959856735
2016-09-07,1546.2566294019912
2016-09-08,1545.3398611676946
2016-09-09,1505.7547473694701
2016-09-12,1511.3857153448591
2016-09-13,1487.697003673827
2016-09-14,1482.9436433433218
2016-09-15,1493.6718902520095
2016-09-16,1491.3856426399295
2016-09-19,1501.1141617727535
2016-09-20,1496.1169883891157
2016-09-21,1518.923003470172
2016-09-22,1539.3188579879813
2016-09-23,1528.9214283914152
2016-09-26,1518.6092243444996
2016-09-27,1519.4880779294072
2016-09-28,1532.3687309666739
2016-09-29,1524.5178110736956
2016-09-30,1529.633475233991
2016-10-03,1525.251297044086
2016-10-04,1517.1331905441184
2016-10-05,1521.8139735742889
2016-10-06,1518.6610765802245
2016-10-07,1510.4477277238473
2016-10-10,1518.7043186436763
2016-10-11,1501.5810473201084
2016-10-12,1499.546601965481
2016-10-13,1494.1882184884573
2016-10-14,1493.795534260646
2016-10-17,1491.607113235258
2016-10-18,1504.1240575333827
2016-10-19,1513.1340003748162
2016-10-20,1508.8652519671964
2016-10-21,1507.0511694249958
2016-10-24,1510.266128786249
2016-10-25,1503.371433884737
2016-10-26,1498.5898661518443
2016-10-27,1483.5247318086488
2016-10-28,1482.319845062469
2016-10-31,1487.1008151309093
2016-11-01,1477.962258058154
2016-11-02,1464.481527722263
2016-11-03,1464.939413760492
2016-11-04,1463.3667598381364
2016-11-07,1483.9381054193134
2016-11-08,1487.09649117517
2016-11-09,1502.3900940713725
2016-11-10,1520.7186309196907
2016-11-11,1532.5530693234546
2016-11-14,1546.2700435583174
2016-11-15,1552.1937428015563
2016-11-16,1550.9704267634115
2016-11-17,1556.899611487899
2016-11-18,1557.8767004120891
2016-11-21,1567.344636345293
2016-11-22,1579.9517982409693
2016-11-23,1580.125579555604
2016-11-24,1582.0719044437394
2016-11-25,1587.2721514928373
2016-11-28,1578.9016631084942
2016-11-29,1578.70407322817
2016-11-30,1579.3666376080714
2016-12-01,1581.9231126552593
2016-12-02,1584.1611685909277
2016-12-05,1599.390530321585
2016-12-06,1613.5648710016246
2016-12-07,1630.4591622556486
2016-12-08,1647.3446590829715
2016-12-09,1649.2012302272733
2016-12-12,1639.1442143523493
2016-12-13,1642.4102283033365
2016-12-14,1625.8170218328348
2016-12-15,1617.3999229488604
2016-12-16,1618.8548863134095
2016-12-19,1627.7953308316366
2016-12-20,1635.3598961790856
2016-12-21,1630.2103609565243
2016-12-22,1624.2767555934106
2016-12-23,1627.9113586667065
2016-12-26,1627.2399530959983
2016-12-27,1630.8564293649652
2016-12-28,1622.9254536105295
2016-12-29,1627.6263215110425
2016-12-30,1627.7314140224958
2017-01-02,1628.4397581687438
2017-01-03,1634.2407132029145
2017-01-04,1660.3826979165528
2017-01-05,1658.8399621481387
2017-01-06,1652.1508251883145
2017-01-09,1638.540285787408
2017-01-10,1649.7123477269104
2017-01-11,1649.7859716856087
2017-01-12,1648.2775955633817
2017-01-13,1654.13556450649
2017-01-16,1650.8750623256728
2017-01-17,1643.3886587770226
2017-01-18,1648.274386420352
2017-01-19,1634.8265673902133
2017-01-20,1641.9435584970415
2017-01-23,1643.4072885410592
2017-01-24,1660.7555875245355
2017-01-25,1673.8740802732698
2017-01-26,1671.312435420663
2017-01-27,1665.5800450195436
2017-01-30,1650.685316937059
2017-01-31,1657.5533852561232
2017-02-01,1656.4919731742946
2017-02-02,1655.8623976887627
2017-02-03,1673.6609040131239
2017-02-06,1664.9131405119035
2017-02-07,1661.9309578073448
2017-02-08,1664.9679919432483
2017-02-09,1673.8613215821986
2017-02-10,1687.186393601074
2017-02-13,1693.749941855218
2017-02-14,1696.8903750633187
2017-02-15,1703.7484717678863
2017-02-16,1705.3287983592013
2017-02-17,1700.808196040028
2017-02-20,1701.337049666825
2017-02-21,1712.0815261595187
2017-02-22,1707.1003194320372
2017-02-23,1705.8671350910338
2017-02-24,1700.7972210574933
2017-02-27,1706.730562291225
2017-02-28,1695.4204475824322
2017-03-01,1711.3174633160088
2017-03-02,1694.381369311798
2017-03-03,1692.3950453054117
2017-03-06,1686.307886864438
2017-03-07,1676.6076907968973
2017-03-08,1663.4994339128127
2017-03-09,1656.6269515646914
2017-03-10,1663.2327519430494
2017-03-13,1669.5565317156652
2017-03-14,1662.258753664431
2017-03-15,1679.3126296807966
2017-03-16,1690.4676589393468
2017-03-17,1694.0063951964448
2017-03-20,1688.217342848109
2017-03-21,1662.789837938851
2017-03-22,1655.5783270721897
2017-03-23,1663.3105213269805
2017-03-24,1663.0048777890702
2017-03-27,1660.7226798077168
2017-03-28,1675.6733937267866
2017-03-29,1677.261475850302
2017-03-30,1686.338223022644
2017-03-31,1684.0224243258706
2017-04-03,1673.2067638101296
2017-04-04,1673.050274992414
2017-04-05,1662.3155033572625
2017-04-06,1669.9060895648167
2017-04-07,1669.8607068777467
2017-04-10,1674.944742173247
2017-04-11,1685.2630226101878
2017-04-12,1671.9390061569927
2017-04-13,1658.8523771830114
2017-04-14,1657.0118155963526
2017-04-17,1674.2207218791355
2017-04-18,1673.0020924395226
2017-04-19,1674.9122059826082
2017-04-20,1687.350687705603
2017-04-21,1686.0097866813937
2017-04-24,1701.9665847084477
2017-04-25,1711.9746209333784
2017-04-26,1718.7009806845563
2017-04-27,1714.5829060765561
2017-04-28,1701.5500701942133
2017-05-01,1706.5115993435513
2017-05-02,1703.435720305117
2017-05-03,1694.2445051860623
2017-05-04,1686.9046645425587
2017-05-05,1696.7006303414073
2017-05-08,1698.9758420837131
2017-05-09,1693.7683062675992
2017-05-10,1701.3060221398885
2017-05-11,1691.8658945878906
2017-05-12,1684.9270172405008
2017-05-15,1692.6695562854036
2017-05-16,1694.8999606947739
2017-05-17,1669.9952790928241
2017-05-18,1668.7448217089711
2017-05-19,1680.4261175609427
2017-05-22,1690.9813980320002
2017-05-23,1694.5009890610438
2017-05-24,1694.173498351829
2017-05-25,1693.3443512637239
2017-05-26,1689.0090880585772
2017-05-29,1688.5140088236847
2017-05-30,1681.7462668013434
2017-05-31,1681.7187430182419
2017-06-01,1701.69940653072
2017-06-02,1710.615443879516
2017-06-05,1703.2545832911935
2017-06-06,1698.617661786382
2017-06-07,1699.5933569489243
2017-06-08,1708.662290905627
2017-06-09,1717.2036646117838
2017-06-12,1718.7782514099354
2017-06-13,1729.8694234464638
2017-06-14,1727.594916648242
2017-06-15,1710.2621086132258
2017-06-16,1712.7165104606302
2017-06-19,1718.5825394267704
2017-06-20,1703.475481199783
2017-06-21,1693.4280047044062
2017-06-22,1697.3671073860974
2017-06-23,1707.710035686385
2017-06-26,1712.426576272468
2017-06-27,1704.2204181763593
2017-06-28,1720.5734312670213
2017-06-29,1717.9688177085736
2017-06-30,1716.125335532352
2017-07-03,1725.9559639825256
2017-07-04,1724.5693390742447
2017-07-05,1717.5622279959002
2017-07-06,1703.6702346342738
2017-07-07,1706.995636403818
2017-07-10,1703.206399408531
2017-07-11,1704.5967043007126
2017-07-12,1716.8302422107956
2017-07-13,1721.625659141095
2017-07-14,1730.9704822183066
2017-07-17,1736.1356416356184
2017-07-18,1736.393171198357
2017-07-19,1750.6926609910856
2017-07-20,1753.1930265683761
2017-07-21,1747.6874048853695
2017-07-24,1748.0597663921842
2017-07-25,1758.165670622239
2017-07-26,1752.2709003304178
2017-07-27,1752.4101878708157
2017-07-28,1749.0164427312943
2017-07-31,1751.094539078561
2017-08-01,1756.8685514094534
2017-08-02,1747.544418434311
2017-08-03,1742.6854044730612
2017-08-04,1745.8642391806973
2017-08-07,1747.2363337794159
2017-08-08,1743.290513603884
2017-08-09,1732.5966264272058
2017-08-10,1715.835611232199
2017-08-11,1711.9713310329983
2017-08-14,1725.0362686913957
2017-08-15,1714.2522376773381
2017-08-16,1718.1341294132822
2017-08-17,1703.893260171833
2017-08-18,1701.2128402198744
2017-08-21,1702.7424598632792
2017-08-22,1711.8122152958972
2017-08-23,1713.5584401837643
2017-08-24,1714.467806216794
2017-08-25,1721.5666214394819
2017-08-28,1722.4266434107353
2017-08-29,1721.115966718746
2017-08-30,1724.4850728997492
2017-08-31,1738.3982329032826
2017-09-01,1748.1533965322274
2017-09-04,1744.7483741896394
2017-09-05,1732.5556724111755
2017-09-06,1735.1967943882892
2017-09-07,1736.1156253413067
2017-09-08,1737.8904114937739
2017-09-11,1751.712375306299
2017-09-12,1759.1991844785737
2017-09-13,1759.7095944560547
2017-09-14,1758.2968471411825
2017-09-15,1765.7046054782581
2017-09-18,1770.5774847450944
2017-09-19,1774.2357986694979
2017-09-20,1781.7414361026845
2017-09-21,1773.9029665285282
2017-09-22,1780.4377750498086
2017-09-25,1785.7281823894866
2017-09-26,1784.7177425118307
2017-09-27,1797.519987691444
2017-09-28,1806.9172332319365
2017-09-29,1810.2331468122934
2017-10-02,1820.0220042672258
2017-10-03,1823.5458616602582
2017-10-04,1820.8438527038113
2017-10-05,1823.551824589374
2017-10-06,1818.5717450839256
2017-10-09,1816.9743300250313
2017-10-10,1827.6734128116675
2017-10-11,1826.0495886391468
2017-10-12,1825.9851969633323
2017-10-13,1831.2054869304093
2017-10-16,1832.668324217677
2017-10-17,1824.0831198385329
2017-10-18,1827.5523680719116
2017-10-19,1827.1157253966674
2017-10-20,1825.8846066698134
2017-10-23,1817.1268874475686
2017-10-24,1819.066018903552
2017-10-25,1812.76745036412
2017-10-26,1814.4622818189591
2017-10-27,1820.6524988119918
2017-10-30,1815.3161268347844
2017-10-31,1822.587227441076
2017-11-01,1821.2772860739756
2017-11-02,1825.44847808327
2017-11-03,1822.0880644465672
2017-11-06,1826.2608056968488
2017-11-07,1817.245694110259
2017-11-08,1819.7093282127364
2017-11-09,1811.8936845936068
2017-11-10,1810.7594455628127
2017-11-13,1804.0090371003425
2017-11-14,1799.5526724087836
2017-11-15,1786.7141116678101
2017-11-16,1805.5855009414513
2017-11-17,1810.7259488965315
2017-11-20,1817.6336716560936
2017-11-21,1830.3881468761244
2017-11-22,1835.1343435703732
2017-11-23,1837.1636664399718
2017-11-24,1837.5050395657454
2017-11-27,1832.1317832186046
2017-11-28,1844.8423698436754
2017-11-29,1855.5260589106506
2017-11-30,1860.5588345862448
2017-12-01,1855.8753065922294
2017-12-04,1857.875318612621
2017-12-05,1844.7306967215643
2017-12-06,1831.6739145532008
2017-12-07,1840.0654892437756
2017-12-08,1844.5103964262041
2017-12-11,1846.846823432391
2017-12-12,1844.8088253463948
2017-12-13,1849.0360210299275
2017-12-14,1840.4866613928348
2017-12-15,1851.535393746866
2017-12-18,1873.3978434789408
2017-12-19,1862.2380046686858
2017-12-20,1866.3605137384516
2017-12-21,1874.0386722944274
2017-12-22,1874.9174820741964
2017-12-25,1874.9981832732922
2017-12-26,1876.57659716236
2017-12-27,1881.5253556487298
2017-12-28,1888.4708037730254
2017-12-29,1885.702097478957
2018-01-01,1885.8243407063844
2018-01-02,1897.9114180590605
2018-01-03,1897.6386251308913
2018-01-04,1904.1432914403988
2018-01-05,1910.3000137042284
2018-01-08,1912.9885235431766
2018-01-09,1911.7666295971828
2018-01-10,1912.105334350839
2018-01-11,1930.7894764148352
2018-01-12,1937.3234507633451
2018-01-15,1944.5193932193777
2018-01-16,1930.7449692192304
2018-01-17,1937.3094054746236
2018-01-18,1925.6963146479288
2018-01-19,1941.3650088930751
2018-01-22,1949.855789944556
2018-01-23,1958.7792737951638
2018-01-24,1959.58032613181
2018-01-25,1959.4900802360492
2018-01-26,1961.0233236234328
2018-01-29,1946.2476675374992
2018-01-30,1927.8153858540936
2018-01-31,1923.8634108700328
2018-02-01,1928.2159712780358
2018-02-02,1894.5499480357607
2018-02-05,1838.9586573655488
2018-02-06,1825.9884431421667
2018-02-07,1830.2713004211962
2018-02-08,1795.9493838933083
2018-02-09,1796.1492539004198
2018-02-12,1809.8057780404922
2018-02-13,1813.6785931418383
2018-02-14,1834.5508831576028
2018-02-15,1851.760428949563
2018-02-16,1863.4739159145088
2018-02-19,1867.4766227004525
2018-02-20,1854.985425620532
2018-02-21,1851.8047456423458
2018-02-22,1849.948841828613
2018-02-23,1870.0111693725705
2018-02-26,1876.7070464624442
2018-02-27,1856.6905387435193
2018-02-28,1834.4768766695174
2018-03-01,1822.794503040316
2018-03-02,1833.7707863841056
2018-03-05,1844.517656983739
2018-03-06,1862.176746847336
2018-03-07,1864.3962421586414
2018-03-08,1863.4733511061731
2018-03-09,1881.02225437004
2018-03-12,1890.499974166677
2018-03-13,1884.3082096310957
2018-03-14,1876.5284892694501
2018-03-15,1871.8795078738062
2018-03-16,1877.1022413025148
2018-03-19,1864.103421104564
2018-03-20,1860.7528098083428
2018-03-21,1867.6632039089607
2018-03-22,1840.6496033000092
2018-03-23,1808.849603748348
2018-03-26,1830.767426006958
2018-03-27,1821.5486755601441
2018-03-28,1823.2041178339855
2018-03-29,1834.2178469267885
2018-03-30,1836.2274420270724
2018-04-02,1809.9171829902123
2018-04-03,1822.2133212012102
2018-04-04,1833.9278302552793
2018-04-05,1846.5281973208444
2018-04-06,1828.0920170274026
2018-04-09,1829.3243575030137
2018-04-10,1855.749463290026
2018-04-11,1857.6782666804766
2018-04-12,1862.5255619990469
2018-04-13,1862.1696507352042
2018-04-16,1874.085902622928
2018-04-17,1880.914630592802
2018-04-18,1889.5112165593064
2018-04-19,1887.1152214371557
2018-04-20,1874.9736382045276
2018-04-23,1873.4868318768797
2018-04-24,1869.6801473846162
2018-04-25,1865.5574201975994
2018-04-26,1873.044456042803
2018-04-27,1874.2581825393224
2018-04-30,1861.9293678253248
2018-05-01,1860.0409112822836
2018-05-02,1862.258939079835
2018-05-03,1857.8666193285376
2018-05-04,1871.9904363565172
2018-05-07,1881.556282079246
2018-05-08,1886.1778540402531
2018-05-09,1896.17808745099
2018-05-10,1903.6764365788636
2018-05-11,1911.0291069213802
2018-05-14,1909.5822788602022
2018-05-15,1902.2001111550132
2018-05-16,1911.0877531431802
2018-05-17,1917.685416622472
2018-05-18,1916.8471913479311
2018-05-21,1927.308245878641
2018-05-22,1922.9289546889404
2018-05-23,1919.556237939046
2018-05-24,1918.1283919001748
2018-05-25,1913.816279068855
2018-05-28,1911.0751875711583
2018-05-29,1900.90655640399
2018-05-30,1917.1258186356085
2018-05-31,1908.9302861307378
2018-06-01,1915.8534323169663
2018-06-04,1928.6897162564094
2018-06-05,1930.3434519785899
2018-06-06,1942.9805786195707
2018-06-07,1946.3146572877004
2018-06-08,1947.6393080600926
2018-06-11,1948.0424580773818
2018-06-12,1948.30866983893
2018-06-13,1939.883974608981
2018-06-14,1942.0434288949007
2018-06-15,1930.296611527314
2018-06-18,1932.123862600945
2018-06-19,1925.0132496424474
2018-06-20,1935.2525900737523
2018-06-21,1921.7912437281748
2018-06-22,1930.8753690865512
2018-06-25,1909.1865230376068
2018-06-26,1914.085705130021
2018-06-27,1896.1542920762872
2018-06-28,1895.0617363973681
2018-06-29,1899.8404235931662
2018-07-02,1892.9877094756346
2018-07-03,1898.6538187979281
2018-07-04,1898.6627006673639
2018-07-05,1908.1961186265453
2018-07-06,1922.714720076758
2018-07-09,1936.9796187897205
2018-07-10,1934.0305477277802
2018-07-11,1916.920284044111
2018-07-12,1914.1505891528427
2018-07-13,1914.2261010802129
2018-07-16,1909.394468803694
2018-07-17,1912.9418450049895
2018-07-18,1915.7985560534364
2018-07-19,1920.1863622004983
2018-07-20,1919.8369127063602
2018-07-23,1919.8375393348113
2018-07-24,1916.8795208294562
2018-07-25,1917.9661422056772
2018-07-26,1929.4676594307712
2018-07-27,1917.655915940884
2018-07-30,1918.5523345223621
2018-07-31,1926.0129943434279
2018-08-01,1923.320335114018
2018-08-02,1922.4107519486995
2018-08-03,1922.35357975957
2018-08-06,1923.8322236074032
2018-08-07,1928.8979926839604
2018-08-08,1928.110650428467
2018-08-09,1929.3174079973157
2018-08-10,1915.678390183162
2018-08-13,1899.4676344193083
2018-08-14,1914.4288017569686
2018-08-15,1895.1924046118886
2018-08-16,1906.8019626083444
2018-08-17,1917.8883512722198
2018-08-20,1923.6453615503958
2018-08-21,1938.4368124859473
2018-08-22,1941.875275960909
2018-08-23,1933.181278799223
2018-08-24,1938.8928545633362
2018-08-27,1945.7311174445647
2018-08-28,1947.88110406102
2018-08-29,1951.1943698645282
2018-08-30,1946.0724059787392
2018-08-31,1947.292564843968
2018-09-03,1942.0154355292568
2018-09-04,1930.2375322555265
2018-09-05,1931.0007027874638
2018-09-06,1922.6446356913873
2018-09-07,1913.4352294154735
2018-09-10,1916.2235192469582
2018-09-11,1915.4206433962083
2018-09-12,1916.755430627046
2018-09-13,1918.6364624803673
2018-09-14,1925.4490314460209
2018-09-17,1921.1405420503506
2018-09-18,1927.6557170581457
2018-09-19,1929.4834067992988
2018-09-20,1944.1209986946296
2018-09-21,1943.105904896411
2018-09-24,1933.0797696827074
2018-09-25,1933.7469894749256
2018-09-26,1920.8142130301853
2018-09-27,1914.0164704282863
2018-09-28,1918.640245476277
2018-10-01,1906.9026761528164
2018-10-02,1899.9307581269875
2018-10-03,1906.5327167629775
2018-10-04,1891.503908256426
2018-10-05,1878.0642333915112
2018-10-08,1880.7574155294697
2018-10-09,1871.9816699078358
2018-10-10,1843.2141715073244
2018-10-11,1803.8648682273526
2018-10-12,1799.4680275238877
2018-10-15,1802.2145656346597
2018-10-16,1831.7399163161635
2018-10-17,1829.5240901935672
2018-10-18,1806.6718737716096
2018-10-19,1795.281046729417
2018-10-22,1783.8661834815957
2018-10-23,1762.7683856861368
2018-10-24,1727.364071697355
2018-10-25,1736.237086577962
2018-10-26,1723.9043917099
2018-10-29,1724.4240170295031
2018-10-30,1744.2290329579303
2018-10-31,1752.696969685033
2018-11-01,1779.446226187484
2018-11-02,1783.318431939936
2018-11-05,1786.9881330683988
2018-11-06,1795.681638267568
2018-11-07,1814.5668561299706
2018-11-08,1812.3937593076628
2018-11-09,1795.3411760156278
2018-11-12,1770.6162149491652
2018-11-13,1765.2926806389528
2018-11-14,1755.1371837895567
2018-11-15,1763.5146950057112
2018-11-16,1766.9819558685997
2018-11-19,1754.4842273954484
2018-11-20,1727.9952332797857
2018-11-21,1738.6682681554557
2018-11-22,1741.1153302526714
2018-11-23,1737.4866361190436
2018-11-26,1748.753722647717
2018-11-27,1740.0858215390006
2018-11-28,1760.604568970636
2018-11-29,1763.3761677808398
2018-11-30,1768.0603466145092
2018-12-03,1783.8871737573588
2018-12-04,1731.95046580752
2018-12-05,1726.8637402920704
2018-12-06,1715.7133454896668
2018-12-07,1700.3750551940534
2018-12-10,1673.7047256236592
2018-12-11,1669.0852102475155
2018-12-12,1686.5226486079046
2018-12-13,1673.9953574109286
2018-12-14,1653.1552498501237
2018-12-17,1626.7085300043154
2018-12-18,1621.6667930571673
2018-12-19,1602.6024713463942
2018-12-20,1579.25988454189
2018-12-21,1555.3323903120004
2018-12-24,1529.710345472849
2018-12-25,1521.0707766268213
2018-12-26,1567.2260102966536
2018-12-27,1574.5074937977
2018-12-28,1587.0263721299104
2018-12-31,1596.9169464559639
2019-01-01,1597.1523607266638
2019-01-02,1599.7418133004587
2019-01-03,1594.7220205399226
2019-01-04,1630.861432051149
2019-01-07,1655.8768009449861
2019-01-08,1675.250088465568
2019-01-09,1690.6545889657593
2019-01-10,1697.4899378853604
2019-01-11,1700.760619382094
2019-01-14,1694.395129636637
2019-01-15,1700.6094177968678
2019-01-16,1710.9721618755652
2019-01-17,1719.9532524888411
2019-01-18,1736.4171845353355
2019-01-21,1738.2665223421861
2019-01-22,1719.6601073311872
2019-01-23,1715.5952827933666
2019-01-24,1723.9876812824882
2019-01-25,1743.2677251652083
2019-01-28,1739.5125190303243
2019-01-29,1742.9841569569699
2019-01-30,1751.9999755000906
2019-01-31,1763.8527384407644
2019-02-01,1762.6205352568004
2019-02-04,1773.5427256020148
2019-02-05,1777.1869649774576
2019-02-06,1775.3597398495372
2019-02-07,1763.5051664373186
2019-02-08,1753.5102669578193
2019-02-11,1759.6229831052985
2019-02-12,1775.9052965828698
2019-02-13,1783.54850194558
2019-02-14,1781.1429016694356
2019-02-15,1798.548414718345
2019-02-18,1805.3385727464251
2019-02-19,1811.679704336534
2019-02-20,1820.576283003464
2019-02-21,1815.121596475841
2019-02-22,1823.5423164305669
2019-02-25,1823.1855633168682
2019-02-26,1816.893964022134
2019-02-27,1819.390444148143
2019-02-28,1812.8808289208787
2019-03-01,1819.4789295812768
2019-03-04,1817.6198527405015
2019-03-05,1810.406898338016
2019-03-06,1790.9677889143366
2019-03-07,1774.4477420518926
2019-03-08,1763.3127574434614
2019-03-11,1782.5957911375845
2019-03-12,1788.9721146116551
2019-03-13,1795.5972656692468
2019-03-14,1792.5437821031383
2019-03-15,1797.961204288884
2019-03-18,1808.8306884465405
2019-03-19,1800.8189740735052
2019-03-20,1789.1800173989461
2019-03-21,1800.561710384798
2019-03-22,1766.006351956558
2019-03-25,1760.1844235184153
2019-03-26,1781.4204214928795
2019-03-27,1781.547195288601
2019-03-28,1784.066751831482
2019-03-29,1787.3730016739253
2019-04-01,1811.9179154449807
2019-04-02,1808.1372406697785
2019-04-03,1818.0878072469857
2019-04-04,1824.1090779913372
2019-04-05,1833.8818628408544
2019-04-08,1832.7668775353582
2019-04-09,1815.4069886768602
2019-04-10,1829.1303314603442
2019-04-11,1828.4613678874368
2019-04-12,1838.010730412198
2019-04-15,1836.8020250381621
2019-04-16,1838.9019978586168
2019-04-17,1831.7278200745845
2019-04-18,1826.2777907725879
2019-04-19,1827.1318839177277
2019-04-22,1819.1376599435926
2019-04-23,1835.1743616850235
2019-04-24,1835.5602035004172
2019-04-25,1824.1247267447695
2019-04-26,1833.8939583359183
2019-04-29,1836.6159008672505
2019-04-30,1834.1181604939627
2019-05-01,1825.2604114504027
2019-05-02,1820.8884783091407
2019-05-03,1843.1964706356912
2019-05-06,1839.8396020654834
2019-05-07,1814.07170272905
2019-05-08,1804.3392511043326
2019-05-09,1796.1773439726583
2019-05-10,1802.9438533427833
2019-05-13,1767.2120012030696
2019-05-14,1779.4963376837566
2019-05-15,1782.1534349812434
2019-05-16,1788.5873227095867
2019-05-17,1775.0124864666586
2019-05-20,1764.7612402422533
2019-05-21,1777.1859563481994
2019-05-22,1763.8228314620246
2019-05-23,1740.645080590924
2019-05-24,1750.3644634808743
2019-05-27,1750.7057691971224
2019-05-28,1740.1024249971367
2019-05-29,1727.3148500042348
2019-05-30,1718.9308872923593
2019-05-31,1704.027960051075
2019-06-03,1710.0241462910187
2019-06-04,1740.0149856959617
2019-06-05,1745.865492925065
2019-06-06,1742.7095663355126
2019-06-07,1752.485266477922
2019-06-10,1755.9186998482276
2019-06-11,1758.8080848857487
2019-06-12,1755.4181712626907
2019-06-13,1761.4870104530949
2019-06-14,1752.5780730495046
2019-06-17,1749.9795057313265
2019-06-18,1762.6391072129938
2019-06-19,1771.0915981224136
2019-06-20,1784.90584741585
2019-06-21,1774.5199252652033
2019-06-24,1764.3403522323472
2019-06-25,1759.3234911300112
2019-06-26,1752.465724146323
2019-06-27,1772.1591729975526
2019-06-28,1788.681190829552
2019-07-01,1796.2944531460923
2019-07-02,1793.9291798040076
2019-07-03,1805.5454885798697
2019-07-04,1808.5976067789916
2019-07-05,1807.0533839931636
2019-07-08,1793.6663729265488
2019-07-09,1788.887754264912
2019-07-10,1791.5414653096584
2019-07-11,1790.4055883955798
2019-07-12,1801.6150588820467
2019-07-15,1793.4131883896794
2019-07-16,1791.2709276195799
2019-07-17,1781.4115974706497
2019-07-18,1778.9540301831935
2019-07-19,1781.1808397309812
2019-07-22,1777.5781322861214
2019-07-23,1789.7015165308196
2019-07-24,1806.708624644391
2019-07-25,1792.94694869975
2019-07-26,1799.698052333182
2019-07-29,1790.3005217966659
2019-07-30,1800.7560550939495
2019-07-31,1791.119085391748
2019-08-01,1764.425961263452
2019-08-02,1745.4989839425955
2019-08-05,1705.6620365327558
2019-08-06,1710.8693772941456
2019-08-07,1710.4473371598317
2019-08-08,1736.7667184699865
2019-08-09,1723.890013755278
2019-08-12,1707.3531358809585
2019-08-13,1711.7172061749511
2019-08-14,1681.0433545668488
2019-08-15,1671.8494841991105
2019-08-16,1697.7907909685032
2019-08-19,1717.4498077875237
2019-08-20,1709.5200869377286
2019-08-21,1715.6473101991369
2019-08-22,1717.9120641369059
2019-08-23,1689.934658118233
2019-08-26,1691.801488755906
2019-08-27,1682.6944571107279
2019-08-28,1692.7380175121327
2019-08-29,1711.1950751624565
2019-08-30,1719.4369313718398
2019-09-02,1716.1554944344862
2019-09-03,1706.0056406385888
2019-09-04,1721.3093492007679
2019-09-05,1744.602758465593
2019-09-06,1745.779960197071
2019-09-09,1767.1376133146157
2019-09-10,1783.4482514657873
2019-09-11,1808.006363388994
2019-09-12,1806.890730558152
2019-09-13,1814.7341065165642
2019-09-16,1819.871178254564
2019-09-17,1813.0123957549163
2019-09-18,1806.1148903353533
2019-09-19,1806.3137605916345
2019-09-20,1807.0860144672204
2019-09-23,1807.3672828778283
2019-09-24,1794.0027899975282
2019-09-25,1802.601503798515
2019-09-26,1796.5330675771725
2019-09-27,1790.9505111534688
2019-09-30,1791.0009822044942
2019-10-01,1769.9330014395869
2019-10-02,1753.8849288297715
2019-10-03,1753.7376434758291
2019-10-04,1764.2439053981595
2019-10-07,1761.9976831136505
2019-10-08,1744.1048239983652
2019-10-09,1746.6493459370445
2019-10-10,1753.7932996609843
2019-10-11,1786.6493214192813
2019-10-14,1780.994705005347
2019-10-15,1797.3793314726038
2019-10-16,1802.0872062623946
2019-10-17,1813.6952355801536
2019-10-18,1815.366489037354
2019-10-21,1831.5516198137727
2019-10-22,1833.1564386949217
2019-10-23,1836.9979396556923
2019-10-24,1834.0341152684455
2019-10-25,1839.1894882784743
2019-10-28,1844.8114193845554
2019-10-29,1853.2765863830189
2019-10-30,1847.8484328845173
2019-10-31,1841.4387503402043
2019-11-01,1861.0779299844123
2019-11-04,1872.3583061450238
2019-11-05,1874.283827790116
2019-11-06,1868.5027733474255
2019-11-07,1871.7177231812866
2019-11-08,1871.0369514605059
2019-11-11,1869.2699718944884
2019-11-12,1866.1283578635089
2019-11-13,1859.4864680308592
2019-11-14,1859.1706485904776
2019-11-15,1869.9631291955818
2019-11-18,1867.7357042195804
2019-11-19,1869.7949182077718
2019-11-20,1861.5854148392102
2019-11-21,1853.1621734082314
2019-11-22,1856.2944701834263
2019-11-25,1876.128087554379
2019-11-26,1879.2351795413465
2019-11-27,1889.8972670180522
2019-11-28,1890.1292224617468
2019-11-29,1879.4649294331266
2019-12-02,1871.9289995978263
2019-12-03,1862.1037752449465
2019-12-04,1875.7407861044849
2019-12-05,1880.160441811778
2019-12-06,1898.2263818080867
2019-12-09,1900.1114020285036
2019-12-10,1898.8873362763597
2019-12-11,1897.5321424045824
2019-12-12,1909.3415840540865
2019-12-13,1915.7483553973977
2019-12-16,1929.4475224827079
2019-12-17,1933.6496964780765
2019-12-18,1935.7761791320272
2019-12-19,1939.6296879305967
2019-12-20,1942.7166153256896
2019-12-23,1941.1081068235526
2019-12-24,1945.30009450295
2019-12-25,1944.0479035892604
2019-12-26,1947.154537905106
2019-12-27,1948.8252942976449
2019-12-30,1947.4455369881525
2019-12-31,1953.015080504277
2020-01-01,1953.1026895570963
2020-01-02,1950.109509727427
2020-01-03,1946.2923590666308
2020-01-06,1940.2725296051062
2020-01-07,1937.614419369874
2020-01-08,1929.6918323995615
2020-01-09,1930.1447036651227
2020-01-10,1926.6645352795333
2020-01-13,1934.9501407035402
2020-01-14,1938.1984272206987
2020-01-15,1940.4660245867583
2020-01-16,1954.302855411667
2020-01-17,1953.6407273439056
2020-01-20,1955.182789776362
2020-01-21,1943.1390583790214
2020-01-22,1942.3243761007013
2020-01-23,1937.6678568009927
2020-01-24,1922.9669682235774
2020-01-27,1896.300115689547
2020-01-28,1902.2194457866465
2020-01-29,1898.887007163942
2020-01-30,1895.9619956800466
2020-01-31,1875.5073629769565
2020-02-03,1879.0081957311465
2020-02-04,1896.1449823608762
2020-02-05,1921.8428243378075
2020-02-06,1918.2457048428682
2020-02-07,1900.538501887324
2020-02-10,1900.9728117896684
2020-02-11,1912.524854966142
2020-02-12,1922.8943015249893
2020-02-13,1923.5448192283554
2020-02-14,1919.9002738981453
2020-02-17,1917.1485676009747
2020-02-18,1907.5386606307213
2020-02-19,1908.51362561982
2020-02-20,1912.171037198205
2020-02-21,1902.502238077254
2020-02-24,1856.8813792909418
2020-02-25,1801.7113029733969
2020-02-26,1774.9186789115272
2020-02-27,1715.756727278004
2020-02-28,1678.507637634693
2020-03-02,1716.8092935205714
2020-03-03,1699.5221303560738
2020-03-04,1727.594382049689
2020-03-05,1685.764609268933
2020-03-06,1648.0435871591094
2020-03-09,1500.1239224929245
2020-03-10,1525.8912528313272
2020-03-11,1447.3990320175737
2020-03-12,1292.3232222494487
2020-03-13,1341.0778988359802
2020-03-16,1192.4303802786192
2020-03-17,1225.978803541916
2020-03-18,1106.7092267396317
2020-03-19,1140.911125077416
2020-03-20,1113.5487439330313
2020-03-23,1076.0571765938014
2020-03-24,1169.3735409779388
2020-03-25,1217.4688525661547
2020-03-26,1282.3544852231535
2020-03-27,1257.1560890616029
2020-03-30,1268.3064490779632
2020-03-31,1266.4580584573016
2020-04-01,1201.3908287788738
2020-04-02,1200.0765467861734
2020-04-03,1166.9475392638847
2020-04-06,1239.3781110805635
2020-04-07,1267.2038157978047
2020-04-08,1314.1046234077487
2020-04-09,1369.1974954346738
2020-04-10,1372.7525122690643
2020-04-13,1342.1689817113047
2020-04-14,1355.7648461644676
2020-04-15,1297.7831401851288
2020-04-16,1286.7170044813388
2020-04-17,1335.55909345624
2020-04-20,1318.8501915824056
2020-04-21,1289.2896894638209
2020-04-22,1294.1979640670488
2020-04-23,1316.4876269523163
2020-04-24,1323.7019773121403
2020-04-27,1371.2987865565267
2020-04-28,1396.865774175656
2020-04-29,1451.2313271159032
2020-04-30,1423.821052537199
2020-05-01,1375.9467067884002
2020-05-04,1366.499976981172
2020-05-05,1369.8666161102517
2020-05-06,1352.7418561316194
2020-05-07,1370.0333767265988
2020-05-08,1416.7922349453954
2020-05-11,1400.3166041894247
2020-05-12,1360.797082913882
2020-05-13,1316.9289888695762
2020-05-14,1311.4821689324576
2020-05-15,1321.6942923348684
2020-05-18,1392.6231853233105
2020-05-19,1384.8607811990576
2020-05-20,1416.2862866838846
2020-05-21,1416.5790250114608
2020-05-22,1413.204084899302
2020-05-25,1420.130605099345
2020-05-26,1473.9746699475675
2020-05-27,1511.6196634205992
2020-05-28,1497.1598690464327
2020-05-29,1481.5522834811838
2020-06-01,1502.5849037689597
2020-06-02,1524.8686189272846
2020-06-03,1572.882517017386
2020-06-04,1588.5854467681513
2020-06-05,1644.3675978857655
2020-06-08,1691.0558867970337
2020-06-09,1655.5499510111447
2020-06-10,1606.9964644629194
2020-06-11,1498.7173348886768
2020-06-12,1520.998393521785
2020-06-15,1528.8974719511407
2020-06-16,1572.6232244570767
2020-06-17,1548.3216589206281
2020-06-18,1544.492322870605
2020-06-19,1530.1179954552842
2020-06-22,1532.3097666801489
2020-06-23,1541.643948187328
2020-06-24,1490.6929719149123
2020-06-25,1497.1132890290987
2020-06-26,1470.1674243298178
2020-06-29,1497.488499744963
2020-06-30,1512.256424580781
2020-07-01,1500.8727132687006
2020-07-02,1508.3997859704923
2020-07-03,1507.743842538553
2020-07-06,1524.9118375059059
2020-07-07,1496.9035578628964
2020-07-08,1497.8906351986711
2020-07-09,1468.4279031270353
2020-07-10,1490.0009372183113
2020-07-13,1491.3473395280307
2020-07-14,1501.3153831600036
2020-07-15,1548.9491207097767
2020-07-16,1541.0234900415958
2020-07-17,1536.6146867762166
2020-07-20,1527.3712619728424
2020-07-21,1556.9304136094622
2020-07-22,1559.424234567325
2020-07-23,1563.8408337154979
2020-07-24,1550.1564059584891
2020-07-27,1557.9860957990666
2020-07-28,1553.6225977559718
2020-07-29,1573.0483552686603
2020-07-30,1556.6971211424598
2020-07-31,1538.7923762708713
2020-08-03,1551.147906128578
2020-08-04,1567.765124220967
2020-08-05,1594.713382877266
2020-08-06,1590.72569157736
2020-08-07,1607.917566582373
2020-08-10,1628.145509066541
2020-08-11,1637.7240060521672
2020-08-12,1644.1188588878515
2020-08-13,1636.5970460618107
2020-08-14,1637.4797005361836
2020-08-17,1637.7008342174327
2020-08-18,1623.8267559379588
2020-08-19,1620.8197283118184
2020-08-20,1608.0900246565102
2020-08-21,1601.6185769040248
2020-08-24,1628.2057634738403
2020-08-25,1629.759949666373
2020-08-26,1624.7258117470135
2020-08-27,1630.6787257550056
2020-08-28,1645.262277795294
2020-08-31,1631.6728207371275
2020-09-01,1635.4504597439222
2020-09-02,1644.8623185563274
2020-09-03,1621.9617325352447
2020-09-04,1619.6452698966082
2020-09-07,1624.1818689490215
2020-09-08,1597.282212658557
2020-09-09,1604.4932839488356
2020-09-10,1591.6470571064408
2020-09-11,1587.0553734482382
2020-09-14,1622.8150447760297
2020-09-15,1622.4441318838562
2020-09-16,1638.3313783641615
2020-09-17,1631.9926335117339
2020-09-18,1622.6021162493357
2020-09-21,1569.2902791278996
2020-09-22,1569.7986500434022
2020-09-23,1538.6315682769875
2020-09-24,1532.2859070053776
2020-09-25,1547.8500666059822
2020-09-28,1587.1296065861006
2020-09-29,1575.979234304154
2020-09-30,1577.882271194742
2020-10-01,1593.7711738987603
2020-10-02,1606.645153279342
2020-10-05,1644.2347630658833
2020-10-06,1642.4526152331214
2020-10-07,1659.1075213192735
2020-10-08,1681.8387693586324
2020-10-09,1684.8039532447328
2020-10-12,1694.0229800645309
2020-10-13,1674.444009658332
2020-10-14,1669.0492501690344
2020-10-15,1674.5000420903307
2020-10-16,1669.0522798709112
2020-10-19,1662.389334887804
2020-10-20,1667.7546661741703
2020-10-21,1669.3127087397052
2020-10-22,1688.0634120798848
2020-10-23,1699.354778846088
2020-10-26,1665.655297043019
2020-10-27,1644.9974841176445
2020-10-28,1599.7988513739415
2020-10-29,1610.020223676021
2020-10-30,1600.6052093048058
2020-11-02,1629.7589118582541
2020-11-03,1669.012724642833
2020-11-04,1660.7464755557912
2020-11-05,1700.932262157434
2020-11-06,1690.2040886093866
2020-11-09,1771.7242758337786
2020-11-10,1807.4921708120885
2020-11-11,1801.1378954700479
2020-11-12,1774.055506250437
2020-11-13,1804.1938967042595
2020-11-16,1853.011806149814
2020-11-17,1859.4869623357142
2020-11-18,1846.2043340233934
2020-11-19,1848.7760211387442
2020-11-20,1850.3326350032444
2020-11-23,1880.8360923661428
2020-11-24,1927.4033366051763
2020-11-25,1916.6725932275333
2020-11-26,1915.545149517498
2020-11-27,1916.9477016680337
2020-11-30,1872.6515293565067
2020-12-01,1899.490512670103
2020-12-02,1905.3168965984396
2020-12-03,1925.1319397213688
2020-12-04,1955.941292586501
2020-12-07,1943.8000484536328
2020-12-08,1950.9324897760737
2020-12-09,1955.7219416922096
2020-12-10,1960.6474358186083
2020-12-11,1951.2201274073027
2020-12-14,1949.5910898913571
2020-12-15,1982.770725631609
2020-12-16,1983.5863995911607
2020-12-17,1998.2969447551789
2020-12-18,1980.679814634693
2020-12-21,1965.3159681066384
2020-12-22,1964.1668358720729
2020-12-23,1991.206666802929
2020-12-24,1996.8290884268315
2020-12-25,1998.7329298523716
2020-12-28,1999.8209653431265
2020-12-29,1992.207270870674
2020-12-30,2006.4558394505038
2020-12-31,2005.579652946567
2021-01-01,2005.579652946566
2021-01-04,1985.9457073577767
2021-01-05,2009.6072169870704
2021-01-06,2072.1039791636845
2021-01-07,2091.5553981363287
2021-01-08,2088.7739330733334
2021-01-11,2080.8195365545503
2021-01-12,2108.1455796286987
2021-01-13,2099.9169515956437
2021-01-14,2125.590683996753
2021-01-15,2100.4098976912373
2021-01-18,2099.6598978166544
2021-01-19,2109.3630335602147
2021-01-20,2122.184126858587
2021-01-21,2109.6947934893988
2021-01-22,2112.1603982587117
2021-01-25,2104.9983144529497
2021-01-26,2099.275072619694
2021-01-27,2068.7275731195664
2021-01-28,2070.730657732732
2021-01-29,2039.595792071789
2021-02-01,2071.8336973473033
2021-02-02,2089.4233621531876
2021-02-03,2102.0845995145146
2021-02-04,2124.7489378279965
2021-02-05,2146.0379842010975
2021-02-08,2185.549393443342
2021-02-09,2191.2425227785784
2021-02-10,2190.53269011262
2021-02-11,2192.6605967811984
2021-02-12,2197.4657660936564
2021-02-15,2206.42736206837
2021-02-16,2208.7742243564985
2021-02-17,2194.105643974699
2021-02-18,2167.2452689776965
2021-02-19,2198.2561269808025
2021-02-22,2215.386035471713
2021-02-23,2218.310881200602
2021-02-24,2250.8078354272297
2021-02-25,2212.813275150906
2021-02-26,2183.397263181595
2021-03-01,2234.773040931363
2021-03-02,2216.8494362599226
2021-03-03,2225.072413800505
2021-03-04,2197.3395178183946
2021-03-05,2226.271883724171
2021-03-08,2256.354810278835
2021-03-09,2268.1168652439887
2021-03-10,2295.1815376507384
2021-03-11,2324.8895843597593
2021-03-12,2343.038215029981
2021-03-15,2352.4538383748472
2021-03-16,2335.7321776127774
2021-03-17,2342.4104002634253
2021-03-18,2321.599606053855
2021-03-19,2320.590129243949
2021-03-22,2302.497907594967
2021-03-23,2244.5682293717573
2021-03-24,2221.159724091465
2021-03-25,2255.3615083306363
2021-03-26,2293.9662328535974
2021-03-29,2258.3156586041346
2021-03-30,2280.357185103214
2021-03-31,2277.5336416570894
2021-04-01,2302.6255750042706
2021-04-02,2303.4492788788793
2021-04-05,2317.4859680319264
2021-04-06,2318.181067063001
2021-04-07,2311.967125167645
2021-04-08,2315.196504474073
2021-04-09,2319.2834729434626
2021-04-12,2321.0726164727134
2021-04-13,2313.690884659848
2021-04-14,2330.1082924438456
2021-04-15,2342.592050557907
2021-04-16,2351.9976957267313
2021-04-19,2346.4472383396765
2021-04-20,2307.1122623886295
2021-04-21,2330.273824007895
2021-04-22,2326.493799684485
2021-04-23,2353.281790934698
2021-04-26,2369.5239405447364
2021-04-27,2371.5337132609466
2021-04-28,2374.3281881886264
2021-04-29,2380.267273215009
2021-04-30,2357.0786701986694
2021-05-03,2377.760216572679
2021-05-04,2369.786174654977
2021-05-05,2373.6847189715104
2021-05-06,2388.1047766715133
2021-05-07,2417.655474170935
2021-05-10,2401.2903939372536
2021-05-11,2374.8598436250445
2021-05-12,2317.2617800990797
2021-05-13,2340.008620573374
2021-05-14,2380.2136221674355
2021-05-17,2385.8195212618643
2021-05-18,2379.088931185933
2021-05-19,2355.1661856689916
2021-05-20,2363.2908245721824
2021-05-21,2370.8399061253544
2021-05-24,2381.320814026783
2021-05-25,2361.526597436394
2021-05-26,2385.63828921326
2021-05-27,2399.4460095767577
2021-05-28,2404.735334485703
2021-05-31,2403.902179727
2021-06-01,2434.1774849349536
2021-06-02,2437.7499379981973
2021-06-03,2427.2800173453093
2021-06-04,2436.670566554629
2021-06-07,2450.268340061468
2021-06-08,2466.5713581647537
2021-06-09,2451.9158034024763
2021-06-10,2441.2098267488404
2021-06-11,2452.238933066732
2021-06-14,2437.5762264914206
2021-06-15,2436.999281329975
2021-06-16,2432.852406481866
2021-06-17,2382.173936602699
2021-06-18,2334.3446392076116
2021-06-21,2372.4663142024488
2021-06-22,2380.22016308458
2021-06-23,2382.639893233962
2021-06-24,2398.4332088923015
2021-06-25,2415.9604149069573
2021-06-28,2389.163546405031
2021-06-29,2377.605893353243
2021-06-30,2379.4107945452465
2021-07-01,2392.892354327478
2021-07-02,2389.5620433334498
2021-07-05,2395.1910278832906
2021-07-06,2365.275624225669
2021-07-07,2354.1060279196126
2021-07-08,2331.325808067041
2021-07-09,2374.5678219607403
2021-07-12,2387.49723901384
2021-07-13,2359.369591234398
2021-07-14,2345.645232925121
2021-07-15,2334.242184552804
2021-07-16,2307.1602810551126
2021-07-19,2253.27820434955
2021-07-20,2293.450336736714
2021-07-21,2329.9347475857953
2021-07-22,2310.4319783395504
2021-07-23,2320.9489190125432
2021-07-26,2339.0805907129966
2021-07-27,2332.8939363850827
2021-07-28,2344.163928543451
2021-07-29,2365.7968538914974
2021-07-30,2352.5831957465243
2021-08-02,2356.3715970633125
2021-08-03,2364.9023528589787
2021-08-04,2338.808941473041
2021-08-05,2365.9243204874538
2021-08-06,2374.570737876658
2021-08-09,2361.8831131272855
2021-08-10,2374.836122786471
2021-08-11,2397.001384415547
2021-08-12,2393.2714546442403
2021-08-13,2389.81910392014
2021-08-16,2373.752550034659
2021-08-17,2346.2574077763275
2021-08-18,2334.3228516983986
2021-08-19,2303.742661216912
2021-08-20,2320.2100953843
2021-08-23,2347.9834599815385
2021-08-24,2369.625215892456
2021-08-25,2378.8279199275726
2021-08-26,2361.891665616581
2021-08-27,2405.3881507620376
2021-08-30,2400.2186674815716
2021-08-31,2402.2239820682894
2021-09-01,2411.166182475425
2021-09-02,2422.581650133709
2021-09-03,2420.1787206951794
2021-09-06,2420.9528606836507
2021-09-07,2402.4779628008314
2021-09-08,2386.194654542253
2021-09-09,2382.348529383567
2021-09-10,2368.2840406984114
2021-09-13,2388.7802580459443
2021-09-14,2370.3837159237487
2021-09-15,2382.7394402081045
2021-09-16,2375.025157716728
2021-09-17,2364.4597359248796
2021-09-20,2324.781847744475
2021-09-21,2318.6492220313226
2021-09-22,2343.474360031142
2021-09-23,2376.1421898857657
2021-09-24,2373.682269260813
2021-09-27,2403.6366418570456
2021-09-28,2371.7729772062685
2021-09-29,2367.51345259929
2021-09-30,2346.4160645426955
2021-10-01,2372.709534055748
2021-10-04,2372.73300785115
2021-10-05,2374.752609642121
2021-10-06,2363.566825667018
2021-10-07,2389.9748667752333
2021-10-08,2388.61757838905
2021-10-11,2380.352258220993
2021-10-12,2384.8919678182688
2021-10-13,2391.7722110616664
2021-10-14,2420.4689559675076
2021-10-15,2426.4348881927617
2021-10-18,2426.311649981764
2021-10-19,2432.317547726535
2021-10-20,2449.495698109499
2021-10-21,2446.561174350768
2021-10-22,2448.2931023848087
2021-10-25,2458.562673044098
2021-10-26,2448.701788879127
2021-10-27,2413.4556878787344
2021-10-28,2441.622906134943
2021-10-29,2429.38464393397
2021-11-01,2477.0483925647263
2021-11-02,2468.718981074551
2021-11-03,2497.653011816382
2021-11-04,2492.0417316803446
2021-11-05,2520.075916563171
2021-11-08,2523.251292377781
2021-11-09,2514.377792635486
2021-11-10,2492.950637525068
2021-11-11,2502.6882502415588
2021-11-12,2505.7098163906194
2021-11-15,2510.4619396404623
2021-11-16,2502.4204439582204
2021-11-17,2482.499639924195
2021-11-18,2477.138477798804
2021-11-19,2459.3768414375195
2021-11-22,2463.154304875785
2021-11-23,2465.697187459011
2021-11-24,2458.975998494305
2021-11-25,2462.7948094576072
2021-11-26,2385.427130819938
2021-11-29,2376.055539155904
2021-11-30,2328.7588285272845
2021-12-01,2313.8607824630603
2021-12-02,2355.232738516407
2021-12-03,2337.5410338671145
2021-12-06,2376.9518236245553
2021-12-07,2415.508051058237
2021-12-08,2424.4064383477626
2021-12-09,2398.426276209284
2021-12-10,2396.944261363288
2021-12-13,2367.6915461377357
2021-12-14,2355.509870795588
2021-12-15,2368.5746919782005
2021-12-16,2367.3679829806933
2021-12-17,2361.3410211113237
2021-12-20,2316.884926825837
2021-12-21,2369.416328878273
2021-12-22,2390.528286344532
2021-12-23,2409.48824930423
2021-12-24,2410.8499358139
2021-12-27,2430.5012756582773
2021-12-28,2435.580343220742
2021-12-29,2448.205846589634
2021-12-30,2442.9999484986392
2021-12-31,2445.3500915089644
2022-01-03,2458.843210168419
2022-01-04,2490.0325820688995
2022-01-05,2460.379245735731
2022-01-06,2464.035119184643
2022-01-07,2461.0421372018504
2022-01-10,2449.1820136594106
2022-01-11,2467.116667175333
2022-01-12,2476.923381209943
2022-01-13,2483.6433175975803
2022-01-14,2481.4516893075506
2022-01-17,2481.988136021992
2022-01-18,2438.8281949300053
2022-01-19,2406.708565116981
2022-01-20,2376.5117546399283
2022-01-21,2339.370373885231
2022-01-24,2345.7988414948554
2022-01-25,2334.8099640313935
2022-01-26,2324.662272128486
2022-01-27,2289.505829337752
2022-01-28,2313.7296449120054
2022-01-31,2348.77098865807
2022-02-01,2373.3640900862247
2022-02-02,2381.997147416787
2022-02-03,2357.928218148525
2022-02-04,2354.2143237846603
2022-02-07,2361.224640254119
2022-02-08,2383.4524330119593
2022-02-09,2414.6188640774076
2022-02-10,2395.9929793174592
2022-02-11,2381.8948140100506
2022-02-14,2358.7592554524817
2022-02-15,2398.205681382269
2022-02-16,2415.2739570544923
2022-02-17,2383.0731968509995
2022-02-18,2368.757398069427
2022-02-21,2363.956978525647
2022-02-22,2337.3261086167654
2022-02-23,2313.84247147823
2022-02-24,2301.9787485390334
2022-02-25,2362.2212930557102
2022-02-28,2372.8252337497033
2022-03-01,2330.177102781982
2022-03-02,2367.356049731312
2022-03-03,2358.242303558629
2022-03-04,2323.306984881629
2022-03-07,2268.0113259852387
2022-03-08,2268.290739933477
2022-03-09,2314.5629208005485
2022-03-10,2329.884547931221
2022-03-11,2315.9849335336307
2022-03-14,2302.859824909015
2022-03-15,2311.4476762121503
2022-03-16,2360.3530209522364
2022-03-17,2391.1097715565816
2022-03-18,2399.1926550898597
2022-03-21,2398.355016918747
2022-03-22,2411.4443909674033
2022-03-23,2388.074700755921
2022-03-24,2398.6556789985484
2022-03-25,2420.7844932031335
2022-03-28,2408.2345461506034
2022-03-29,2452.9658835929185
2022-03-30,2429.6797716225697
2022-03-31,2404.7195864049586
2022-04-01,2414.5796556345294
2022-04-04,2412.8400047402934
2022-04-05,2382.47800652159
2022-04-06,2356.061565730542
2022-04-07,2343.153437337518
2022-04-08,2345.4209348918166
2022-04-11,2334.2950707881264
2022-04-12,2336.1965187056935
2022-04-13,2362.5536547079087
2022-04-14,2361.2511145895573
2022-04-15,2360.370423258081
2022-04-18,2356.199994096464
2022-04-19,2382.6230673849414
2022-04-20,2405.1165856258403
2022-04-21,2375.869667057274
2022-04-22,2321.153330008342
2022-04-25,2308.579955070339
2022-04-26,2264.3142578192833
2022-04-27,2255.521795634698
2022-04-28,2288.4733386726284
2022-04-29,2250.5705473963585
2022-05-02,2245.626600113563
2022-05-03,2268.72473055687
2022-05-04,2307.2019981227068
2022-05-05,2252.3506080305806
2022-05-06,2231.2465000058437
2022-05-09,2158.1750923038203
2022-05-10,2146.3830373484943
2022-05-11,2131.716624944738
2022-05-12,2134.1458659506984
2022-05-13,2179.6149925614036
2022-05-16,2180.895567316258
2022-05-17,2235.8052421073744
2022-05-18,2188.4106346415947
2022-05-19,2178.8510176567343
2022-05-20,2176.4585083984657
2022-05-23,2206.4262384819176
2022-05-24,2190.669707202092
2022-05-25,2217.664592428354
2022-05-26,2252.488745249347
2022-05-27,2291.5924223866655
2022-05-30,2300.547037092938
2022-05-31,2279.420075675901
2022-06-01,2272.1809231607613
2022-06-02,2301.172062369325
2022-06-03,2285.959759262454
2022-06-06,2297.154099569983
2022-06-07,2314.498893480827
2022-06-08,2288.52591503477
2022-06-09,2245.6188351456303
2022-06-10,2188.723620932233
2022-06-13,2099.6068284588923
2022-06-14,2079.518623200037
2022-06-15,2097.560092900877
2022-06-16,2032.263686862999
2022-06-17,2030.8739612289153
2022-06-20,2034.1981055797087
2022-06-21,2060.4125585033044
2022-06-22,2050.8530497454653
2022-06-23,2050.1419324434396
2022-06-24,2101.2814646197894
2022-06-27,2117.1738296106587
2022-06-28,2103.698431130164
2022-06-29,2075.9757377295723
2022-06-30,2056.39999555528
2022-07-01,2067.720558239291
2022-07-04,2074.82876713861
2022-07-05,2056.2726229248415
2022-07-06,2041.949572065237
2022-07-07,2079.4458154417334
2022-07-08,2078.8298311920103
2022-07-11,2055.7939230600464
2022-07-12,2053.6627361872384
2022-07-13,2049.6229657325953
2022-07-14,2020.804592092472
2022-07-15,2056.4512643012113
2022-07-18,2071.409514641827
2022-07-19,2125.695196234759
2022-07-20,2146.9051803952284
2022-07-21,2152.2003793998965
2022-07-22,2148.507127145656
2022-07-25,2161.4600165823867
2022-07-26,2151.509817402913
2022-07-27,2178.287104344005
2022-07-28,2210.7696280659375
2022-07-29,2232.6603219825533
2022-08-01,2240.1757598060913
2022-08-02,2214.8656129257533
2022-08-03,2220.4288880472814
2022-08-04,2217.026270641098
2022-08-05,2220.9356474569113
2022-08-08,2242.480148342026
2022-08-09,2229.364677142953
2022-08-10,2283.2213387008737
2022-08-11,2297.9461581580113
2022-08-12,2323.0574416782642
2022-08-15,2321.6372468018562
2022-08-16,2324.8914859645292
2022-08-17,2299.896733671756
2022-08-18,2311.911411373531
2022-08-19,2274.8488101903836
2022-08-22,2234.104733304376
2022-08-23,2237.8959746727915
2022-08-24,2244.2959765723313
2022-08-25,2271.0380437652952
2022-08-26,2224.250267297566
2022-08-29,2201.253018397233
2022-08-30,2178.7815235876787
2022-08-31,2168.1336560966693
2022-09-01,2136.974665065048
2022-09-02,2136.6870347099944
2022-09-05,2130.632432510791
2022-09-06,2113.904175366683
2022-09-07,2133.148474325299
2022-09-08,2153.1737929849082
2022-09-09,2193.1659088884467
2022-09-12,2223.2675018124924
2022-09-13,2155.0946847765877
2022-09-14,2150.205118796358
2022-09-15,2138.7035228384166
2022-09-16,2118.816863125915
2022-09-19,2133.0677391376507
2022-09-20,2108.1133611737396
2022-09-21,2083.016623206163
2022-09-22,2049.478260672882
2022-09-23,1996.0792727603432
2022-09-26,1952.0472890018057
2022-09-27,1945.6971857296114
2022-09-28,1979.4989255698754
2022-09-29,1949.6454805833464
2022-09-30,1944.777325661112
2022-10-03,1986.565056075813
2022-10-04,2061.524544238315
2022-10-05,2044.5228215916634
2022-10-06,2033.5204206387784
2022-10-07,1992.8205798441961
2022-10-10,1979.4715182538316
2022-10-11,1973.7336338270045
2022-10-12,1964.4795755436683
2022-10-13,2001.7350954415983
2022-10-14,1976.9975503780206
2022-10-17,2017.7689295485045
2022-10-18,2038.7681923705948
2022-10-19,2013.513013340201
2022-10-20,1993.9666315041447
2022-10-21,2013.5634883829318
2022-10-24,2028.229431640234
2022-10-25,2074.7198060673245
2022-10-26,2090.495451048289
2022-10-27,2097.427758555858
2022-10-28,2118.7377536996787
2022-10-31,2121.3984660253805
2022-11-01,2132.6528213880424
2022-11-02,2096.9744874143526
2022-11-03,2079.607804447617
2022-11-04,2116.1559499961263
2022-11-07,2137.0169702611506
2022-11-08,2144.8472996098317
2022-11-09,2106.2947450165616
2022-11-10,2209.6979840934023
2022-11-11,2234.9534269398005
2022-11-14,2208.3390541505564
2022-11-15,2233.9528574209876
2022-11-16,2203.2163655836803
2022-11-17,2191.1340202303013
2022-11-18,2208.55483197121
2022-11-21,2198.980142162002
2022-11-22,2231.9164357109607
2022-11-23,2241.738231399694
2022-11-24,2251.2196178910212
2022-11-25,2257.4457036517115
2022-11-28,2217.9987703136985
2022-11-29,2227.5417190238663
2022-11-30,2255.731352830006
2022-12-01,2268.975550660119
2022-12-02,2266.583914249874
2022-12-05,2220.651092767485
2022-12-06,2200.078372390024
2022-12-07,2191.7534830060863
2022-12-08,2198.7482200406203
2022-12-09,2191.3653811724653
2022-12-12,2201.6394449980166
2022-12-13,2226.072067927431
2022-12-14,2217.500310514442
2022-12-15,2172.540183051335
2022-12-16,2149.6351752901583
2022-12-19,2133.415727385408
2022-12-20,2146.099369984835
2022-12-21,2174.4975068948293
2022-12-22,2155.9864678546037
2022-12-23,2169.214528679414
2022-12-26,2170.4481729746963
2022-12-27,2172.255744054041
2022-12-28,2142.1779524027847
2022-12-29,2175.974592113236
2022-12-30,2171.933560096145
2023-01-02,2173.3148282690645
2023-01-03,2168.1445646604884
2023-01-04,2191.8907148891817
2023-01-05,2168.5845523446364
2023-01-06,2213.601601709019
2023-01-09,2223.2659812811253
2023-01-10,2232.266945866492
2023-01-11,2256.249377294966
2023-01-12,2290.761844497437
2023-01-13,2305.3200389040967
2023-01-16,2302.949810631621
2023-01-17,2302.901540406932
2023-01-18,2284.811336292039
2023-01-19,2263.2369248851105
2023-01-20,2291.6029356531026
2023-01-23,2314.505172528555
2023-01-24,2314.895317182445
2023-01-25,2319.1196067663454
2023-01-26,2330.929789353259
2023-01-27,2342.0681893886676
2023-01-30,2321.6290789492136
2023-01-31,2356.864432758911
2023-02-01,2380.4056121240205
2023-02-02,2416.8613765098526
2023-02-03,2393.21116185076
2023-02-06,2360.714805288833
2023-02-07,2375.164310828375
2023-02-08,2357.508275438082
2023-02-09,2339.0549241544686
2023-02-10,2338.579249070089
2023-02-13,2354.7199924216284
2023-02-14,2356.107516345123
2023-02-15,2360.4600494456045
2023-02-16,2349.9541238009465
2023-02-17,2346.658799592631
2023-02-20,2351.2592995387313
2023-02-21,2306.261514278091
2023-02-22,2299.193037305987
2023-02-23,2308.300812402259
2023-02-24,2294.8960882424626
2023-02-27,2303.6861116502373
2023-02-28,2303.6307521364615
2023-03-01,2306.5689896432227
2023-03-02,2306.0788043018156
2023-03-03,2330.53368539346
2023-03-06,2314.4898614331564
2023-03-07,2284.193332194941
2023-03-08,2283.799582326155
2023-03-09,2240.4006729763487
2023-03-10,2193.0660171270993
2023-03-13,2146.1452470771605
2023-03-14,2160.6081210152515
2023-03-15,2126.19934901257
2023-03-16,2141.0169387880137
2023-03-17,2101.467246654626
2023-03-20,2118.6890592546856
2023-03-21,2147.3200551285727
2023-03-22,2110.001394463507
2023-03-23,2104.10818050114
2023-03-24,2112.0532769570614
2023-03-27,2128.2957665440367
2023-03-28,2137.522517395004
2023-03-29,2158.657976437923
2023-03-30,2167.784909354631
2023-03-31,2195.1831507904712
2023-04-03,2205.4496220816504
2023-04-04,2185.004843878703
2023-04-05,2165.706952430512
2023-04-06,2162.4721909496698
2023-04-07,2163.6065603837515
2023-04-10,2170.9270768246943
2023-04-11,2191.422098658809
2023-04-12,2186.9123748189277
2023-04-13,2203.4325507527114
2023-04-14,2190.896272883385
2023-04-17,2203.6309865441413
2023-04-18,2201.2989928885404
2023-04-19,2205.1923521980793
2023-04-20,2195.8352559177433
2023-04-21,2189.285320909681
2023-04-24,2191.08859091879
2023-04-25,2154.3464508255875
2023-04-26,2139.7229659326576
2023-04-27,2161.1891465565764
2023-04-28,2182.0689739134054
2023-05-01,2178.9882978842256
2023-05-02,2143.173311624445
2023-05-03,2144.3379368936103
2023-05-04,2123.6406915686916
2023-05-05,2166.528251492498
2023-05-08,2166.074224467246
2023-05-09,2158.038217807859
2023-05-10,2158.8441746614008
2023-05-11,2143.208230069483
2023-05-12,2139.075561820735
2023-05-15,2160.42056181298
2023-05-16,2135.5333461090945
2023-05-17,2162.833133735011
2023-05-18,2169.9682665692853
2023-05-19,2159.9785331077815
2023-05-22,2173.265381152918
2023-05-23,2167.5852612141744
2023-05-24,2137.248153709808
2023-05-25,2123.2772044135077
2023-05-26,2134.9276305209637
2023-05-29,2139.1592388163904
2023-05-30,2134.8381062139388
2023-05-31,2107.359825345064
2023-06-01,2127.009861602134
2023-06-02,2193.416157174833
2023-06-05,2176.1649846728524
2023-06-06,2215.7691246498125
2023-06-07,2249.6093649537015
2023-06-08,2241.609985335881
2023-06-09,2233.2082853527486
2023-06-12,2236.4222255812133
2023-06-13,2260.0286219950963
2023-06-14,2251.7748776340627
2023-06-15,2266.4498542398305
2023-06-16,2258.670219229289
2023-06-19,2253.9857386815747
2023-06-20,2237.7738201067796
2023-06-21,2233.2311611420464
2023-06-22,2209.1274938467905
2023-06-23,2174.727036618937
2023-06-26,2187.366809073728
2023-06-27,2210.2361649927693
2023-06-28,2216.78469587523
2023-06-29,2235.1039193953297
2023-06-30,2243.9575508761914
2023-07-03,2262.557328199144
2023-07-04,2266.2715630493117
2023-07-05,2245.2621241264383
2023-07-06,2213.104489024358
2023-07-07,2237.3819861431966
2023-07-10,2254.5842137713876
2023-07-11,2280.352979141628
2023-07-12,2310.0938397131827
2023-07-13,2329.17519133378
2023-07-14,2308.9021095930466
2023-07-17,2312.6230269859616
2023-07-18,2341.6379170110818
2023-07-19,2360.7989826356174
2023-07-20,2349.402444178722
2023-07-21,2337.394853265978
2023-07-24,2350.7557350753946
2023-07-25,2349.964651950813
2023-07-26,2369.5335644243182
2023-07-27,2347.738896086555
2023-07-28,2362.859465020444
2023-07-31,2379.3065613629137
2023-08-01,2366.2521545466043
2023-08-02,2337.349946441034
2023-08-03,2328.276973811873
2023-08-04,2337.1253676141523
2023-08-07,2345.3732292949912
2023-08-08,2329.0501188522885
2023-08-09,2321.975880495712
2023-08-10,2319.019446259531
2023-08-11,2316.803517715673
2023-08-14,2300.9229974802943
2023-08-15,2275.5231417436626
2023-08-16,2252.5028342266087
2023-08-17,2236.7643690939854
2023-08-18,2236.210091636262
2023-08-21,2226.125358957715
2023-08-22,2223.6189386314627
2023-08-23,2246.2601367047246
2023-08-24,2232.2344659047703
2023-08-25,2227.622565794382
2023-08-28,2250.0776599418864
2023-08-29,2274.7039808555764
2023-08-30,2285.179229611811
2023-08-31,2285.349643646164
2023-09-01,2304.465206987047
2023-09-04,2306.547819655505
2023-09-05,2265.552648538264
2023-09-06,2255.9280596809763
2023-09-07,2242.301735157795
2023-09-08,2239.7506534304252
2023-09-11,2247.5003165594217
2023-09-12,2250.0565102903734
2023-09-13,2236.513208235421
2023-09-14,2269.091638960873
2023-09-15,2258.2429664570695
2023-09-18,2244.509182698466
2023-09-19,2244.1398210082107
2023-09-20,2235.6560668720517
2023-09-21,2204.853138527821
2023-09-22,2198.0181131241397
2023-09-25,2199.0292535366084
2023-09-26,2172.8604286250634
2023-09-27,2176.2651845459686
2023-09-28,2187.748523334039
2023-09-29,2184.797294196342
2023-10-02,2147.758387504036
2023-10-03,2108.355744395496
2023-10-04,2100.273633275247
2023-10-05,2114.5495669375437
2023-10-06,2125.8315525866424
2023-10-09,2136.7912530786407
2023-10-10,2164.6325151902015
2023-10-11,2169.905638539618
2023-10-12,2141.886938903229
2023-10-13,2119.636258593142
2023-10-16,2140.922980762742
2023-10-17,2160.293013075366
2023-10-18,2125.6100963209105
2023-10-19,2097.5096842479443
2023-10-20,2075.788637759112
2023-10-23,2057.5418686826856
2023-10-24,2065.154202786029
2023-10-25,2044.6300037575438
2023-10-26,2051.287068334203
2023-10-27,2041.410044217197
2023-10-30,2051.3328654610496
2023-10-31,2064.516612065999
2023-11-01,2080.6882077556756
2023-11-02,2132.7899394504084
2023-11-03,2179.997951523627
2023-11-06,2161.2266046458412
2023-11-07,2141.5595185021207
2023-11-08,2123.7375594267555
2023-11-09,2111.009530798633
2023-11-10,2118.3328528235475
2023-11-13,2116.212128516471
2023-11-14,2204.0402573636984
2023-11-15,2217.4106525598136
2023-11-16,2189.613809390461
2023-11-17,2215.6113253233457
2023-11-20,2221.451495334687
2023-11-21,2203.777466483792
2023-11-22,2209.091598235241
2023-11-23,2212.124343473295
2023-11-24,2223.9349738287815
2023-11-27,2221.021019874535
2023-11-28,2221.5150619015744
2023-11-29,2232.6326923666606
2023-11-30,2235.8309100360148
2023-12-01,2286.5353689214876
2023-12-04,2301.4189371248217
2023-12-05,2276.6500159927823
2023-12-06,2284.1163447715153
2023-12-07,2303.796912039619
2023-12-08,2307.3994748060536
2023-12-11,2310.373314481438
2023-12-12,2303.640265
2023-12-13,2359.896039
2023-12-14,2432.322885
2023-12-15,2414.151568
2023-12-18,2405.825513830427
2023-12-19,2438.106286780925
2023-12-20,2415.079023458428
2023-12-21,2438.675112642063
2023-12-22,2455.329753831247
2023-12-25,2454.667254355826
2023-12-26,2471.115791283004
2023-12-27,2481.1457880647663
2023-12-28,2484.9836922187246
2023-12-29,2463.825147608429
2024-01-01,2464.860657099358
2024-01-02,2453.695833065713
2024-01-03,2402.5660368188173
2024-01-04,2405.7460087504737
2024-01-05,2413.058563216861
2024-01-08,2434.362707907783
2024-01-09,2415.8978753828783
2024-01-10,2418.254536699966
2024-01-11,2404.8426030583287
2024-01-12,2406.5243165422667
2024-01-15,2404.6131679677733
2024-01-16,2374.4735627251744
2024-01-17,2344.893958895019
2024-01-18,2356.748479229345
2024-01-19,2375.997035177484
2024-01-22,2409.4565551884007
2024-01-23,2398.0529232890476
2024-01-24,2398.399205792028
2024-01-25,2410.984838802933
2024-01-26,2415.863676690385
2024-01-29,2437.1748057249515
2024-01-30,2427.6360577618157
2024-01-31,2396.466984011592
2024-02-01,2402.030456810266
2024-02-02,2387.978270560938
2024-02-05,2356.0966383239606
2024-02-06,2368.6988619681615
2024-02-07,2367.186165252326
2024-02-08,2378.333356665045
2024-02-09,2390.931566532537
2024-02-12,2419.7117187138947
2024-02-13,2357.102421506416
2024-02-14,2380.6047763803963
2024-02-15,2422.7791552878953
2024-02-16,2415.026973947075
2024-02-19,2418.3183522495374
2024-02-20,2405.0947510679453
2024-02-21,2403.747369757849
2024-02-22,2413.103601290749
2024-02-23,2414.6829356173293
2024-02-26,2408.0063942592387
2024-02-27,2424.262297322589
2024-02-28,2415.116931092974
2024-02-29,2430.8297461246284
2024-03-01,2446.197456630192
2024-03-04,2440.9553819381313
2024-03-05,2442.98831171223
2024-03-06,2457.929446156127
2024-03-07,2477.3645272667677
2024-03-08,2487.5748747707316
2024-03-11,2472.4488394266123
