Date,AC ASIA ex JAPAN+CHINA A ONSHORE
2013-09-27,2397.9480183375813
2013-09-30,2375.8399630060085
2013-10-01,2383.6978202489727
2013-10-30,2466.7052987478664
2013-10-31,2447.302123294902
2013-11-01,2446.5328587440536
2013-11-27,2447.468730619088
2013-11-28,2459.4297059206992
2013-11-29,2468.730792523736
2013-12-02,2468.0074296433945
2013-12-30,2414.6761542389895
2013-12-31,2427.808720000449
2014-01-01,2427.73353744778
2014-01-02,2411.194189946846
2014-01-03,2375.5220999821795
2014-01-06,2351.132460789155
2014-01-07,2348.683039485027
2014-01-08,2362.506281114838
2014-01-09,2345.5574370120435
2014-01-10,2343.9950157416783
2014-01-13,2356.818227398243
2014-01-14,2357.4658771926397
2014-01-15,2360.84833507
2014-01-16,2362.59569286
2014-01-17,2356.48038585
2014-01-20,2346.99256164
2014-01-21,2355.58581844
2014-01-22,2374.95989188
2014-01-23,2354.12315776
2014-01-24,2340.22801444
2014-01-27,2295.2104494631094
2014-01-28,2301.0464069475242
2014-01-29,2320.0862228646693
2014-01-30,2308.2302340352758
2014-01-31,2309.0296035196407
2014-02-03,2297.3036579950294
2014-02-04,2267.9610361022687
2014-02-05,2261.3860333029597
2014-02-06,2276.075127451445
2014-02-07,2298.115559482861
2014-02-10,2310.6692967904587
2014-02-11,2332.3425190546805
2014-02-12,2353.529771085215
2014-02-13,2338.550960523032
2014-02-14,2356.660788929844
2014-02-17,2376.481456358137
2014-02-18,2368.685793915599
2014-02-19,2376.393786283619
2014-02-20,2352.633815315472
2014-02-21,2362.9000287586914
2014-02-24,2340.6163841786993
2014-02-25,2327.9927829997923
2014-02-26,2339.6106638189
2014-02-27,2351.2212824808084
2014-02-28,2360.099545916226
2014-03-03,2347.307622161272
2014-03-04,2346.3162004660476
2014-03-05,2350.275890644582
2014-03-06,2369.879522729809
2014-03-07,2370.9258625407465
2014-03-10,2331.0633025670763
2014-03-11,2338.3729845244293
2014-03-12,2315.6891024570295
2014-03-13,2321.8643706734047
2014-03-14,2304.201638048082
2014-03-17,2311.981077802747
2014-03-18,2316.921516365634
2014-03-19,2308.8462815338958
2014-03-20,2267.687875332052
2014-03-21,2294.994238430655
2014-03-24,2323.263310928738
2014-03-25,2319.118020036871
2014-03-26,2335.87835795096
2014-03-27,2337.2871067044416
2014-03-28,2352.4238640187186
2014-03-31,2363.631638469145
2014-04-01,2387.101099019326
2014-04-02,2398.1751997741526
2014-04-03,2394.0995129931202
2014-04-04,2395.719212622625
2014-04-07,2395.444805354494
2014-04-08,2419.592225760333
2014-04-09,2436.9694015298237
2014-04-10,2456.2930503344382
2014-04-11,2445.7377905928447
2014-04-14,2442.1630939185216
2014-04-15,2422.6356104740735
2014-04-16,2422.8112720596864
2014-04-17,2427.5180510606037
2014-04-18,2432.3290995779835
2014-04-21,2421.554920377279
2014-04-22,2420.706180691185
2014-04-23,2411.3215039281854
2014-04-24,2412.1218564580213
2014-04-25,2382.786553014144
2014-04-28,2369.8677780672087
2014-04-29,2385.629314084331
2014-04-30,2374.014447667296
2014-05-01,2374.2843274182915
2014-05-02,2384.1503530237196
2014-05-05,2380.1251500874628
2014-05-06,2384.0800603276266
2014-05-07,2365.5180417340216
2014-05-08,2371.2515923109036
2014-05-09,2374.566158419189
2014-05-12,2398.1755957099613
2014-05-13,2411.064774785681
2014-05-14,2431.3984400081454
2014-05-15,2430.438576255102
2014-05-16,2433.821633400902
2014-05-19,2433.5941843153005
2014-05-20,2429.091787571184
2014-05-21,2434.529862630302
2014-05-22,2449.621971652027
2014-05-23,2458.0170587647394
2014-05-26,2456.950503119484
2014-05-27,2448.480920233725
2014-05-28,2466.80680056103
2014-05-29,2460.548285145383
2014-05-30,2452.845227501674
2014-06-02,2456.5216265124086
2014-06-03,2470.4886899938297
2014-06-04,2457.97719733767
2014-06-05,2467.1849710373704
2014-06-06,2465.486957863582
2014-06-09,2472.739463771493
2014-06-10,2495.6931588975904
2014-06-11,2494.097977222998
2014-06-12,2489.5291679633615
2014-06-13,2489.3825412741767
2014-06-16,2489.697814411704
2014-06-17,2485.08025018392
2014-06-18,2474.8019345469493
2014-06-19,2471.5454563056987
2014-06-20,2466.3806991864735
2014-06-23,2458.6040109611936
2014-06-24,2472.868200427396
2014-06-25,2465.394629235809
2014-06-26,2489.668137946572
2014-06-27,2492.24081082593
2014-06-30,2509.3462263323927
2014-07-01,2510.1967587712297
2014-07-02,2538.674609675124
2014-07-03,2544.031875544586
2014-07-04,2546.721363214039
2014-07-07,2551.183688617989
2014-07-08,2551.6080652403552
2014-07-09,2529.1473683814384
2014-07-10,2535.2623443055904
2014-07-11,2526.717986284516
2014-07-14,2537.891930196241
2014-07-15,2547.508489445037
2014-07-16,2546.721763582919
2014-07-17,2543.269118521494
2014-07-18,2542.081090691962
2014-07-21,2544.5509868128247
2014-07-22,2570.6632393195105
2014-07-23,2583.851372751342
2014-07-24,2598.0588830082233
2014-07-25,2601.8364649632385
2014-07-28,2622.9435263013183
2014-07-29,2636.3133121078968
2014-07-30,2643.933299198857
2014-07-31,2636.0058545424363
2014-08-01,2607.787684874488
2014-08-04,2634.2341548170357
2014-08-05,2627.5043199434494
2014-08-06,2618.664688488218
2014-08-07,2600.0779141654307
2014-08-08,2588.344165508121
2014-08-11,2620.659975905648
2014-08-12,2626.2372508129333
2014-08-13,2642.7020026859846
2014-08-14,2640.7503151911587
2014-08-15,2650.8508179548166
2014-08-18,2652.5317168315937
2014-08-19,2667.5622133658317
2014-08-20,2669.7849000479955
2014-08-21,2651.9436932355015
2014-08-22,2668.6393379522005
2014-08-25,2660.5687191652246
2014-08-26,2654.8741929995917
2014-08-27,2662.805245563717
2014-08-28,2650.627371331384
2014-08-29,2653.198436307425
2014-09-01,2665.0870186736774
2014-09-02,2661.7246339723183
2014-09-03,2690.9847924926585
2014-09-04,2696.9208864208313
2014-09-05,2693.9261978183004
2014-09-08,2697.828409972216
2014-09-09,2695.412880729447
2014-09-10,2669.847520894733
2014-09-11,2657.4117286560345
2014-09-12,2657.7122110177634
2014-09-15,2639.3602252231954
2014-09-16,2610.2427632625513
2014-09-17,2633.313776410158
2014-09-18,2625.722419614178
2014-09-19,2632.27429040928
2014-09-22,2602.712187645047
2014-09-23,2596.3795023888097
2014-09-24,2611.365646239381
2014-09-25,2597.442340746017
2014-09-26,2593.8011170260106
2014-09-29,2571.687326701115
2014-09-30,2562.2683345395353
2014-10-01,2554.412418824731
2014-10-02,2545.826188197579
2014-10-03,2555.9131511959768
2014-10-06,2561.150308498307
2014-10-07,2564.5038421560944
2014-10-08,2551.7208558879856
2014-10-09,2573.00225131674
2014-10-10,2544.862948777104
2014-10-13,2530.4502047863225
2014-10-14,2529.135543867496
2014-10-15,2532.9320426790205
2014-10-16,2510.235843776563
2014-10-17,2507.7876092372476
2014-10-20,2534.711427670238
2014-10-21,2528.291260240939
2014-10-22,2546.666833362031
2014-10-23,2537.205157955005
2014-10-24,2531.773496563071
2014-10-27,2524.374443155562
2014-10-28,2553.02034409598
2014-10-29,2591.566615165723
2014-10-30,2589.66477594547
2014-10-31,2616.57655735727
2014-11-03,2611.5766516189874
2014-11-04,2603.2929897311237
2014-11-05,2588.3454782727417
2014-11-06,2586.7607365560652
2014-11-07,2575.6960618151543
2014-11-10,2613.578543513808
2014-11-11,2606.439844133623
2014-11-12,2615.3557133538948
2014-11-13,2617.4270829368384
2014-11-14,2614.3350330795274
2014-11-17,2600.640412082397
2014-11-18,2590.5201846566756
2014-11-19,2584.6112201436513
2014-11-20,2580.28281126029
2014-11-21,2599.2128730328272
2014-11-24,2638.228361209634
2014-11-25,2645.4948595503
2014-11-26,2666.338852661943
2014-11-27,2677.2377463767193
2014-11-28,2684.300772843275
2014-12-01,2649.0990962882242
2014-12-02,2680.5065160349
2014-12-03,2683.9727859831955
2014-12-04,2730.2405915615427
2014-12-05,2735.666200218363
2014-12-08,2752.626955591142
2014-12-09,2695.8937584804685
2014-12-10,2723.7573763116766
2014-12-11,2698.2387018521854
2014-12-12,2699.1399302032723
2014-12-15,2690.862652516968
2014-12-16,2687.7019232198004
2014-12-17,2684.0783594562636
2014-12-18,2695.0093826174184
2014-12-19,2723.350391852602
2014-12-22,2741.1842964547527
2014-12-23,2712.8007048847994
2014-12-24,2698.6791266346995
2014-12-25,2720.5145320249644
2014-12-26,2750.0196501818677
2014-12-29,2767.032405179441
2014-12-30,2758.5551828907287
2014-12-31,2783.7944605808566
2015-01-01,2783.7286323360145
2015-01-02,2793.9075226573755
2015-01-05,2799.2931067024506
2015-01-06,2773.367319209923
2015-01-07,2781.99873215881
2015-01-08,2789.71146494737
2015-01-09,2797.998242691165
2015-01-12,2792.5831076080226
2015-01-13,2803.814264306384
2015-01-14,2794.8725564500155
2015-01-15,2832.5985780104934
2015-01-16,2827.5981882522738
2015-01-19,2753.488334540017
2015-01-20,2779.8492030938996
2015-01-21,2841.982544864911
2015-01-22,2854.8303773711173
2015-01-23,2877.839073605031
2015-01-26,2885.8936208350774
2015-01-27,2883.6542133200287
2015-01-28,2870.9845473474593
2015-01-29,2839.5793083197386
2015-01-30,2815.4758569791234
2015-02-02,2795.8517713585184
2015-02-03,2823.9377021495475
2015-02-04,2834.124008556933
2015-02-05,2819.43351730694
2015-02-06,2804.8598850811036
2015-02-09,2794.207979579997
2015-02-10,2809.065112973747
2015-02-11,2814.4631097447887
2015-02-12,2816.8524996224623
2015-02-13,2849.022899145284
2015-02-16,2854.8326463261105
2015-02-17,2861.152532732406
2015-02-18,2864.4478586711452
2015-02-19,2865.478852403592
2015-02-20,2864.5060905044156
2015-02-23,2860.3339847615557
2015-02-24,2866.0423489113173
2015-02-25,2870.8715314847627
2015-02-26,2892.7957468513528
2015-02-27,2888.4173327699436
2015-03-02,2901.850516314237
2015-03-03,2882.0693076720154
2015-03-04,2879.493190178697
2015-03-05,2861.5321507678946
2015-03-06,2864.6182219799807
2015-03-09,2854.996381187538
2015-03-10,2834.151551629781
2015-03-11,2825.2352733344233
2015-03-12,2847.1964011899977
2015-03-13,2851.1966739529244
2015-03-16,2874.172818215047
2015-03-17,2903.947114449001
2015-03-18,2938.9778025688634
2015-03-19,2967.16267183072
2015-03-20,2972.303326240345
2015-03-23,3001.404446775145
2015-03-24,3006.389198845142
2015-03-25,3001.5033719991848
2015-03-26,2984.919536563549
2015-03-27,2987.6064059223945
2015-03-30,3035.8782313898
2015-03-31,3038.3798857181587
2015-04-01,3064.6574095122637
2015-04-02,3085.366144982604
2015-04-03,3100.071278933078
2015-04-06,3110.5022917308183
2015-04-07,3137.041959253802
2015-04-08,3183.363573566302
2015-04-09,3198.2942144992016
2015-04-10,3238.029217048937
2015-04-13,3283.824294617019
2015-04-14,3274.169453607118
2015-04-15,3249.364647785745
2015-04-16,3303.448585809552
2015-04-17,3317.9735193895017
2015-04-20,3272.9495409020283
2015-04-21,3318.267334300122
2015-04-22,3364.0330998789104
2015-04-23,3371.2507540487327
2015-04-24,3374.32613237758
2015-04-27,3404.311353726952
2015-04-28,3384.446960963692
2015-04-29,3381.835167282116
2015-04-30,3358.121464980005
2015-05-01,3357.8100438794363
2015-05-04,3373.6668555522024
2015-05-05,3309.944362362301
2015-05-06,3281.770721595668
2015-05-07,3225.5734374545937
2015-05-08,3267.1786382046357
2015-05-11,3313.046207548223
2015-05-12,3310.3618879755168
2015-05-13,3313.5876386864375
2015-05-14,3313.856415421337
2015-05-15,3310.9414994484505
2015-05-18,3306.4583705898985
2015-05-19,3353.8852443386527
2015-05-20,3356.4824918760955
2015-05-21,3375.474260569514
2015-05-22,3426.808460255481
2015-05-25,3461.2511032101615
2015-05-26,3490.1377098401117
2015-05-27,3471.2411698908277
2015-05-28,3360.55020495959
2015-05-29,3359.675826049913
2015-06-01,3424.529235488943
2015-06-02,3432.3391796340698
2015-06-03,3433.3062517415838
2015-06-04,3428.9623604727212
2015-06-05,3438.040497979236
2015-06-08,3444.9812841913345
2015-06-09,3415.025566396241
2015-06-10,3419.6287646529727
2015-06-11,3427.7512628622308
2015-06-12,3449.7661862018863
2015-06-15,3400.57788347569
2015-06-16,3335.155181732373
2015-06-17,3368.9698577542467
2015-06-18,3322.9302319407393
2015-06-19,3240.4488365340585
2015-06-22,3264.3390519025575
2015-06-23,3314.1016530800603
2015-06-24,3344.5099555894644
2015-06-25,3290.615314004636
2015-06-26,3169.83071378978
2015-06-29,3081.109272959709
2015-06-30,3177.5877522491146
2015-07-01,3123.940857233026
2015-07-02,3070.2644190347337
2015-07-03,2996.4341824169896
2015-07-06,2966.2698906837477
2015-07-07,2916.663455546015
2015-07-08,2786.8705259800304
2015-07-09,2880.6247863629837
2015-07-10,2958.307716351296
2015-07-13,3016.4215291117134
2015-07-14,2993.0491666774205
2015-07-15,2946.8184840034337
2015-07-16,2965.4138429401983
2015-07-17,3020.2442045306616
2015-07-20,3018.471575908536
2015-07-21,3031.8045013441624
2015-07-22,3022.630797077988
2015-07-23,3043.081627146627
2015-07-24,3007.8049547341243
2015-07-27,2872.196946226066
2015-07-28,2865.0071494289905
2015-07-29,2911.548372594613
2015-07-30,2874.1181111949095
2015-07-31,2878.7959832624147
2015-08-03,2855.4070592655207
2015-08-04,2898.3951140833133
2015-08-05,2880.3846324542055
2015-08-06,2859.681324105108
2015-08-07,2885.5377942504383
2015-08-10,2936.9214825164877
2015-08-11,2894.7438653906884
2015-08-12,2830.4841331182356
2015-08-13,2857.5194598011535
2015-08-14,2862.557994439919
2015-08-17,2849.051059938432
2015-08-18,2760.8239309223036
2015-08-19,2765.547132800119
2015-08-20,2707.451262654355
2015-08-21,2626.0209725054706
2015-08-24,2455.396388543798
2015-08-25,2421.0262007031693
2015-08-26,2407.578846968239
2015-08-27,2498.399986734649
2015-08-28,2553.570303692335
2015-08-31,2548.228066842967
2015-09-01,2505.0118535123893
2015-09-02,2490.3943362489604
2015-09-03,2493.580882931514
2015-09-04,2477.3091711776347
2015-09-07,2436.939194230106
2015-09-08,2489.5321018234836
2015-09-09,2563.070056465726
2015-09-10,2534.7318211760457
2015-09-11,2532.715440917288
2015-09-14,2513.3880459057773
2015-09-15,2468.0537201606912
2015-09-16,2541.7136537495653
2015-09-17,2536.274489117112
2015-09-18,2554.593462345771
2015-09-21,2546.728376486544
2015-09-22,2549.3643157951924
2015-09-23,2491.658574602011
2015-09-24,2491.155161426745
2015-09-25,2473.1720492218783
2015-09-28,2472.9265955556725
2015-09-29,2438.053666220702
2015-09-30,2473.1084334310003
2015-10-01,2482.9717317044274
2015-10-02,2498.3125171407974
2015-10-05,2524.654650705008
2015-10-06,2537.3389470006628
2015-10-07,2583.2102353152854
2015-10-08,2604.1344002425217
2015-10-09,2632.9495527933573
2015-10-12,2686.2249120744204
2015-10-13,2670.641524056208
2015-10-14,2652.3591685499878
2015-10-15,2709.9730033708033
2015-10-16,2725.5011283175436
2015-10-19,2729.9800762248597
2015-10-20,2735.9506432317307
2015-10-21,2698.012401544231
2015-10-22,2707.302756127441
2015-10-23,2747.614774466964
2015-10-26,2753.626323452609
2015-10-27,2749.818263878937
2015-10-28,2719.189258730666
2015-10-29,2701.762929036276
2015-10-30,2704.6076084449423
2015-11-02,2681.608840840349
2015-11-03,2695.2202179287665
2015-11-04,2764.3143994292423
2015-11-05,2769.677149444588
2015-11-06,2776.7437991695215
2015-11-09,2768.251884505465
2015-11-10,2742.663176857592
2015-11-11,2740.7871928084
2015-11-12,2746.1649207819128
2015-11-13,2706.2087423944995
2015-11-16,2690.674783147803
2015-11-17,2705.0051758301092
2015-11-18,2682.883714426494
2015-11-19,2728.378188223427
2015-11-20,2744.3853101446207
2015-11-23,2731.9897549805155
2015-11-24,2734.0416370050752
2015-11-25,2743.606408891645
2015-11-26,2742.030527895594
2015-11-27,2660.0664735970718
2015-11-30,2645.612167142702
2015-12-01,2676.8873453709302
2015-12-02,2697.94131361846
2015-12-03,2702.394606235059
2015-12-04,2676.1427082453456
2015-12-07,2678.3509290532147
2015-12-08,2633.9167144932403
2015-12-09,2623.4086750488464
2015-12-10,2616.3523839036884
2015-12-11,2591.461825554526
2015-12-14,2604.923340540704
2015-12-15,2611.1590131652583
2015-12-16,2635.699736176976
2015-12-17,2669.2842683767863
2015-12-18,2657.276003461222
2015-12-21,2687.624549021631
2015-12-22,2700.659939451951
2015-12-23,2707.41676870983
2015-12-24,2701.6193840667197
2015-12-25,2706.8516766684043
2015-12-28,2667.2667184477077
2015-12-29,2678.665964159891
2015-12-30,2674.3959790582985
2015-12-31,2666.10025426157
2016-01-01,2666.2718299143294
2016-01-04,2534.458848259517
2016-01-05,2530.091763660821
2016-01-06,2527.658780491905
2016-01-07,2408.3786284397206
2016-01-08,2431.9668926130958
2016-01-11,2346.3731999849047
2016-01-12,2346.444782884976
2016-01-13,2340.290578567167
2016-01-14,2344.3640951383677
2016-01-15,2296.2491672731267
2016-01-18,2293.060527149693
2016-01-19,2343.3982822398707
2016-01-20,2285.801998615452
2016-01-21,2241.7461171440195
2016-01-22,2292.8578514051424
2016-01-25,2314.530271023817
2016-01-26,2234.6043966148254
2016-01-27,2240.7573649385745
2016-01-28,2221.1767813539195
2016-01-29,2282.0485170204056
2016-02-01,2270.3479359474477
2016-02-02,2271.569732954256
2016-02-03,2244.2714405892943
2016-02-04,2281.690694776594
2016-02-05,2285.0080559426337
2016-02-08,2281.7282226075586
2016-02-09,2277.841376125632
2016-02-10,2276.6844027903626
2016-02-11,2240.183786702073
2016-02-12,2230.2322157859176
2016-02-15,2267.8216364002355
2016-02-16,2306.277119916163
2016-02-17,2307.159419998334
2016-02-18,2330.8389033946783
2016-02-19,2328.8593605457954
2016-02-22,2355.9096724136057
2016-02-23,2342.4177104487485
2016-02-24,2335.2748646106024
2016-02-25,2267.8840449565314
2016-02-26,2292.1283070558507
2016-02-29,2255.6468832995015
2016-03-01,2291.55304637825
2016-03-02,2361.1163526756236
2016-03-03,2380.1189441504443
2016-03-04,2397.6126228900976
2016-03-07,2409.3693232633714
2016-03-08,2397.19507150614
2016-03-09,2380.160168173808
2016-03-10,2371.2442132824117
2016-03-11,2391.6740053961385
2016-03-14,2422.8825121685663
2016-03-15,2404.2623109208066
2016-03-16,2403.2167471306675
2016-03-17,2449.666104821843
2016-03-18,2490.9294194253853
2016-03-21,2515.5352497828985
2016-03-22,2512.1422825041222
2016-03-23,2509.1558128957845
2016-03-24,2477.161646858046
2016-03-25,2479.7786135419155
2016-03-28,2469.2947293918373
2016-03-29,2461.747144453712
2016-03-30,2524.1672400921225
2016-03-31,2530.3773227729844
2016-04-01,2508.7302281982884
2016-04-04,2513.8117845151514
2016-04-05,2505.8508122061885
2016-04-06,2502.516527240386
2016-04-07,2493.0592123558076
2016-04-08,2488.915161491404
2016-04-11,2513.5393024257874
2016-04-12,2517.211476636837
2016-04-13,2556.197429174991
2016-04-14,2563.6439054750736
2016-04-15,2567.6301930273894
2016-04-18,2549.0640170638853
2016-04-19,2566.016808008924
2016-04-20,2531.9194334049225
2016-04-21,2537.5548121509623
2016-04-22,2527.659672300258
2016-04-25,2512.319145652489
2016-04-26,2521.391280522639
2016-04-27,2514.9559778382186
2016-04-28,2506.9657090442515
2016-04-29,2492.5982751616843
2016-05-02,2488.928134567441
2016-05-03,2490.926309486318
2016-05-04,2472.8615961444725
2016-05-05,2470.927526369937
2016-05-06,2433.452581535306
2016-05-09,2407.3722211204417
2016-05-10,2409.134137979396
2016-05-11,2408.185370206966
2016-05-12,2407.4393507446757
2016-05-13,2385.086913858239
2016-05-16,2397.7483240419187
2016-05-17,2409.318837694304
2016-05-18,2382.950348461549
2016-05-19,2364.4087502200655
2016-05-20,2375.3483989624892
2016-05-23,2390.3871906415184
2016-05-24,2374.2789272051245
2016-05-25,2401.049328934739
2016-05-26,2408.595816434787
2016-05-27,2424.9647475550946
2016-05-30,2421.6504058588434
2016-05-31,2455.3203343835075
2016-06-01,2453.6679647402166
2016-06-02,2462.716086436051
2016-06-03,2472.5109614713215
2016-06-06,2487.3366981990866
2016-06-07,2511.145223575693
2016-06-08,2515.1130136580005
2016-06-09,2510.749047715595
2016-06-10,2492.6271774367256
2016-06-13,2428.5931066421135
2016-06-14,2427.27190775584
2016-06-15,2450.2422139696637
2016-06-16,2430.3255500542105
2016-06-17,2440.404342236553
2016-06-20,2466.8961583898677
2016-06-21,2471.4010620833915
2016-06-22,2489.492013387641
2016-06-23,2490.549921428703
2016-06-24,2424.9452269158796
2016-06-27,2431.2334565180313
2016-06-28,2446.4986377941864
2016-06-29,2476.7410334038113
2016-06-30,2504.0032475670027
2016-07-01,2512.0024345180163
2016-07-04,2537.085670691985
2016-07-05,2521.8344056357278
2016-07-06,2499.0674392245273
2016-07-07,2517.1903603491214
2016-07-08,2505.9129076854865
2016-07-11,2542.9835319093427
2016-07-12,2572.8030300446617
2016-07-13,2584.208261879006
2016-07-14,2596.8527791058063
2016-07-15,2606.6519581783787
2016-07-18,2605.709517463387
2016-07-19,2602.644470498965
2016-07-20,2606.9209769716344
2016-07-21,2614.869233544398
2016-07-22,2605.650618074377
2016-07-25,2606.9604935529674
2016-07-26,2626.2479693945684
2016-07-27,2613.1397873634915
2016-07-28,2619.926260896159
2016-07-29,2600.1087078768674
2016-08-01,2619.337037115247
2016-08-02,2616.2647360160618
2016-08-03,2594.2555661789706
2016-08-04,2604.2196412998815
2016-08-05,2626.6380456952
2016-08-08,2652.791235388508
2016-08-09,2662.6071276531056
2016-08-10,2669.820257880636
2016-08-11,2667.0998488893038
2016-08-12,2689.8403459906253
2016-08-15,2721.6814448674986
2016-08-16,2725.824562815178
2016-08-17,2713.069421813097
2016-08-18,2723.72075553868
2016-08-19,2710.967039326318
2016-08-22,2692.76932740785
2016-08-23,2702.4022888788977
2016-08-24,2688.661150577306
2016-08-25,2685.973936142355
2016-08-26,2687.8440319543415
2016-08-29,2677.751064972755
2016-08-30,2690.411295531328
2016-08-31,2689.314570191544
2016-09-01,2679.4969048118323
2016-09-02,2689.118249371371
2016-09-05,2718.2016114660055
2016-09-06,2749.5209233391074
2016-09-07,2757.1320734402966
2016-09-08,2762.244750294102
2016-09-09,2736.577654725773
2016-09-12,2669.2555658705046
2016-09-13,2666.667104504887
2016-09-14,2660.258434052791
2016-09-15,2668.1566409084294
2016-09-16,2668.432328384618
2016-09-19,2699.6373457746345
2016-09-20,2697.7841609328966
2016-09-21,2713.5579698229853
2016-09-22,2740.616280623287
2016-09-23,2734.52135827428
2016-09-26,2695.03137936518
2016-09-27,2716.4098758840955
2016-09-28,2712.8714034686673
2016-09-29,2720.2170426288912
2016-09-30,2701.3210676535464
2016-10-03,2717.700905692161
2016-10-04,2726.0551555249563
2016-10-05,2724.584921079814
2016-10-06,2731.26254963007
2016-10-07,2721.955513146154
2016-10-10,2732.7705862894204
2016-10-11,2711.0295863599367
2016-10-12,2701.31682567293
2016-10-13,2675.5744058130317
2016-10-14,2686.2693592130463
2016-10-17,2669.316550411176
2016-10-18,2706.66647948563
2016-10-19,2710.2536272289335
2016-10-20,2712.4291808806092
2016-10-21,2704.141274107271
2016-10-24,2726.2109123674486
2016-10-25,2725.730473982744
2016-10-26,2706.423920921185
2016-10-27,2692.1545991809276
2016-10-28,2682.8147265447137
2016-10-31,2679.8287424059235
2016-11-01,2692.275905334058
2016-11-02,2661.071720289459
2016-11-03,2660.9292960147113
2016-11-04,2653.876211373225
2016-11-07,2666.2643222928646
2016-11-25,2632.8709118908805
2016-12-08,2663.3518265516373
2017-04-03,2830.684604796482
2017-04-04,2827.3697760785294
2017-04-05,2853.345595534937
2017-04-06,2846.2879886018886
2017-04-07,2845.41391893715
2017-04-10,2837.9024079713713
2017-04-11,2833.8788990836433
2017-04-12,2841.640905916483
2017-04-13,2851.99874480585
2017-04-14,2838.3881853967173
2017-04-17,2829.7788270314
2017-04-18,2812.7529090973694
2017-04-19,2798.4198142144883
2017-04-20,2812.6368908384216
2017-04-21,2820.810358277429
2017-04-24,2817.1410148047503
2017-04-25,2847.0353321812613
2017-04-26,2854.6641940756535
2017-04-27,2854.4050455537576
2017-04-28,2847.5180287257476
2017-05-01,2848.9736120314856
2017-05-02,2861.976980109676
2017-05-03,2860.1604950472847
2017-05-04,2854.1239695300847
2017-05-05,2834.8373327504096
2017-05-08,2843.830058642151
2017-05-09,2854.848615971756
2017-05-10,2848.8880965769767
2017-05-11,2865.157720650845
2017-05-12,2868.700628588968
2017-05-15,2885.3875885759385
2017-05-16,2905.515866224801
2017-05-17,2895.2046116845736
2017-05-18,2876.885703831564
2017-05-19,2885.224604355134
2017-05-22,2901.735595448843
2017-05-23,2892.2021491877886
2017-05-24,2893.3259001471897
2017-05-25,2932.92312100883
2017-05-26,2936.45172802291
2017-05-29,2936.938701516321
2017-05-30,2931.863436661864
2017-05-31,2933.9379145982307
2017-06-01,2938.937503079991
2017-06-02,2951.9014830798747
2017-06-05,2960.194489955128
2017-06-06,2966.735478503277
2017-06-07,2980.2251930914804
2017-06-08,2998.936038837664
2017-06-09,2998.8888153993207
2017-06-12,2974.764587629724
2017-06-13,2985.0362281810126
2017-06-14,2980.780547649903
2017-06-15,2966.1319247550346
2017-06-16,2960.5581686536652
2017-06-19,2991.228499769239
2017-06-20,2990.188220303104
2017-06-21,2990.2847619254317
2017-06-22,2995.1833540704147
2017-06-23,3003.0531453891276
2017-06-26,3032.1684097319794
2017-06-27,3033.1144801497157
2017-06-28,3015.468532034453
2017-06-29,3032.9983793398756
2017-06-30,3023.262845618523
2017-07-03,3025.911282855359
2017-07-04,2997.538911164001
2017-07-05,3021.5613432433925
2017-07-06,3016.4064956887287
2017-07-07,3010.981956237805
2017-07-10,3020.7990696908087
2017-07-11,3041.276285586432
2017-07-12,3055.2476021596162
2017-07-13,3086.5966490919545
2017-07-14,3096.8308168239
2017-07-17,3087.1359811081356
2017-07-18,3099.8504893309864
2017-07-19,3129.2362465968763
2017-07-20,3130.8940006175567
2017-07-21,3133.341555942253
2017-07-24,3152.3394267127014
2017-07-25,3142.2531770343467
2017-07-26,3140.5633466149006
2017-07-27,3160.5925923621894
2017-07-28,3147.173911040567
2017-07-31,3167.3222826245496
2017-08-01,3180.4511353582216
2017-08-02,3180.674365077642
2017-08-03,3160.8372677107063
2017-08-04,3164.222458750288
2017-08-07,3182.1005454691453
2017-08-08,3192.3558330361407
2017-08-09,3181.649349168388
2017-08-10,3151.1400888524076
2017-08-11,3099.363134748642
2017-08-14,3134.1604195950613
2017-08-15,3136.6169259518333
2017-08-16,3144.3037759196004
2017-08-17,3161.579331257933
2017-08-18,3149.2175195642003
2017-08-21,3160.7141359398565
2017-08-22,3180.9105586955534
2017-08-23,3183.828784272008
2017-08-24,3189.3671998182404
2017-08-25,3207.6217301521733
2017-08-28,3223.1887855760856
2017-08-29,3217.4946709028163
2017-08-30,3240.102864910448
2017-08-31,3238.1267184603794
2017-09-01,3250.459630246331
2017-09-04,3246.012095221185
2017-09-05,3246.699425828861
2017-09-06,3243.841227235399
2017-09-07,3255.7605002939963
2017-09-08,3270.1257468456856
2017-09-11,3278.994402597461
2017-09-12,3289.4024614138384
2017-09-13,3291.5093391007817
2017-09-14,3284.2783159366595
2017-09-15,3288.4801283605525
2017-09-18,3320.47273827291
2017-09-19,3305.50848161344
2017-09-20,3315.4554017983546
2017-09-21,3301.38159865143
2017-09-22,3282.3046175783957
2017-09-25,3240.4682095786247
2017-09-26,3228.318677895951
2017-09-27,3236.3971505512827
2017-09-28,3215.4340686898877
2017-09-29,3240.250807024359
2017-10-02,3246.286952895205
2017-10-03,3271.184581313187
2017-10-04,3280.196789852648
2017-10-05,3282.044694902141
2017-10-06,3290.7979963989133
2017-10-09,3303.0812118395957
2017-10-10,3333.5041574650663
2017-10-11,3340.731666067534
2017-10-12,3352.1315914283396
2017-10-13,3361.5623238440894
2017-10-16,3370.8726543180637
2017-10-17,3359.110613235044
2017-10-18,3363.6756707598615
2017-10-19,3331.444139243861
2017-10-20,3347.787898491136
2017-10-23,3343.0242458481785
2017-10-24,3342.3054908658855
2017-10-25,3351.608051831792
2017-10-26,3349.570791892524
2017-10-27,3355.514679670584
2017-10-30,3357.780357274996
2017-10-31,3374.531583309409
2017-11-01,3399.2123876857663
2017-11-02,3392.752843169147
2017-11-03,3390.892787335746
2017-11-06,3403.2451657875677
2017-11-07,3425.2679227170656
2017-11-08,3419.053955302434
2017-11-09,3429.8198588283244
2017-11-10,3431.432441895722
2017-11-13,3429.9119520949093
2017-11-14,3415.218812949768
2017-11-15,3393.6678064234243
2017-11-16,3420.794034362015
2017-11-17,3430.2819966895495
2017-11-20,3438.503898745172
2017-11-21,3482.185665423276
2017-11-22,3499.711032736614
2017-11-23,3465.9106021513107
2017-11-24,3469.2137893843997
2017-11-27,3430.2840683645823
2017-11-28,3439.231127670856
2017-11-29,3431.5657849223876
2017-11-30,3360.400702255983
2017-12-01,3354.066838926964
2017-12-04,3360.275733246409
2017-12-05,3345.125525280293
2017-12-06,3305.808221015778
2017-12-07,3302.505186678571
2017-12-08,3336.441265328489
2017-12-11,3372.553292697545
2017-12-12,3345.4325779085043
2017-12-13,3367.75746734703
2017-12-14,3366.9101381828973
2017-12-15,3345.756729699738
2017-12-18,3353.3246482068635
2017-12-19,3374.262249268915
2017-12-20,3372.974228865345
2017-12-21,3381.127768874017
2017-12-22,3398.874316360002
2017-12-25,3393.8600740748875
2017-12-26,3393.859019561228
2017-12-27,3389.7301021482513
2017-12-28,3420.750049103548
2017-12-29,3438.379998722074
2018-01-01,3436.3142751280125
2018-01-02,3495.6351302065054
2018-01-03,3514.9014551117475
2018-01-04,3533.1366937321845
2018-01-05,3554.223610860299
2018-01-08,3571.2696544373252
2018-01-09,3572.764275222812
2018-01-10,3561.395437101036
2018-01-11,3556.7310890832177
2018-01-12,3588.2925005285047
2018-01-15,3588.2685835719276
2018-01-16,3615.2756537255786
2018-01-17,3614.2372641622655
2018-01-18,3624.8389962836686
2018-01-19,3646.4872712258325
2018-01-22,3668.652274688947
2018-01-23,3713.630904343659
2018-01-24,3717.0072904678873
2018-01-25,3723.1963032738654
2018-01-26,3751.016335299911
2018-01-29,3726.7087833652326
2018-01-30,3674.6661619914325
2018-01-31,3695.950784109786
2018-02-01,3658.0174919016717
2018-02-02,3639.704758239556
2018-02-05,3596.1575625659298
2018-02-06,3475.6934716793753
2018-02-07,3445.163770901904
2018-02-08,3425.7916623558776
2018-02-09,3337.7490471228234
2018-02-12,3367.731401173239
2018-02-13,3401.4893067466837
2018-02-14,3445.224167281498
2018-02-15,3471.5868695708728
2018-02-16,3465.595845498037
2018-02-19,3473.80160656838
2018-02-20,3462.27156682513
2018-02-21,3493.323847872077
2018-02-22,3483.1062937762445
2018-02-23,3526.7786007992245
2018-02-26,3559.871692370668
2018-02-27,3532.0731668279045
2018-02-28,3494.2456691908806
2018-03-01,3499.814818155207
2018-03-02,3467.124888608492
2018-03-05,3438.555107966208
2018-03-06,3491.3261953017973
2018-03-07,3474.195715827197
2018-03-08,3507.597076862606
2018-03-09,3535.252469252905
2018-03-12,3585.821864216575
2018-03-13,3579.954444803807
2018-03-14,3571.155656223752
2018-03-15,3578.018243683163
2018-03-16,3563.566399907535
2018-03-19,3546.931525547662
2018-03-20,3559.2888937998264
2018-03-21,3545.0941390191488
2018-03-22,3511.991581805243
2018-03-23,3414.4913744382975
2018-03-26,3443.5355928735457
2018-03-27,3470.886856339519
2018-03-28,3403.8210237736566
2018-03-29,3428.3381705595257
2018-03-30,3435.712254588127
2018-04-02,3435.558114145882
2018-04-03,3426.0426632195613
2018-04-04,3382.846083234474
2018-04-05,3399.2901372471338
2018-04-06,3399.297152688473
2018-04-09,3418.180680248618
2018-04-10,3464.830925440529
2018-04-11,3473.750834326219
2018-04-12,3457.9481426540183
2018-04-13,3445.6455257716048
2018-04-16,3415.340628855384
2018-04-17,3389.597739632955
2018-04-18,3413.4890845598225
2018-04-19,3450.4537299908015
2018-04-20,3401.7682947683224
2018-04-23,3380.245147083602
2018-04-24,3399.1519656256464
2018-04-25,3368.0452338145906
2018-04-26,3344.9023178230095
2018-04-27,3366.164705712695
2018-04-30,3395.7702073565533
2018-05-01,3396.5525086532875
2018-05-02,3380.3162946642638
2018-05-03,3367.4368916049625
2018-05-04,3350.0716040423013
2018-05-07,3375.8829330817757
2018-05-08,3401.7463167121473
2018-05-09,3396.4507165553855
2018-05-10,3420.8491949456866
2018-05-11,3440.0501058230775
2018-05-14,3460.4756570801405
2018-05-15,3433.7752922470545
2018-05-16,3425.145165453377
2018-05-17,3404.889910151136
2018-05-18,3408.9868537702414
2018-05-21,3417.6328793784146
2018-05-22,3419.814283854153
2018-05-23,3388.5163731138146
2018-05-24,3390.817844153471
2018-05-25,3392.124339161485
2018-05-28,3406.231436692689
2018-05-29,3374.659841090818
2018-05-30,3315.0030901066125
2018-05-31,3350.0400815511944
2018-06-01,3354.3315788343734
2018-06-04,3395.484115335605
2018-06-05,3415.511006460086
2018-06-06,3429.6864891143427
2018-06-07,3438.7681885729176
2018-06-08,3391.0803094690773
2018-06-11,3398.8555896565817
2018-06-12,3414.162134439615
2018-06-13,3387.3451643534945
2018-06-14,3361.995916210176
2018-06-15,3336.8664455004096
2018-06-18,3324.9283342762556
2018-06-19,3223.0333119635334
2018-06-20,3244.386668949055
2018-06-21,3202.7103001714286
2018-06-22,3218.7562463360473
2018-06-25,3166.6469286409356
2018-06-26,3151.8165335099443
2018-06-27,3096.1195775974606
2018-06-28,3071.47723351262
2018-06-29,3134.3980611182865
2018-07-02,3091.357308259634
2018-07-03,3076.8935319477528
2018-07-04,3062.9669841481095
2018-07-05,3045.256811797992
2018-07-06,3059.915966570743
2018-07-09,3120.9784388105436
2018-07-10,3126.7233377297075
2018-07-11,3083.2797595791944
2018-07-12,3115.803264570185
2018-07-13,3129.5613566786196
2018-07-16,3116.571617679969
2018-07-17,3106.9747364354994
2018-07-18,3095.1971681354316
2018-07-19,3074.4854230227447
2018-07-20,3103.123574837509
2018-07-23,3112.9859192973886
2018-07-24,3138.7405489622583
2018-07-25,3163.405801921945
2018-07-26,3154.2953520959136
2018-07-27,3150.0626105375845
2018-07-30,3137.123904961818
2018-07-31,3133.493586857063
2018-08-01,3117.8527387387403
2018-08-02,3053.4114193566347
2018-08-03,3039.2805280667485
2018-08-06,3033.926795283516
2018-08-07,3078.4056583140086
2018-08-08,3074.99381925612
2018-08-09,3104.29145114807
2018-08-10,3083.760201049622
2018-08-13,3034.555155511523
2018-08-14,3020.6646655512623
2018-08-15,2972.538374774376
2018-08-16,2957.0566562119834
2018-08-17,2959.2464020023012
2018-08-20,2994.139506410399
2018-08-21,3029.527454882404
2018-08-22,3034.409585262934
2018-08-23,3031.6510812919164
2018-08-24,3028.000381642887
2018-08-27,3090.189935792725
2018-08-28,3098.7157281748764
2018-08-29,3098.310865240327
2018-08-30,3073.6471190057405
2018-08-31,3058.088829430017
2018-09-03,3041.036314679154
2018-09-04,3049.1942611943505
2018-09-05,2987.918475210811
2018-09-06,2966.878952920817
2018-09-07,2970.773141639146
2018-09-10,2928.1012213727977
2018-09-11,2913.431922966842
2018-09-12,2907.717223468993
2018-09-13,2948.1970107545944
2018-09-14,2977.0988326090255
2018-09-17,2934.1158783959017
2018-09-18,2951.8492903430124
2018-09-19,2989.8341728788164
2018-09-20,2999.973338646993
2018-09-21,3054.54038717905
2018-09-24,3027.6569272001075
2018-09-25,3020.8274668783088
2018-09-26,3037.4289072314123
2018-09-27,3035.6127622388517
2018-09-28,3040.1757587482775
2018-10-01,3038.1082052212087
2018-10-02,2996.7650996869297
2018-10-03,2993.461226491765
2018-10-04,2943.992982752272
2018-10-05,2920.969821663151
2018-10-08,2859.3345956169114
2018-10-09,2852.2782968618467
2018-10-10,2840.2671540273495
2018-10-11,2721.492152471651
2018-10-12,2786.768451558607
2018-10-15,2750.3929312352047
2018-10-16,2757.443332744388
2018-10-17,2762.5837254276275
2018-10-18,2725.8342810863965
2018-10-19,2750.1022680610727
2018-10-22,2809.188439254699
2018-10-23,2738.5692356898385
2018-10-24,2727.5646196626267
2018-10-25,2709.2565028351573
2018-10-26,2684.6106313271825
2018-10-29,2656.194672166124
2018-10-30,2662.73847177211
2018-10-31,2715.8371538924557
2018-11-01,2753.174213842144
2018-11-02,2851.520113890406
2018-11-05,2812.300500576808
2018-11-06,2817.405058642714
2018-11-07,2823.1974186512048
2018-11-08,2823.1887657367483
2018-11-09,2774.712411091161
2018-11-12,2769.4810123768684
2018-11-13,2787.381491065935
2018-11-14,2779.5132763306337
2018-11-15,2822.363506041105
2018-11-16,2829.038431254134
2018-11-19,2841.8235648358336
2018-11-20,2791.814616736237
2018-11-21,2798.4157532698578
2018-11-22,2797.715789486638
2018-11-23,2771.1402049868357
2018-11-26,2801.4310633986956
2018-11-27,2802.35891635809
2018-11-28,2833.3242148327413
2018-11-29,2827.752229043038
2018-11-30,2837.5700037822107
2018-12-03,2913.520365255883
2018-12-04,2915.366128160679
2018-12-05,2880.337064978332
2018-12-06,2814.5603884663665
2018-12-07,2814.4051590085014
2018-12-10,2771.9666662742143
2018-12-11,2778.069231433087
2018-12-12,2811.482027505614
2018-12-13,2843.6621866840155
2018-12-14,2798.5048447633462
2018-12-17,2793.0912783119256
2018-12-18,2770.5894342994743
2018-12-19,2771.3124981551296
2018-12-20,2749.1014022401996
2018-12-21,2737.1216065145363
2018-12-24,2730.596464532221
2018-12-25,2721.1346842168277
2018-12-26,2720.43661184759
2018-12-27,2726.619583147978
2018-12-28,2744.927521465702
2018-12-31,2754.36974455617
2019-01-01,2755.0330869411237
2019-01-02,2710.0271098070343
2019-01-03,2684.412886160459
2019-01-04,2731.046040023986
2019-01-07,2769.277064714989
2019-01-08,2763.539954214268
2019-01-09,2812.146192621226
2019-01-10,2824.5422620918753
2019-01-11,2841.2322731740405
2019-01-14,2808.322369489037
2019-01-15,2858.6183804302127
2019-01-16,2865.956241803116
2019-01-17,2857.717877215761
2019-01-18,2889.392317669962
2019-01-21,2894.496901031587
2019-01-22,2865.3510111268097
2019-01-23,2865.7759378695982
2019-01-24,2884.0683585163188
2019-01-25,2925.3789264979832
2019-01-28,2926.20539627387
2019-01-29,2923.785419766994
2019-01-30,2935.6772544400164
2019-01-31,2964.5898795694675
2019-02-01,2974.8816973468693
2019-02-04,2973.2445874067716
2019-02-05,2979.58644549493
2019-02-06,2982.1463745360893
2019-02-07,2976.6450152853563
2019-02-08,2965.5770335441175
2019-02-11,2982.1767255242867
2019-02-12,2994.9042284066845
2019-02-13,3025.6182568923136
2019-02-14,3022.701567611612
2019-02-15,2976.0336781748256
2019-02-18,3022.2881083809375
2019-02-19,3018.2980155971904
2019-02-20,3055.79692189435
2019-02-21,3062.705373209343
2019-02-22,3093.855511427689
2019-02-25,3164.3893247853252
2019-02-26,3146.6274943394333
2019-02-27,3141.6333362665746
2019-02-28,3120.9501633950704
2019-03-01,3144.854797740835
2019-03-04,3163.8156579682045
2019-03-05,3173.048913702704
2019-03-06,3182.7149112930756
2019-03-07,3157.444306918774
2019-03-08,3083.1209596020994
2019-03-11,3122.64264620251
2019-03-12,3158.065714607079
2019-03-13,3144.5837434527953
2019-03-14,3131.727359751374
2019-03-15,3159.74761627776
2019-03-18,3209.9468409239544
2019-03-19,3209.2517188086376
2019-03-20,3206.7053067635247
2019-03-21,3213.1414794575157
2019-03-22,3208.014335360015
2019-03-25,3151.07702196186
2019-03-26,3146.186323277832
2019-03-27,3155.326330605294
2019-03-28,3151.629522025763
2019-03-29,3210.8921357474683
2019-04-01,3262.245767567582
2019-04-02,3269.678673931896
2019-04-03,3301.5896382363017
2019-04-04,3306.1305141927
2019-04-05,3312.125779588493
2019-04-08,3315.081812614264
2019-04-09,3330.9905680786496
2019-04-10,3333.908027155433
2019-04-11,3297.2758467135945
2019-04-12,3302.61014396955
2019-04-15,3297.23263903254
2019-04-16,3334.807085067166
2019-04-17,3343.8460398079587
2019-04-18,3327.018233019891
2019-04-19,3337.1806493025147
2019-04-22,3307.5882981438735
2019-04-23,3305.441795674645
2019-04-24,3301.8903995409614
2019-04-25,3256.121468116907
2019-04-26,3245.382271244199
2019-04-29,3262.2650703851323
2019-04-30,3257.312067485316
2019-05-01,3259.0754075785544
2019-05-02,3267.7906753775983
2019-05-03,3272.8572722377558
2019-05-06,3163.328714583365
2019-05-07,3170.329751659217
2019-05-08,3134.7242267905694
2019-05-09,3065.2964183600143
2019-05-10,3107.0733135170667
2019-05-13,3055.857848140753
2019-05-14,3034.7945717225284
2019-05-15,3062.6748015166436
2019-05-16,3056.5415370892074
2019-05-17,2999.725591132453
2019-05-20,2987.737597567464
2019-05-21,3001.765320253048
2019-05-22,2997.5017758530503
2019-05-23,2955.8932117448135
2019-05-24,2964.514097311783
2019-05-27,2980.289663652697
2019-05-28,2987.997592946153
2019-05-29,2971.4110875917345
2019-05-30,2974.1223734785217
2019-05-31,2975.5825540274996
2019-06-03,2992.018825462313
2019-06-04,2976.9098761353143
2019-06-05,2982.3344390239845
2019-06-06,2967.447130428684
2019-06-07,2970.967491917308
2019-06-10,3015.417823631524
2019-06-11,3065.881734172132
2019-06-12,3042.1437548354065
2019-06-13,3034.903101294238
2019-06-14,3011.19322294064
2019-06-17,3004.50410283177
2019-06-18,3029.5367433286287
2019-06-19,3088.2037016831196
2019-06-20,3152.779146869478
2019-06-21,3148.3909909959175
2019-06-24,3154.101155637898
2019-06-25,3130.99586682019
2019-06-26,3134.384620609511
2019-06-27,3169.8210385268776
2019-06-28,3163.5580925070135
2019-07-01,3211.4386375660947
2019-07-02,3218.7619220099227
2019-07-03,3196.082889178972
2019-07-04,3199.5070154641585
2019-07-05,3196.0918185403843
2019-07-08,3132.8715109979707
2019-07-09,3123.909329478339
2019-07-10,3129.4296440184085
2019-07-11,3148.7342025241924
2019-07-12,3149.640570448399
2019-07-15,3169.596015373668
2019-07-16,3173.938424016973
2019-07-17,3165.029059309435
2019-07-18,3144.7321797236827
2019-07-19,3173.369528456612
2019-07-22,3152.1577603952137
2019-07-23,3163.409802570333
2019-07-24,3170.2019612935624
2019-07-25,3181.4274539912826
2019-07-26,3169.3278693789252
2019-07-29,3150.873340217115
2019-07-30,3153.262214034122
2019-07-31,3128.012985768088
2019-08-01,3094.488431609524
2019-08-02,3032.995907374802
2019-08-05,2939.175537933079
2019-08-06,2922.1642292541806
2019-08-07,2917.0293296008913
2019-08-08,2950.1079245650253
2019-08-09,2933.6003631778517
2019-08-12,2943.175610967443
2019-08-13,2909.1555185245293
2019-08-14,2929.874422367771
2019-08-15,2935.7176503938304
2019-08-16,2956.501452665662
2019-08-19,3005.0739843758183
2019-08-20,3004.336742840159
2019-08-21,3003.9157837849966
2019-08-22,2986.2822866230326
2019-08-23,2993.5609515798687
2019-08-26,2946.4452856069934
2019-08-27,2964.8204815227573
2019-08-28,2962.133921692295
2019-08-29,2968.6456425869033
2019-08-30,2994.1007455342874
2019-09-02,3002.0746573037054
2019-09-03,2980.167432578489
2019-09-04,3033.9829370913017
2019-09-05,3066.5631499739247
2019-09-06,3084.6845048759806
2019-09-09,3101.0659856086227
2019-09-10,3096.179727937203
2019-09-11,3108.6391673155317
2019-09-12,3128.805192859023
2019-09-13,3141.7199366719065
2019-09-16,3135.5884649182744
2019-09-17,3096.880257743581
2019-09-18,3107.17462544663
2019-09-19,3098.130245108584
2019-09-20,3115.79564211997
2019-09-23,3087.4451102316025
2019-09-24,3086.632700630099
2019-09-25,3060.15864338325
2019-09-26,3054.462144836962
2019-09-27,3041.9958012723646
2019-09-30,3035.5359937541707
2019-10-01,3034.0504490429294
2019-10-02,3019.994998276853
2019-10-03,3024.4321959763265
2019-10-04,3022.50029915661
2019-10-07,3020.8887535500367
2019-10-08,3031.503323724644
2019-10-09,3027.1697296208627
2019-10-10,3039.4052844803855
2019-10-11,3082.984508151788
2019-10-14,3117.2151114364765
2019-10-15,3113.6367179257045
2019-10-16,3119.8345720500947
2019-10-17,3130.233743955787
2019-10-18,3105.5281642314676
2019-10-21,3118.3685594398335
2019-10-22,3127.038867699945
2019-10-23,3111.9412746163634
2019-10-24,3125.7108428265706
2019-10-25,3130.717433186254
2019-10-28,3158.1397369841347
2019-10-29,3156.1799965735404
2019-10-30,3148.867863969798
2019-10-31,3158.6157212175667
2019-11-01,3185.779362441626
2019-11-04,3230.7158382646376
2019-11-05,3257.7283216090937
2019-11-06,3251.2040144920556
2019-11-07,3265.5457029593626
2019-11-08,3247.3866146644646
2019-11-11,3190.8572955473637
2019-11-12,3206.985931587508
2019-11-13,3174.458130857577
2019-11-14,3168.01208050533
2019-11-15,3174.128155394169
2019-11-18,3195.1480249613815
2019-11-19,3218.7953416123223
2019-11-20,3192.4864282663525
2019-11-21,3165.612445141887
2019-11-22,3164.041056059715
2019-11-25,3191.018535196356
2019-11-26,3190.391846900853
2019-11-27,3202.62833019106
2019-11-28,3192.9234142362434
2019-11-29,3155.2750957182584
2019-12-02,3157.1854762820967
2019-12-03,3154.9709459802452
2019-12-04,3137.9878565991344
2019-12-05,3167.1901536698174
2019-12-06,3188.026296170846
2019-12-09,3187.7453554211043
2019-12-10,3187.571392776783
2019-12-11,3203.2180468501733
2019-12-12,3230.045849289807
2019-12-13,3295.276308279383
2019-12-16,3296.6967925542103
2019-12-17,3341.6971556386443
2019-12-18,3346.991179469875
2019-12-19,3337.41498600528
2019-12-20,3336.9672132135142
2019-12-23,3329.351619493653
2019-12-24,3332.2504919735893
2019-12-25,3334.1484280795785
2019-12-26,3347.616280188236
2019-12-27,3366.469382460008
2019-12-30,3383.0462467647985
2019-12-31,3380.555990399322
2020-01-01,3380.88994494266
2020-01-02,3424.1881670221433
2020-01-03,3414.509162220406
2020-01-06,3388.69635838195
2020-01-07,3417.0948574069375
2020-01-08,3389.099407313856
2020-01-09,3450.6172202918724
2020-01-10,3461.3319651945935
2020-01-13,3506.8469193600504
2020-01-14,3504.7050157423287
2020-01-15,3489.276221926923
2020-01-16,3492.4936637428095
2020-01-17,3508.793938291435
2020-01-20,3511.390639118447
2020-01-21,3441.80328321193
2020-01-22,3465.849659788389
2020-01-23,3400.6345248692173
2020-01-24,3396.7054923989167
2020-01-27,3379.6136099802197
2020-01-28,3367.9078994628944
2020-01-29,3349.484723352748
2020-01-30,3287.134672138791
2020-01-31,3270.5276265529815
2020-02-03,3171.9811626540363
2020-02-04,3253.564579054464
2020-02-05,3275.31878807426
2020-02-06,3343.9684976834046
2020-02-07,3322.372086478766
2020-02-10,3320.555756430872
2020-02-11,3350.7695664201333
2020-02-12,3387.1055993232053
2020-02-13,3373.2664465298253
2020-02-14,3381.1977016915666
2020-02-17,3409.401852062123
2020-02-18,3376.3916480723246
2020-02-19,3389.68137623406
2020-02-20,3394.358337907984
2020-02-21,3367.66695960163
2020-02-24,3309.5000648343967
2020-02-25,3324.1384571680032
2020-02-26,3282.8283877449753
2020-02-27,3280.4308201742897
2020-02-28,3191.3831228536505
2020-03-02,3250.4207776435483
2020-03-03,3266.627996823222
2020-03-04,3302.8299369125366
2020-03-05,3350.1323139407646
2020-03-06,3278.9718433085445
2020-03-09,3131.1435689443033
2020-03-10,3186.4032040238335
2020-03-11,3143.317211669247
2020-03-12,3008.031089411824
2020-03-13,2986.806003383382
2020-03-16,2831.300051445066
2020-03-17,2808.218415183063
2020-03-18,2716.5230482875136
2020-03-19,2628.724371929879
2020-03-20,2742.9143079550818
2020-03-23,2598.8196645328267
2020-03-24,2719.0599895068526
2020-03-25,2819.123289811372
2020-03-26,2832.4704998690177
2020-03-27,2840.19127101174
2020-03-30,2797.917560364047
2020-03-31,2843.2568901000745
2020-04-01,2792.996028782386
2020-04-02,2831.2970861201634
2020-04-03,2814.8077821266293
2020-04-06,2860.155135009381
2020-04-07,2943.240078001428
2020-04-08,2920.325811969468
2020-04-09,2952.2604739816666
2020-04-10,2945.0568416693086
2020-04-13,2936.411004064464
2020-04-14,2983.397359902553
2020-04-15,2972.6356567507873
2020-04-16,2968.822517007797
2020-04-17,3018.3827597676677
2020-04-20,3020.2221408240666
2020-04-21,2960.8661246162546
2020-04-22,2988.122935895486
2020-04-23,2991.346280111908
2020-04-24,2959.210342134148
2020-04-27,3000.11977433971
2020-04-28,3015.186590903589
2020-04-29,3045.746444350629
2020-04-30,3082.4346520319755
2020-05-01,3068.691058317471
2020-05-04,2998.2037157531836
2020-05-05,3012.2405604878595
2020-05-06,3033.6993734956577
2020-05-07,3029.0790959813216
2020-05-08,3069.8622544575464
2020-05-11,3085.1089671967698
2020-05-12,3064.561327508348
2020-05-13,3073.9966055867885
2020-05-14,3040.1509837109725
2020-05-15,3040.179498027333
2020-05-18,3048.2300535620666
2020-05-19,3094.548869840461
2020-05-20,3094.6009503138266
2020-05-21,3080.941053545675
2020-05-22,2980.5164971345616
2020-05-25,2988.981080198435
2020-05-26,3037.5337832322957
2020-05-27,3024.2734735670147
2020-05-28,3017.6611018958715
2020-05-29,3042.0813258197554
2020-06-01,3120.157600132251
2020-06-02,3155.050097867774
2020-06-03,3197.704027026261
2020-06-04,3204.7750843969266
2020-06-05,3242.673483745096
2020-06-08,3253.5060334000586
2020-06-09,3267.7315371014374
2020-06-10,3287.310723883131
2020-06-11,3235.186340801462
2020-06-12,3223.074066704351
2020-06-15,3164.0316953357506
2020-06-16,3240.2045962004972
2020-06-17,3250.15061814783
2020-06-18,3263.9695456575782
2020-06-19,3290.0667298395238
2020-06-22,3288.573053998524
2020-06-23,3328.1187674340927
2020-06-24,3331.3759522465107
2020-06-25,3316.9746043634564
2020-06-26,3311.1123588884443
2020-06-29,3284.5329767372514
2020-06-30,3311.9426153419454
2020-07-01,3338.1610392449384
2020-07-02,3416.1612122307256
2020-07-03,3460.633240644803
2020-07-06,3593.133440949281
2020-07-07,3586.4626117319704
2020-07-08,3651.8726903055735
2020-07-09,3701.8194090651104
2020-07-10,3652.964091800029
2020-07-13,3690.553915830253
2020-07-14,3649.2249954852896
2020-07-15,3645.771467110036
2020-07-16,3532.5796210366916
2020-07-17,3562.654129396163
2020-07-20,3616.212903703616
2020-07-21,3669.115953636063
2020-07-22,3644.349538419759
2020-07-23,3654.138375297912
2020-07-24,3549.9663393690153
2020-07-27,3577.2641592253062
2020-07-28,3615.0945603818304
2020-07-29,3653.649199966458
2020-07-30,3644.9930969886486
2020-07-31,3658.9493940993857
2020-08-03,3682.3270165223107
2020-08-04,3718.6805713651665
2020-08-05,3753.1750285891044
2020-08-06,3764.633453788544
2020-08-07,3708.6928319967674
2020-08-10,3701.531942734184
2020-08-11,3704.0482253912337
2020-08-12,3703.7342661474536
2020-08-13,3707.724836085521
2020-08-14,3715.190933469223
2020-08-17,3764.98512032047
2020-08-18,3776.604835500495
2020-08-19,3745.9938440730966
2020-08-20,3686.6606074298447
2020-08-21,3730.0849868276023
2020-08-24,3779.877456411353
2020-08-25,3797.7787055991557
2020-08-26,3795.854006837041
2020-08-27,3801.240838873013
2020-08-28,3839.12852186288
2020-08-31,3795.788795232197
2020-09-01,3844.2816819743193
2020-09-02,3846.295136150677
2020-09-03,3813.1827565363933
2020-09-04,3773.180532775651
2020-09-07,3735.861733686456
2020-09-08,3729.519764855584
2020-09-09,3682.913299270814
2020-09-10,3677.8977537994583
2020-09-11,3709.2010311316503
2020-09-14,3746.382237115379
2020-09-15,3784.2063443716147
2020-09-16,3790.775831587765
2020-09-17,3759.6180618657263
2020-09-18,3796.9435476012586
2020-09-21,3755.3240361454355
2020-09-22,3713.983325317295
2020-09-23,3713.9690772315325
2020-09-24,3628.2979829995693
2020-09-25,3637.738599043574
2020-09-28,3664.557029092705
2020-09-29,3668.4714218316017
2020-09-30,3697.4575453152875
2020-10-01,3704.9269039732494
2020-10-02,3699.2414356200393
2020-10-05,3722.4959590505982
2020-10-06,3749.355215651039
2020-10-07,3770.7210676940435
2020-10-08,3787.640925284696
2020-10-09,3838.598018150608
2020-10-12,3910.4917076116512
2020-10-13,3914.5959940543717
2020-10-14,3900.640210224067
2020-10-15,3861.9526550570317
2020-10-16,3874.325126926802
2020-10-19,3872.116391115677
2020-10-20,3897.792036009687
2020-10-21,3904.946029378679
2020-10-22,3892.593637720044
2020-10-23,3875.1411126711423
2020-10-26,3856.7938984629336
2020-10-27,3867.049636897836
2020-10-28,3862.136902465697
2020-10-29,3872.754557034188
2020-10-30,3809.419885530176
2020-11-02,3843.800384373916
2020-11-03,3873.1377036949907
2020-11-04,3906.0849504827816
2020-11-05,4006.272961714365
2020-11-06,4027.76646642432
2020-11-09,4085.4588996050097
2020-11-10,4046.83176074143
2020-11-11,4027.237269462461
2020-11-12,4037.0195578293205
2020-11-13,4045.8193165780804
2020-11-16,4096.434453422424
2020-11-17,4091.2591314437323
2020-11-18,4104.751353275991
2020-11-19,4091.3467732807153
2020-11-20,4125.826695770158
2020-11-23,4166.924198933449
2020-11-24,4167.9877407961385
2020-11-25,4123.981915205739
2020-11-26,4151.831890112492
2020-11-27,4167.879079362084
2020-11-30,4100.816483773503
2020-12-01,4165.5270417154725
2020-12-02,4174.71576042511
2020-12-03,4197.788306228794
2020-12-04,4235.630618710137
2020-12-07,4225.378638198691
2020-12-08,4225.962297744588
2020-12-09,4213.999333932525
2020-12-10,4203.88995990121
2020-12-11,4198.4155571027395
2020-12-14,4198.128699813739
2020-12-15,4193.097642635012
2020-12-16,4228.9882268299425
2020-12-17,4259.8220669637185
2020-12-18,4243.278155514258
2020-12-21,4247.221883652676
2020-12-22,4195.178963979432
2020-12-23,4231.997917305481
2020-12-24,4216.510680395101
2020-12-25,4232.728421506423
2020-12-28,4230.966878762905
2020-12-29,4259.332605596434
2020-12-30,4340.95728749907
2020-12-31,4372.396403280173
