Date,ACWI ex PERU
1998-12-31,1000.0
1999-01-01,1000.0002003023734
1999-01-04,1010.4539169061526
1999-01-05,1020.7218534657779
1999-01-06,1040.1759789600185
1999-01-07,1037.4261117020756
1999-01-08,1036.368974731911
1999-01-11,1027.1975676125835
1999-01-12,1009.5421307705814
1999-01-13,994.4191021768023
1999-01-14,987.2025018953891
1999-01-15,1002.9256801053239
1999-01-18,1011.7773062044223
1999-01-19,1014.1682600505096
1999-01-20,1020.472521402719
1999-01-21,1008.2277272563565
1999-01-22,992.6061898174795
1999-01-25,996.7459563822023
1999-01-26,1007.0746781087599
1999-01-27,1003.4193434718244
1999-01-28,1012.2173797661793
1999-01-29,1019.7543841677681
1999-02-01,1021.6461452903005
1999-02-02,1017.5699240401781
1999-02-03,1016.2707151179463
1999-02-04,1004.6852569409409
1999-02-05,997.5979345733642
1999-02-08,995.9647818293963
1999-02-09,977.6399290307864
1999-02-10,978.5792651564699
1999-02-11,995.4335817149384
1999-02-12,990.5355504286989
1999-02-15,990.5332157294962
1999-02-16,993.4942792736906
1999-02-17,984.5802138291169
1999-02-18,988.8633404738447
1999-02-19,987.7012569612806
1999-02-22,1004.2251626688411
1999-02-23,1006.9696898659297
1999-02-24,1002.1418229823587
1999-02-25,998.0998342941151
1999-02-26,993.5862940702333
1999-03-01,986.5773979715428
1999-03-02,981.5846616053901
1999-03-03,979.4307049914967
1999-03-04,986.3228811124358
1999-03-05,1010.5364810497158
1999-03-08,1014.4867480288118
1999-03-09,1017.4340571980217
1999-03-10,1025.7520043903835
1999-03-11,1032.3367530732653
1999-03-12,1035.7887711196483
1999-03-15,1043.0353962893444
1999-03-16,1045.6669792720988
1999-03-17,1043.6784127039516
1999-03-18,1047.1570878925725
1999-03-19,1047.228449765909
1999-03-22,1043.2846065486372
1999-03-23,1022.4244809786162
1999-03-24,1019.5629104304293
1999-03-25,1034.4816482867718
1999-03-26,1026.6948736794936
1999-03-29,1041.945448855105
1999-03-30,1039.3123864838772
1999-03-31,1038.8073136381954
1999-04-01,1045.1717326849375
1999-04-02,1044.3998959046694
1999-04-05,1053.4655908457398
1999-04-06,1059.9693675797241
1999-04-07,1067.521255419222
1999-04-08,1079.7205185713635
1999-04-09,1080.970808614885
1999-04-12,1085.1560954047152
1999-04-13,1085.6810763984793
1999-04-14,1079.4076623167684
1999-04-15,1072.1311173662523
1999-04-16,1071.8677722671516
1999-04-19,1062.8855995849426
1999-04-20,1061.587103713374
1999-04-21,1071.8998207719249
1999-04-22,1084.292334424428
1999-04-23,1086.8745763178822
1999-04-26,1090.896788528766
1999-04-27,1098.2547423828908
1999-04-28,1092.7475509511733
1999-04-29,1085.9633296332781
1999-04-30,1083.2699220128895
1999-05-03,1092.1880523826096
1999-05-04,1084.6082794012725
1999-05-05,1088.3276742600237
1999-05-06,1089.4834749280585
1999-05-07,1090.2988238882185
1999-05-10,1090.5030224794502
1999-05-11,1092.7058548707867
1999-05-12,1092.1726128782013
1999-05-13,1093.9289392978071
1999-05-14,1076.3327995785235
1999-05-17,1067.173180427478
1999-05-18,1068.809289396246
1999-05-19,1073.0549230944046
1999-05-20,1073.3134049130806
1999-05-21,1067.587992957391
1999-05-24,1057.019995373083
1999-05-25,1043.9603156917874
1999-05-26,1049.8004340382763
1999-05-27,1035.9468573174659
1999-05-28,1044.8557197442767
1999-05-31,1045.3907145081287
1999-06-01,1045.856650412119
1999-06-02,1047.7542295670642
1999-06-03,1051.0766203350452
1999-06-04,1064.9778592953473
1999-06-07,1072.8170763837063
1999-06-08,1071.8370525181344
1999-06-09,1074.5165338875534
1999-06-10,1068.8229670032488
1999-06-11,1070.5528781735577
1999-06-14,1064.1391516613323
1999-06-15,1067.3801152924514
1999-06-16,1081.1754291412446
1999-06-17,1089.3847622496626
1999-06-18,1092.529599668907
1999-06-21,1098.2616660593562
1999-06-22,1092.666250688773
1999-06-23,1084.9569789335546
1999-06-24,1075.1767699999016
1999-06-25,1077.2279004011953
1999-06-28,1083.7038489797
1999-06-29,1091.8444371959847
1999-06-30,1097.5632268914442
1999-07-01,1110.9952023399428
1999-07-02,1119.2951290937006
1999-07-05,1127.4462634627214
1999-07-06,1124.352242215211
1999-07-07,1122.4801719210855
1999-07-08,1118.6037270803756
1999-07-09,1122.4461235449708
1999-07-12,1121.0856043323192
1999-07-13,1115.5482299999057
1999-07-14,1120.8935703350312
1999-07-15,1132.4470259691977
1999-07-16,1132.9981202494034
1999-07-19,1129.7802836988924
1999-07-20,1116.661984552596
1999-07-21,1114.5123757904378
1999-07-22,1102.0484109572208
1999-07-23,1092.8304230950191
1999-07-26,1089.077570891811
1999-07-27,1096.5440720824372
1999-07-28,1101.3076000941762
1999-07-29,1090.1174194944747
1999-07-30,1092.3688442018527
1999-08-02,1088.9975019888273
1999-08-03,1086.7468410557767
1999-08-04,1080.2973810471622
1999-08-05,1074.4748292547054
1999-08-06,1066.5966880458247
1999-08-09,1064.49765453686
1999-08-10,1054.349227816819
1999-08-11,1061.293812086495
1999-08-12,1068.1705250892742
1999-08-13,1083.168477629326
1999-08-16,1090.688281788784
1999-08-17,1094.6606208935661
1999-08-18,1092.9662618123966
1999-08-19,1088.7550843761942
1999-08-20,1101.7225474765405
1999-08-23,1117.4924053872883
1999-08-24,1116.5733955444534
1999-08-25,1125.289042144155
1999-08-26,1114.419380377138
1999-08-27,1109.149319578218
1999-08-30,1100.9680384116655
1999-08-31,1091.0523035434705
1999-09-01,1102.4737535557354
1999-09-02,1095.903065206698
1999-09-03,1114.9389537240972
1999-09-06,1120.0469336434305
1999-09-07,1113.8586490659927
1999-09-08,1110.400812059328
1999-09-09,1118.5048588781979
1999-09-10,1118.7999792971546
1999-09-13,1115.8336753236822
1999-09-14,1111.5268556118324
1999-09-15,1101.9675483972987
1999-09-16,1095.7506142651682
1999-09-17,1101.1042080790144
1999-09-20,1104.9673908301922
1999-09-21,1095.4736677411704
1999-09-22,1090.4518082110922
1999-09-23,1078.5553803664754
1999-09-24,1069.7979175220805
1999-09-27,1072.803354948649
1999-09-28,1074.7030722969973
1999-09-29,1068.1841447265876
1999-09-30,1078.9755097176674
1999-10-01,1080.328013549223
1999-10-04,1091.8552826338102
1999-10-05,1091.4884261841887
1999-10-06,1103.6313457814078
1999-10-07,1106.6027757416814
1999-10-08,1112.0250498439225
1999-10-11,1113.901619792053
1999-10-12,1104.4612953855494
1999-10-13,1086.3484580779354
1999-10-14,1086.7065278907467
1999-10-15,1066.5680305192157
1999-10-18,1060.5827406671183
1999-10-19,1069.9628656703
1999-10-20,1083.9874146035622
1999-10-21,1081.4566622817654
1999-10-22,1093.012949363706
1999-10-25,1089.9113176056835
1999-10-26,1087.6891995242206
1999-10-27,1089.1677294615963
1999-10-28,1112.3589050996368
1999-10-29,1132.8540613792225
1999-11-01,1129.6240016184079
1999-11-02,1127.7522765647918
1999-11-03,1131.1662767226758
1999-11-04,1139.6282583695004
1999-11-05,1140.7306420460056
1999-11-08,1142.423630701813
1999-11-09,1141.263082051872
1999-11-10,1149.5704602921755
1999-11-11,1156.2425382616884
1999-11-12,1159.972479815495
1999-11-15,1162.118510809666
1999-11-16,1172.973002077997
1999-11-17,1172.7377697078305
1999-11-18,1182.0435571912376
1999-11-19,1181.8342897210377
1999-11-22,1182.288513464999
1999-11-23,1178.9021622561343
1999-11-24,1179.5259515220491
1999-11-25,1185.413387785453
1999-11-26,1189.3426959730436
1999-11-29,1184.8632034310895
1999-11-30,1167.6151715365663
1999-12-01,1175.4776477309363
1999-12-02,1180.8963614411778
1999-12-03,1198.7618561403183
1999-12-06,1203.0306023111123
1999-12-07,1201.5122101437114
1999-12-08,1197.3524449807792
1999-12-09,1201.0822461815278
1999-12-10,1205.4180540618493
1999-12-13,1204.2949901755264
1999-12-14,1196.2495004894206
1999-12-15,1196.944662475762
1999-12-16,1206.5590571301066
1999-12-17,1210.3273802009967
1999-12-20,1214.13194552921
1999-12-21,1218.440985570763
1999-12-22,1227.6089545620914
1999-12-23,1244.7779649745507
1999-12-24,1248.3370195669725
1999-12-27,1246.26538834062
1999-12-28,1250.5780929429227
1999-12-29,1256.3631684979564
1999-12-30,1262.6049053824754
1999-12-31,1264.3391540352245
2000-01-03,1266.4406395168119
2000-01-04,1229.9888880861813
2000-01-05,1212.9494962209499
2000-01-06,1199.286885473159
2000-01-07,1226.9744532255581
2000-01-10,1241.779806638728
2000-01-11,1236.6324403015728
2000-01-12,1229.91876443891
2000-01-13,1241.274460839272
2000-01-14,1252.2616922188063
2000-01-17,1258.6131715149181
2000-01-18,1244.2690597140222
2000-01-19,1238.2623033993434
2000-01-20,1233.6034377298733
2000-01-21,1229.583448317846
2000-01-24,1213.2457544878384
2000-01-25,1208.533464783744
2000-01-26,1210.9600008859761
2000-01-27,1212.5546897657982
2000-01-28,1193.0122538143703
2000-01-31,1195.2322612284845
2000-02-01,1204.7130291991625
2000-02-02,1211.6035687592837
2000-02-03,1231.9125740972695
2000-02-04,1234.473196943826
2000-02-07,1230.284871395748
2000-02-08,1245.1961164995948
2000-02-09,1236.665730946126
2000-02-10,1235.6118539799497
2000-02-11,1223.0268364992662
2000-02-14,1217.5884145583889
2000-02-15,1212.1820341203204
2000-02-16,1209.4066452561449
2000-02-17,1215.489218490729
2000-02-18,1195.0498656065304
2000-02-21,1186.3393134164978
2000-02-22,1191.1243342979772
2000-02-23,1201.3503082671593
2000-02-24,1198.0304076741984
2000-02-25,1192.4241506989151
2000-02-28,1190.1434498035203
2000-02-29,1198.8663434930959
2000-03-01,1216.1110766765978
2000-03-02,1226.9249731199563
2000-03-03,1238.064494977908
2000-03-06,1231.3789013212145
2000-03-07,1214.856279695526
2000-03-08,1213.5599700022149
2000-03-09,1231.8004664271505
2000-03-10,1230.0073992764057
2000-03-13,1211.1380252510057
2000-03-14,1201.4680510923247
2000-03-15,1205.8974836946213
2000-03-16,1243.6309986349654
2000-03-17,1249.7406015871006
2000-03-20,1251.683324378828
2000-03-21,1268.7553283428415
2000-03-22,1268.7359401404653
2000-03-23,1282.3528613902622
2000-03-24,1292.8084959243602
2000-03-27,1294.2397670943437
2000-03-28,1291.5753977266115
2000-03-29,1289.6814079967494
2000-03-30,1267.8977950532646
2000-03-31,1277.9699384752541
2000-04-03,1273.220324158401
2000-04-04,1267.2299842105358
2000-04-05,1258.513251289196
2000-04-06,1267.7149198995446
2000-04-07,1278.8999217275605
2000-04-10,1276.9918975362368
2000-04-11,1266.2226586314823
2000-04-12,1251.9805614570098
2000-04-13,1235.2548375153199
2000-04-14,1187.4892473496454
2000-04-17,1187.479431057842
2000-04-18,1212.0015286280275
2000-04-19,1208.2398459844699
2000-04-20,1213.7485301226127
2000-04-21,1213.538141677829
2000-04-24,1213.2114726994146
2000-04-25,1231.6978988371122
2000-04-26,1227.8153988281358
2000-04-27,1219.447266300212
2000-04-28,1220.3813142528827
2000-05-01,1228.4646475108862
2000-05-02,1227.4177953206724
2000-05-03,1200.958788196597
2000-05-04,1198.8793314249363
2000-05-05,1209.1198255505724
2000-05-08,1201.1736633848634
2000-05-09,1190.475136757876
2000-05-10,1173.978840810171
2000-05-11,1182.8150443031718
2000-05-12,1197.548265353814
2000-05-15,1208.9220179347762
2000-05-16,1219.9295591889188
2000-05-17,1198.8088154803793
2000-05-18,1193.7300160767595
2000-05-19,1171.0350399852368
2000-05-22,1159.4659293976006
2000-05-23,1152.6133544579357
2000-05-24,1156.9339611467408
2000-05-25,1157.8817898432837
2000-05-26,1159.0921950888796
2000-05-29,1164.2989001410995
2000-05-30,1191.407609127858
2000-05-31,1189.237378413481
2000-06-01,1208.3246763021698
2000-06-02,1239.0681227645316
2000-06-05,1238.333617030988
2000-06-06,1239.2502125868464
2000-06-07,1240.8358383693153
2000-06-08,1235.1806317938722
2000-06-09,1231.168671715185
2000-06-12,1228.7339699854192
2000-06-13,1236.8982725759424
2000-06-14,1239.8189001115766
2000-06-15,1234.8904338541965
2000-06-16,1230.8379941649828
2000-06-19,1241.1380921387283
2000-06-20,1242.9221202701535
2000-06-21,1239.7773525349432
2000-06-22,1226.1120117532114
2000-06-23,1217.9292711299136
2000-06-26,1219.815673537498
2000-06-27,1221.625590209907
2000-06-28,1227.692975655558
2000-06-29,1218.8627156692648
2000-06-30,1229.1509253105262
2000-07-03,1239.3204206222622
2000-07-04,1238.7638534412413
2000-07-05,1229.246417488722
2000-07-06,1231.1038717684385
2000-07-07,1244.4300878700171
2000-07-10,1246.234522290184
2000-07-11,1245.7566925315598
2000-07-12,1249.7313100959973
2000-07-13,1246.1405043540562
2000-07-14,1253.6241712882186
2000-07-17,1254.9293496996493
2000-07-18,1240.123867855253
2000-07-19,1232.46898043769
2000-07-20,1240.7608674102785
2000-07-21,1229.224191087138
2000-07-24,1221.077598127563
2000-07-25,1224.6755720613676
2000-07-26,1216.1737989353608
2000-07-27,1206.9765078684113
2000-07-28,1185.3062760188611
2000-07-31,1192.3398206093011
2000-08-01,1197.70308816682
2000-08-02,1195.832908067504
2000-08-03,1191.686052114845
2000-08-04,1199.4971955457802
2000-08-07,1208.8988554150706
2000-08-08,1208.1527794581334
2000-08-09,1208.7804227806444
2000-08-10,1206.8972806324325
2000-08-11,1210.2888900520172
2000-08-14,1220.8085784440416
2000-08-15,1222.3510782664907
2000-08-16,1223.398523838443
2000-08-17,1226.26239183831
2000-08-18,1222.5063367511088
2000-08-21,1222.5529814763413
2000-08-22,1222.9696870581784
2000-08-23,1225.5081128597178
2000-08-24,1228.962300662306
2000-08-25,1232.819446485413
2000-08-28,1236.6605745790469
2000-08-29,1232.8546933572954
2000-08-30,1225.355077269417
2000-08-31,1229.5750242232161
2000-09-01,1242.5012408729945
2000-09-04,1245.8978696072684
2000-09-05,1230.4692383070635
2000-09-06,1216.7725711150633
2000-09-07,1217.1514747893827
2000-09-08,1206.9684099446608
2000-09-11,1199.0110706711125
2000-09-12,1191.1388052621248
2000-09-13,1190.7948796933342
2000-09-14,1191.1025792552023
2000-09-15,1181.8076820565927
2000-09-18,1164.1599870198395
2000-09-19,1170.8338824213438
2000-09-20,1164.8156103753934
2000-09-21,1159.5758647208265
2000-09-22,1163.4507547087817
2000-09-25,1163.6339719104108
2000-09-26,1156.7763514322396
2000-09-27,1155.006882691969
2000-09-28,1167.6043270126668
2000-09-29,1161.640207099099
2000-10-02,1162.5423379525416
2000-10-03,1158.9151166321456
2000-10-04,1159.9832960101332
2000-10-05,1161.7407510045007
2000-10-06,1148.144482493632
2000-10-09,1136.1786062465953
2000-10-10,1129.9191529622162
2000-10-11,1109.8188166655555
2000-10-12,1091.1731536584448
2000-10-13,1108.8274838054429
2000-10-16,1107.6112937340015
2000-10-17,1091.685483281241
2000-10-18,1081.3678145484735
2000-10-19,1105.1057113914783
2000-10-20,1113.2950444951036
2000-10-23,1115.0296407878789
2000-10-24,1123.4635318058004
2000-10-25,1103.1223625076307
2000-10-26,1100.603284200295
2000-10-27,1114.1166729772237
2000-10-30,1120.2792404989018
2000-10-31,1138.2632756117941
2000-11-01,1144.275021788477
2000-11-02,1149.2513566667467
2000-11-03,1151.7008222491077
2000-11-06,1155.4392160690904
2000-11-07,1154.9679872853108
2000-11-08,1142.5851913626375
2000-11-09,1133.7685941730358
2000-11-10,1114.6328106546566
2000-11-13,1098.5043588518108
2000-11-14,1119.1892447736295
2000-11-15,1124.0383202232695
2000-11-16,1110.0886223528546
2000-11-17,1105.8842316513867
2000-11-20,1086.1708222815564
2000-11-21,1086.337517006738
2000-11-22,1065.4378892739219
2000-11-23,1066.6932236015368
2000-11-24,1079.1031751694784
2000-11-27,1090.648516586362
2000-11-28,1081.3674223717417
2000-11-29,1081.5752776960903
2000-11-30,1067.4078962572225
2000-12-01,1074.2056501467252
2000-12-04,1078.8268915069114
2000-12-05,1107.5118239656258
2000-12-06,1098.505181435683
2000-12-07,1093.5066390893098
2000-12-08,1106.8382255939268
2000-12-11,1118.9995559387758
2000-12-12,1113.7590637789667
2000-12-13,1106.8797442222958
2000-12-14,1096.3932572785066
2000-12-15,1077.187553478734
2000-12-18,1082.030101506647
2000-12-19,1073.8569786665983
2000-12-20,1047.9040677480084
2000-12-21,1048.2196566646182
2000-12-22,1064.3338948309386
2000-12-25,1067.707145927546
2000-12-26,1071.6568901091046
2000-12-27,1082.2493982664055
2000-12-28,1085.2331701751357
2000-12-29,1084.6507286054648
2001-01-01,1084.597181709532
2001-01-02,1068.3259237503373
2001-01-03,1090.3598554756759
2001-01-04,1092.0070029959481
2001-01-05,1078.9434267180584
2001-01-08,1075.0808421656452
2001-01-09,1070.172926621732
2001-01-10,1071.5950994810996
2001-01-11,1080.8423118658773
2001-01-12,1080.3106928570232
2001-01-15,1079.4179609579753
2001-01-16,1081.1547217661273
2001-01-17,1087.746149434674
2001-01-18,1100.6218512980927
2001-01-19,1098.0586777366354
2001-01-22,1098.2438379245275
2001-01-23,1105.6347657471429
2001-01-24,1104.0313991945097
2001-01-25,1101.9596132094382
2001-01-26,1100.055034262849
2001-01-29,1103.7596243840846
2001-01-30,1110.392691809936
2001-01-31,1111.9532620439722
2001-02-01,1115.9425294675154
2001-02-02,1099.559770701502
2001-02-05,1100.7170635767109
2001-02-06,1098.8582957462793
2001-02-07,1088.7597271698212
2001-02-08,1079.6353934288632
2001-02-09,1068.4824496263077
2001-02-12,1079.838495140042
2001-02-13,1072.4487679785213
2001-02-14,1066.1181465623315
2001-02-15,1070.8342802171512
2001-02-16,1056.820887876091
2001-02-19,1055.6404473247721
2001-02-20,1041.2387701968219
2001-02-21,1026.737802944033
2001-02-22,1022.368531757985
2001-02-23,1015.2388272626564
2001-02-26,1028.7052006675394
2001-02-27,1027.6666637251353
2001-02-28,1018.2511820808784
2001-03-01,1017.4192037447617
2001-03-02,1011.0738231109755
2001-03-05,1015.866435018805
2001-03-06,1027.8119605442307
2001-03-07,1030.5990173410773
2001-03-08,1031.5477545180959
2001-03-09,1014.6990047021263
2001-03-12,978.432427453463
2001-03-13,976.3054759878636
2001-03-14,955.1857314612087
2001-03-15,962.7939569354901
2001-03-16,941.5575264203964
2001-03-19,948.6590437074461
2001-03-20,942.3972676765483
2001-03-21,931.7843692475549
2001-03-22,909.5568668782012
2001-03-23,931.0924253032088
2001-03-26,952.3854163355369
2001-03-27,971.5331875582577
2001-03-28,953.8286924253382
2001-03-29,944.2928830341945
2001-03-30,949.3687642047162
2001-04-02,939.4540461794743
2001-04-03,916.363451737438
2001-04-04,921.6692773244181
2001-04-05,948.9083200916353
2001-04-06,941.4700295569958
2001-04-09,945.391827589093
2001-04-10,960.5807599944233
2001-04-11,961.5378495933982
2001-04-12,973.1195405337866
2001-04-13,972.7483229226432
2001-04-16,967.4130812063415
2001-04-17,970.4779839959742
2001-04-18,999.9392470037105
2001-04-19,1014.5890328669774
2001-04-20,1009.9665635260651
2001-04-23,998.3259954873996
2001-04-24,991.5089640639886
2001-04-25,1001.3501130260784
2001-04-26,1008.8878908319613
2001-04-27,1017.25604729206
2001-04-30,1018.1424885539403
2001-05-01,1030.8619535808084
2001-05-02,1032.2137940016366
2001-05-03,1019.9797879712211
2001-05-04,1029.5355403617941
2001-05-07,1030.0146577452874
2001-05-08,1023.9091845252359
2001-05-09,1017.9731841350308
2001-05-10,1022.1653510286242
2001-05-11,1014.3846038820478
2001-05-14,1007.3487165381316
2001-05-15,1012.6361628966282
2001-05-16,1027.6326822284257
2001-05-17,1034.8920585057704
2001-05-18,1035.544150642081
2001-05-21,1046.6476199069689
2001-05-22,1045.1271016468547
2001-05-23,1034.550770671068
2001-05-24,1034.9634686893864
2001-05-25,1025.8001152524964
2001-05-28,1025.9656486929125
2001-05-29,1019.55396398431
2001-05-30,1005.7518575972125
2001-05-31,1006.1826705976199
2001-06-01,1007.384509882804
2001-06-04,1011.8514589134099
2001-06-05,1020.3162553366826
2001-06-06,1012.6268121320375
2001-06-07,1016.4641463636826
2001-06-08,1010.905835621954
2001-06-11,1000.1646831996466
2001-06-12,994.1437370880848
2001-06-13,991.821204614334
2001-06-14,981.8170494122265
2001-06-15,975.8604796866716
2001-06-18,968.6215509768689
2001-06-19,969.738402692439
2001-06-20,971.762212760217
2001-06-21,979.6493180668322
2001-06-22,977.1903445968568
2001-06-25,975.188452885567
2001-06-26,969.5872891574337
2001-06-27,966.1599489663662
2001-06-28,971.1697021141595
2001-06-29,974.778735481049
2001-07-02,984.3150068537822
2001-07-03,979.8866667130213
2001-07-04,976.3538226225888
2001-07-05,963.1686226342786
2001-07-06,944.590130676495
2001-07-09,948.8271385352513
2001-07-10,943.1734067922051
2001-07-11,938.7334201911019
2001-07-12,953.5815854369274
2001-07-13,957.0018202096738
2001-07-16,950.9421905505436
2001-07-17,951.2237421630392
2001-07-18,949.438666714933
2001-07-19,956.5353313303532
2001-07-20,953.4878666770576
2001-07-23,941.5297227817017
2001-07-24,932.4137591655427
2001-07-25,938.7821520507151
2001-07-26,944.8797358138166
2001-07-27,949.7077411653673
2001-07-30,951.2340888931708
2001-07-31,959.4970840345964
2001-08-01,965.0004786312596
2001-08-02,971.8370626732874
2001-08-03,966.6376358102696
2001-08-06,958.8257538399239
2001-08-07,960.5867931275759
2001-08-08,948.0665145634375
2001-08-09,943.1926720269574
2001-08-10,946.5038926546032
2001-08-13,947.4578504142657
2001-08-14,951.8517384367055
2001-08-15,951.920861669531
2001-08-16,949.0418434451238
2001-08-17,936.1233765188406
2001-08-20,936.7632100198879
2001-08-21,934.8850829351383
2001-08-22,940.9323180449325
2001-08-23,936.4923941074379
2001-08-24,950.1922897777531
2001-08-27,948.5703684688724
2001-08-28,936.9000514731554
2001-08-29,929.6594126906858
2001-08-30,913.5362325828619
2001-08-31,915.0741920705618
2001-09-03,908.8648273243092
2001-09-04,911.3177114566744
2001-09-05,904.4815810249644
2001-09-06,887.5124704120619
2001-09-07,875.2476266755835
2001-09-10,872.0257341674479
2001-09-11,858.1424709027873
2001-09-12,853.3067453187222
2001-09-13,857.3176322883772
2001-09-14,849.3493932856894
2001-09-17,827.1098943326908
2001-09-18,823.9418351595867
2001-09-19,816.2534528186708
2001-09-20,791.0230273624812
2001-09-21,770.4410674816445
2001-09-24,798.3111181024481
2001-09-25,807.4531313207738
2001-09-26,807.1736884265102
2001-09-27,813.9585864232321
2001-09-28,831.2576248705378
2001-10-01,827.6260351056269
2001-10-02,836.1757452494011
2001-10-03,844.8584245503118
2001-10-04,853.1482551863467
2001-10-05,854.34808594845
2001-10-08,850.2044426226638
2001-10-09,845.4262807047639
2001-10-10,859.1387771243626
2001-10-11,870.3219732895038
2001-10-12,869.2976124561083
2001-10-15,862.9840997386198
2001-10-16,869.5875659451464
2001-10-17,867.4351795871738
2001-10-18,856.6068128921228
2001-10-19,853.3790054342892
2001-10-22,862.382028914362
2001-10-23,867.0938945911671
2001-10-24,869.2616355765418
2001-10-25,871.9879347881068
2001-10-26,877.8212735316721
2001-10-29,862.8945969352734
2001-10-30,848.4811864013872
2001-10-31,848.787024892095
2001-11-01,862.8327247065137
2001-11-02,864.3760694306188
2001-11-05,875.739627613697
2001-11-06,884.3537944074106
2001-11-07,883.4109062959232
2001-11-08,889.8661030411407
2001-11-09,887.9824814303748
2001-11-12,880.6494465014639
2001-11-13,892.912063001839
2001-11-14,895.9459566634325
2001-11-15,899.150295816343
2001-11-16,900.8805711035383
2001-11-19,909.4696559016626
2001-11-20,903.0344643572693
2001-11-21,898.3012996191123
2001-11-22,901.3158478734659
2001-11-23,904.9942516271486
2001-11-26,911.0328671205234
2001-11-27,905.0242663711541
2001-11-28,891.6176184288596
2001-11-29,896.0639345747468
2001-11-30,900.7417361468489
2001-12-03,892.0163026695267
2001-12-04,902.2805938751059
2001-12-05,923.1970967213022
2001-12-06,925.0767979187309
2001-12-07,917.3792482286148
2001-12-10,902.1375982186174
2001-12-11,899.9716216726645
2001-12-12,902.1295028825465
2001-12-13,887.662320050101
2001-12-14,887.1865756192275
2001-12-17,897.4500739938494
2001-12-18,901.0225135572763
2001-12-19,901.154623346834
2001-12-20,895.6313889932353
2001-12-21,897.7130036172221
2001-12-24,895.829853654718
2001-12-25,895.7560947408648
2001-12-26,897.724912288326
2001-12-27,908.5361758490322
2001-12-28,912.5659612085609
2001-12-31,908.9827870874984
2002-01-01,908.9892872684954
2002-01-02,912.6096129253365
2002-01-03,922.4836152868803
2002-01-04,928.2871333682522
2002-01-07,922.6423160892764
2002-01-08,915.649867302393
2002-01-09,912.1115863049779
2002-01-10,909.2573724817144
2002-01-11,904.6863854404983
2002-01-14,896.9970244740317
2002-01-15,900.097436880454
2002-01-16,886.8353392649452
2002-01-17,893.973663980585
2002-01-18,889.4364307002204
2002-01-21,888.4226852797053
2002-01-22,882.302539440835
2002-01-23,887.6267176232753
2002-01-24,891.9405748210513
2002-01-25,888.7531949824796
2002-01-28,891.0790924695553
2002-01-29,872.2603697650376
2002-01-30,872.4338234354991
2002-01-31,883.8713515641145
2002-02-01,879.4698963456683
2002-02-04,865.2541648683854
2002-02-05,858.4099913494005
2002-02-06,853.2127682026469
2002-02-07,854.9036025991253
2002-02-08,863.4387806351627
2002-02-11,874.6692909198276
2002-02-12,873.9370650428084
2002-02-13,880.3785175455965
2002-02-14,883.4493423347046
2002-02-15,875.9710096157662
2002-02-18,873.9405949954277
2002-02-19,858.4905115893317
2002-02-20,861.6828592412818
2002-02-21,858.4549787527051
2002-02-22,861.6767526099393
2002-02-25,871.9580855623093
2002-02-26,872.6557420554988
2002-02-27,877.9649460759866
2002-02-28,877.0976127398657
2002-03-01,893.2225584652564
2002-03-04,915.3711159914752
2002-03-05,911.0099984774347
2002-03-06,921.2810457254792
2002-03-07,926.0677202876022
2002-03-08,929.1756034675168
2002-03-11,931.0428560762458
2002-03-12,924.0950942287312
2002-03-13,917.7443313094109
2002-03-14,920.5178905888979
2002-03-15,929.4374848483515
2002-03-18,928.4942141960227
2002-03-19,933.4579782712117
2002-03-20,922.4309074221042
2002-03-21,921.3389668364773
2002-03-22,918.0848025766252
2002-03-25,907.1952960133184
2002-03-26,910.0406511284438
2002-03-27,913.1250427150603
2002-03-28,918.0663197178555
2002-03-29,916.3878541802529
2002-04-01,917.5085016043184
2002-04-02,913.346244063083
2002-04-03,909.2288656887845
2002-04-04,907.9840708657467
2002-04-05,905.9226587682487
2002-04-08,901.565023478741
2002-04-09,897.5398331341718
2002-04-10,906.5191633774945
2002-04-11,890.6043100190058
2002-04-12,893.1556448880978
2002-04-15,892.9118099506074
2002-04-16,910.6537143942666
2002-04-17,913.8047240918625
2002-04-18,913.0418571478432
2002-04-19,912.8336144107284
2002-04-22,904.307525233116
2002-04-23,900.2904201669522
2002-04-24,896.6698463279806
2002-04-25,895.5968141384861
2002-04-26,886.9772490133531
2002-04-29,880.9922229379988
2002-04-30,887.0026705550092
2002-05-01,893.0910254338982
2002-05-02,890.9201834551749
2002-05-03,887.5479929752144
2002-05-06,877.1869915293939
2002-05-07,870.6512565781437
2002-05-08,894.2733862911555
2002-05-09,886.5475873294237
2002-05-10,876.9900402717019
2002-05-13,886.7634573630537
2002-05-14,897.1439370883521
2002-05-15,900.4931236907823
2002-05-16,904.5578481170646
2002-05-17,912.4399516669318
2002-05-20,904.8141287300841
2002-05-21,898.0827672674383
2002-05-22,900.7275898889505
2002-05-23,904.0746248376099
2002-05-24,899.615364071015
2002-05-27,898.4923741660352
2002-05-28,894.586304048957
2002-05-29,890.7766298037003
2002-05-30,887.6478113156458
2002-05-31,887.6873267453046
2002-06-03,875.5823718737938
2002-06-04,871.187936100024
2002-06-05,871.3877298505945
2002-06-06,862.2755210967103
2002-06-07,856.8415035744691
2002-06-10,858.2241987831554
2002-06-11,851.3015071134114
2002-06-12,849.5223135906762
2002-06-13,840.7345710744601
2002-06-14,832.4368075997573
2002-06-17,850.1298001915274
2002-06-18,851.7384090346392
2002-06-19,839.0594488768153
2002-06-20,830.2466199676238
2002-06-21,821.7907169131377
2002-06-24,820.1467196408308
2002-06-25,816.0069780375416
2002-06-26,811.7001693503094
2002-06-27,822.031757470306
2002-06-28,833.190123689337
2002-07-01,823.4719711182886
2002-07-02,806.3588332539463
2002-07-03,802.529051257364
2002-07-04,806.4383628975833
2002-07-05,831.566841890322
2002-07-08,829.0040371068905
2002-07-09,818.5971253662298
2002-07-10,794.131349691647
2002-07-11,787.4273579384931
2002-07-12,786.2856792134703
2002-07-15,775.4875987994617
2002-07-16,767.5387204814906
2002-07-17,776.6297719356343
2002-07-18,770.0436389221858
2002-07-19,743.9363563143344
2002-07-22,717.1065961212312
2002-07-23,699.1916441556764
2002-07-24,715.6073764725813
2002-07-25,720.8297450324786
2002-07-26,723.1755885276046
2002-07-29,754.5641172180035
2002-07-30,760.01539549255
2002-07-31,763.1348789019439
2002-08-01,741.5186293197297
2002-08-02,732.3698300774328
2002-08-05,711.1689597246965
2002-08-06,723.5931237291779
2002-08-07,734.0560334996529
2002-08-08,755.0311179753708
2002-08-09,762.3038967429778
2002-08-12,755.7205376012126
2002-08-13,748.4522949764671
2002-08-14,763.0817160856978
2002-08-15,773.4642097065865
2002-08-16,775.048767036227
2002-08-19,787.8449740658351
2002-08-20,778.5815246192656
2002-08-21,788.0202197090631
2002-08-22,797.4575327928484
2002-08-23,784.2746364904184
2002-08-26,787.2868030336957
2002-08-27,786.0162455680527
2002-08-28,768.6750650474678
2002-08-29,764.3490661941323
2002-08-30,764.8194064436893
2002-09-02,761.3134670075328
2002-09-03,735.3970880256132
2002-09-04,740.6682262463966
2002-09-05,733.44031599628
2002-09-06,744.1457414779422
2002-09-09,745.9356019962323
2002-09-10,752.9667070130159
2002-09-11,757.047951511228
2002-09-12,740.360146348769
2002-09-13,735.8874785835688
2002-09-16,733.6736914361944
2002-09-17,725.2963743309481
2002-09-18,716.9176660492592
2002-09-19,703.3023478708302
2002-09-20,701.8057613498356
2002-09-23,688.9820035804236
2002-09-24,677.9154657836651
2002-09-25,688.8407663964391
2002-09-26,705.1194402690471
2002-09-27,693.4235696498644
2002-09-30,680.6775990500836
2002-10-01,696.4350933725394
2002-10-02,691.7488295455189
2002-10-03,684.576857949763
2002-10-04,671.7025332949917
2002-10-07,658.6314983810001
2002-10-08,661.0046187473249
2002-10-09,649.678877963016
2002-10-10,665.0113594121678
2002-10-11,689.8525918057886
2002-10-14,691.3549413088875
2002-10-15,723.4187080597931
2002-10-16,711.2173154438669
2002-10-17,725.6208417919842
2002-10-18,727.9222700265736
2002-10-21,735.1396800062496
2002-10-22,727.5244597225287
2002-10-23,725.5328874067864
2002-10-24,723.4656428235318
2002-10-25,730.9006515957059
2002-10-28,731.8060706440292
2002-10-29,719.3229304344766
2002-10-30,728.3625573772746
2002-10-31,730.6008943020166
2002-11-01,736.6867902492421
2002-11-04,748.1968034808633
2002-11-05,754.9205064333863
2002-11-06,756.4410229094368
2002-11-07,745.2319551663059
2002-11-08,739.2971701102404
2002-11-11,726.4809825258773
2002-11-12,732.1183769246192
2002-11-13,729.1836259697883
2002-11-14,741.4964118351602
2002-11-15,747.9143184832118
2002-11-18,744.8170973549065
2002-11-19,741.9130421765793
2002-11-20,748.5947562617301
2002-11-21,765.7249767367692
2002-11-22,765.2837530523007
2002-11-25,764.9754212061671
2002-11-26,751.1818428465917
2002-11-27,767.2374030543532
2002-11-28,771.8559631165343
2002-11-29,770.297375865203
2002-12-02,768.9926632908573
2002-12-03,758.5941078901452
2002-12-04,754.439734115643
2002-12-05,746.2321259381779
2002-12-06,749.6953182878117
2002-12-09,735.5601095681519
2002-12-10,741.9813929902381
2002-12-11,743.988642495244
2002-12-12,741.5468138700328
2002-12-13,734.5196194232677
2002-12-16,748.4630193247818
2002-12-17,744.7097038263602
2002-12-18,733.1905974971619
2002-12-19,730.0102411762199
2002-12-20,737.6048905063766
2002-12-23,739.2497053641291
2002-12-24,738.1560643224368
2002-12-25,737.9227053311603
2002-12-26,737.8920625804355
2002-12-27,726.4116120987215
2002-12-30,730.7983317487648
2002-12-31,733.3182531028621
2003-01-01,733.3292750615894
2003-01-02,750.613628123911
2003-01-03,753.4777565485064
2003-01-06,767.6031711992892
2003-01-07,760.8557871948652
2003-01-08,749.8757855690147
2003-01-09,761.1787041252345
2003-01-10,763.3230643257225
2003-01-13,763.942675163763
2003-01-14,769.3352765483347
2003-01-15,761.0457967869794
2003-01-16,758.7502252407454
2003-01-17,749.3374185493363
2003-01-20,745.7004297630974
2003-01-21,737.518727774025
2003-01-22,729.425937520472
2003-01-23,734.8740600671617
2003-01-24,721.2502052524287
2003-01-27,705.8418939619696
2003-01-28,710.5989140889427
2003-01-29,713.7539980067047
2003-01-30,707.17706748626
2003-01-31,711.6963914929038
2003-02-03,718.171443797708
2003-02-04,709.2125429566801
2003-02-05,709.9372273102739
2003-02-06,702.2754595890375
2003-02-07,695.8141723881076
2003-02-10,696.103224671704
2003-02-11,696.2413656145901
2003-02-12,689.400430786824
2003-02-13,688.7140288747705
2003-02-14,699.2480579562032
2003-02-17,703.4067560725839
2003-02-18,712.3697344967027
2003-02-19,706.2343182360516
2003-02-20,702.6807286200559
2003-02-21,708.4865343076054
2003-02-24,699.3797645284556
2003-02-25,694.0087675843683
2003-02-26,688.7485743162732
2003-02-27,693.5716240855812
2003-02-28,698.9512816015116
2003-03-03,699.1851293041984
2003-03-04,689.8156008167558
2003-03-05,692.586084712422
2003-03-06,686.4415896905591
2003-03-07,685.3653120354346
2003-03-10,670.2242178213024
2003-03-11,665.5198260884612
2003-03-12,661.0189012563828
2003-03-13,680.4945363090828
2003-03-14,687.9637574538069
2003-03-17,705.1848182494589
2003-03-18,708.2802597169464
2003-03-19,713.8053182416219
2003-03-20,716.0326628795602
2003-03-21,729.6167512892326
2003-03-24,710.5289759149341
2003-03-25,716.6567798159931
2003-03-26,715.5903759269909
2003-03-27,712.3903083454748
2003-03-28,709.2307527574961
2003-03-31,695.9357763336702
2003-04-01,703.2577147486321
2003-04-02,718.5184505240497
2003-04-03,717.2214464052932
2003-04-04,720.5121905656574
2003-04-07,728.3092121264414
2003-04-08,724.6494849299727
2003-04-09,718.3200502289859
2003-04-10,719.4585665589192
2003-04-11,717.25314673013
2003-04-14,727.1731242970991
2003-04-15,734.725469372749
2003-04-16,729.4189019601753
2003-04-17,738.4982906186887
2003-04-18,738.8795107054589
2003-04-21,736.9871780107297
2003-04-22,748.5531364402224
2003-04-23,754.8216299492226
2003-04-24,749.6302197427491
2003-04-25,739.5168288783736
2003-04-28,750.7832177941942
2003-04-29,752.7855179380434
2003-04-30,757.6216149294154
2003-05-01,759.14920694966
2003-05-02,766.206298273874
2003-05-05,767.9946195163385
2003-05-06,777.5725702398553
2003-05-07,774.2853750011617
2003-05-08,765.9999036306878
2003-05-09,775.1786489672935
2003-05-12,783.2345281913791
2003-05-13,782.068779101249
2003-05-14,781.7421083959908
2003-05-15,786.313071356313
2003-05-16,787.4144472381753
2003-05-19,771.0939585842768
2003-05-20,770.9687451133733
2003-05-21,771.1730957453675
2003-05-22,778.5459410772806
2003-05-23,781.493695642569
2003-05-26,782.6461191250385
2003-05-27,791.4169111041626
2003-05-28,794.5583338906741
2003-05-29,796.5132658637885
2003-05-30,801.1887902901633
2003-06-02,808.7089900515941
2003-06-03,808.9075057194788
2003-06-04,818.3149111929309
2003-06-05,823.8248696314317
2003-06-06,825.4799782164498
2003-06-09,818.7469468639166
2003-06-10,822.2250303835036
2003-06-11,833.845057197042
2003-06-12,836.1232191661244
2003-06-13,830.1090994982849
2003-06-16,844.4821529491185
2003-06-17,848.6536548398789
2003-06-18,846.8183042773868
2003-06-19,836.0958950764142
2003-06-20,836.8897850535163
2003-06-23,824.6922256350806
2003-06-24,821.7542392720862
2003-06-25,820.8549603827709
2003-06-26,822.211984421944
2003-06-27,819.0532327675708
2003-06-30,816.1861698811354
2003-07-01,819.7338974615465
2003-07-02,830.954076798554
2003-07-03,830.6977122142359
2003-07-04,828.9094202441927
2003-07-07,842.3040985603631
2003-07-08,843.1568819300561
2003-07-09,839.5985548242537
2003-07-10,830.5159791232375
2003-07-11,834.5858439234182
2003-07-14,842.4166970036509
2003-07-15,837.8232713854253
2003-07-16,832.2213861548997
2003-07-17,821.3794657460575
2003-07-18,827.3837741074533
2003-07-21,820.9156788757821
2003-07-22,826.2556568683078
2003-07-23,829.4830070672382
2003-07-24,831.6109415242323
2003-07-25,839.735017829293
2003-07-28,841.7815787651549
2003-07-29,837.4490310362412
2003-07-30,832.9219666689384
2003-07-31,834.0393339024109
2003-08-01,827.8330313409986
2003-08-04,827.8357652610503
2003-08-05,820.5287538212231
2003-08-06,817.6419815417304
2003-08-07,822.9270132549474
2003-08-08,825.5363527637253
2003-08-11,829.8541457617818
2003-08-12,835.6881298720203
2003-08-13,835.3368420060273
2003-08-14,841.9967228704578
2003-08-15,842.6178471341062
2003-08-18,848.3620077100322
2003-08-19,849.7273318780378
2003-08-20,850.5423229848416
2003-08-21,852.2378304068635
2003-08-22,846.2433471770828
2003-08-25,845.0035090746887
2003-08-26,843.6203124042373
2003-08-27,845.5523304270388
2003-08-28,849.420316781996
2003-08-29,853.5347434496751
2003-09-01,858.6908311156003
2003-09-02,864.048199478698
2003-09-03,870.1937739660194
2003-09-04,871.723846875585
2003-09-05,870.5000299045328
2003-09-08,878.5217332081698
2003-09-09,874.9763224592899
2003-09-10,866.1110834674304
2003-09-11,867.4703314359862
2003-09-12,870.7604807045805
2003-09-15,869.1876278611968
2003-09-16,878.7476973976568
2003-09-17,880.2585158905252
2003-09-18,889.9410623878377
2003-09-19,888.3532788247205
2003-09-22,879.1822806905876
2003-09-23,881.9802522164815
2003-09-24,873.3058842702143
2003-09-25,867.1544718564699
2003-09-26,860.9039699237678
2003-09-29,865.2211529548991
2003-09-30,858.7317016822599
2003-10-01,876.1166910278415
2003-10-02,881.1488366845854
2003-10-03,891.3343814960656
2003-10-06,894.0372572576885
2003-10-07,898.5746014783628
2003-10-08,895.1650967481916
2003-10-09,901.498271146092
2003-10-10,904.1851597327874
2003-10-13,909.2197761028957
2003-10-14,911.5255569938862
2003-10-15,910.6040645761103
2003-10-16,914.4312865826238
2003-10-17,907.3540547583007
2003-10-20,910.8206236387574
2003-10-21,912.4858426968067
2003-10-22,902.0063611646893
2003-10-23,895.3570511958238
2003-10-24,894.4808034428137
2003-10-27,898.02473662581
2003-10-28,908.1396297642534
2003-10-29,911.4135644916165
2003-10-30,912.3241953652858
2003-10-31,910.5629734649536
2003-11-03,914.9626399877565
2003-11-04,915.5124231746871
2003-11-05,912.7637774257531
2003-11-06,912.7883376547337
2003-11-07,915.7307673612526
2003-11-10,911.4606735858878
2003-11-11,906.9540757521646
2003-11-12,916.4526989958754
2003-11-13,921.0260730111372
2003-11-14,918.6548629468427
2003-11-17,907.0098351828422
2003-11-18,905.7857549623038
2003-11-19,906.0171990204591
2003-11-20,902.7408517305477
2003-11-21,904.6967397902289
2003-11-24,913.0861326681962
2003-11-25,915.9450962341449
2003-11-26,922.4509078088159
2003-11-27,923.3191219573011
2003-11-28,924.1440168739241
2003-12-01,936.0430235862882
2003-12-02,937.1588916482278
2003-12-03,938.4595228755505
2003-12-04,939.7963589621563
2003-12-05,935.6391554776642
2003-12-08,938.1738025742272
2003-12-09,935.7217468615231
2003-12-10,931.7125321172298
2003-12-11,937.704469564997
2003-12-12,943.1883214919761
2003-12-15,944.1384712953211
2003-12-16,944.8344935972659
2003-12-17,945.3594514276182
2003-12-18,954.1073901473891
2003-12-19,955.5426345262239
2003-12-22,959.3902253624958
2003-12-23,962.5160333135507
2003-12-24,963.4606169137586
2003-12-25,963.5302520621813
2003-12-26,965.0400059343895
2003-12-29,974.418269124551
2003-12-30,978.7021990885759
2003-12-31,982.5007148032429
2004-01-01,982.5370593250085
2004-01-02,984.9540340668361
2004-01-05,998.6429379821601
2004-01-06,1000.7360640265848
2004-01-07,998.7094241068015
2004-01-08,1005.5857530081464
2004-01-09,1003.8100803896725
2004-01-12,1004.8798695559981
2004-01-13,1001.8684484226703
2004-01-14,1006.1496070591721
2004-01-15,1002.9301657581912
2004-01-16,1005.6198778612737
2004-01-19,1007.0263377555095
2004-01-20,1011.3164098633491
2004-01-21,1018.0098300341332
2004-01-22,1019.1230818705077
2004-01-23,1017.5766862239748
2004-01-26,1019.7069093391463
2004-01-27,1016.0708408249432
2004-01-28,1008.399123797149
2004-01-29,1000.7685500806331
2004-01-30,999.1331524105904
2004-02-02,1002.1523403276026
2004-02-03,1004.1295814043267
2004-02-04,995.5259502190529
2004-02-05,998.0350945961231
2004-02-06,1010.3254868986844
2004-02-09,1012.8451756119636
2004-02-10,1016.3796798284217
2004-02-11,1022.7285677872069
2004-02-12,1024.9012239621925
2004-02-13,1021.8498985768975
2004-02-16,1022.784107603659
2004-02-17,1032.671024468428
2004-02-18,1029.7169178150673
2004-02-19,1026.4908213316617
2004-02-20,1018.5011143245163
2004-02-23,1018.0129235139889
2004-02-24,1015.2482230129134
2004-02-25,1015.3187453872749
2004-02-26,1014.2541877132819
2004-02-27,1017.2170261137219
2004-03-01,1029.2739618860674
2004-03-02,1023.951525669377
2004-03-03,1018.6557932628996
2004-03-04,1023.3436867190891
2004-03-05,1030.8951214183603
2004-03-08,1024.7354421066302
2004-03-09,1020.7379572950921
2004-03-10,1005.4146255272569
2004-03-11,988.4938876083311
2004-03-12,992.6958315692013
2004-03-15,981.7724931467361
2004-03-16,990.5049252033298
2004-03-17,1000.3411263506341
2004-03-18,1001.9802588920844
2004-03-19,995.9798634141548
2004-03-22,982.7178583415138
2004-03-23,981.0951958253798
2004-03-24,978.5772414032139
2004-03-25,991.102662608983
2004-03-26,991.9666080679877
2004-03-29,1004.2966146919015
2004-03-30,1007.6661300812684
2004-03-31,1011.3357399489347
2004-04-01,1020.1742710605598
2004-04-02,1024.8417750303963
2004-04-05,1028.5934229064399
2004-04-06,1027.6849842234271
2004-04-07,1027.1455488193214
2004-04-08,1026.0339944079867
2004-04-09,1024.3769884646176
2004-04-12,1028.2921887992275
2004-04-13,1018.0683357743268
2004-04-14,1009.8902555162383
2004-04-15,1007.9810387159345
2004-04-16,1015.2242795607909
2004-04-19,1015.4724984049827
2004-04-20,1008.134842587724
2004-04-21,1005.2959352909113
2004-04-22,1013.6654767150317
2004-04-23,1016.0809272362512
2004-04-26,1015.7943034478106
2004-04-27,1015.961812153391
2004-04-28,1001.0313583158867
2004-04-29,994.9549200103814
2004-04-30,987.6217790348074
2004-05-03,993.2193609714176
2004-05-04,1000.7457243509593
2004-05-05,1005.0094251497625
2004-05-06,993.2029912370367
2004-05-07,977.7186007417611
2004-05-10,954.266750440207
2004-05-11,961.0545660913434
2004-05-12,965.126661066048
2004-05-13,962.1639807241833
2004-05-14,959.3459107691529
2004-05-17,949.0318571600147
2004-05-18,956.0938325311441
2004-05-19,967.3386844481574
2004-05-20,961.7805804572566
2004-05-21,969.354172214625
2004-05-24,971.306666227057
2004-05-25,980.6566886165762
2004-05-26,985.8220407014227
2004-05-27,996.5399372562446
2004-05-28,994.8592532906854
2004-05-31,995.2808696648179
2004-06-01,994.4504697674713
2004-06-02,997.5530053513456
2004-06-03,990.1313677999816
2004-06-04,995.4953431887147
2004-06-07,1013.444195930479
2004-06-08,1014.4159186846356
2004-06-09,1004.0522199568759
2004-06-10,1007.3829237269526
2004-06-11,1003.3799866570453
2004-06-14,993.8205007220002
2004-06-15,999.6567676618347
2004-06-16,1003.4035434653418
2004-06-17,1004.5122903291959
2004-06-18,1007.5545890647808
2004-06-21,1006.2916422978677
2004-06-22,1004.597229992808
2004-06-23,1010.6341026301022
2004-06-24,1016.2607563709465
2004-06-25,1012.0738883151765
2004-06-28,1015.4967802292279
2004-06-29,1013.0973436625023
2004-06-30,1014.9773327821815
2004-07-01,1009.6647851151497
2004-07-02,1007.8078339236943
2004-07-05,1005.0536254118151
2004-07-06,999.0206474667118
2004-07-07,1002.4628807126085
2004-07-08,998.4806513580502
2004-07-09,1001.5371436948674
2004-07-12,1002.5925114149586
2004-07-13,1001.0310974193975
2004-07-14,998.5053433551366
2004-07-15,992.3652814196722
2004-07-16,993.7907634488932
2004-07-19,992.6245170690195
2004-07-20,993.9869234743711
2004-07-21,985.6874025600615
2004-07-22,982.932907334497
2004-07-23,972.7177759517292
2004-07-26,968.884870880313
2004-07-27,972.3497688062066
2004-07-28,973.660121384746
2004-07-29,979.5536819908012
2004-07-30,982.5096704454517
2004-08-02,984.6498451497314
2004-08-03,983.1003649923917
2004-08-04,978.4589510202547
2004-08-05,970.4793248174975
2004-08-06,961.5459884348027
2004-08-09,958.908853761052
2004-08-10,968.3473491732682
2004-08-11,963.1342669321709
2004-08-12,956.5561741192698
2004-08-13,958.191300511417
2004-08-16,966.6445133513538
2004-08-17,969.2013142521166
2004-08-18,976.0702245887811
2004-08-19,979.0034828725479
2004-08-20,981.6140927454951
2004-08-23,981.2370881296218
2004-08-24,979.4383353528967
2004-08-25,984.783998781712
2004-08-26,987.7712276527739
2004-08-27,990.9334169713643
2004-08-30,985.9509656692749
2004-08-31,988.4870526454265
2004-09-01,993.3583846535391
2004-09-02,1000.1309164138173
2004-09-03,995.0178546718329
2004-09-06,998.7272468764947
2004-09-07,1003.4517525886424
2004-09-08,1002.2134657201896
2004-09-09,1001.1366406645361
2004-09-10,1008.2095553859641
2004-09-13,1011.6806856482758
2004-09-14,1014.1644815183358
2004-09-15,1004.5181541010506
2004-09-16,1007.9148490381865
2004-09-17,1011.4744428537053
2004-09-20,1008.0884259425551
2004-09-21,1016.112088727498
2004-09-22,1005.967390606563
2004-09-23,1003.162726186918
2004-09-24,1002.4606279512076
2004-09-27,997.0741789989353
2004-09-28,1001.8547449399815
2004-09-29,1005.9884207925129
2004-09-30,1008.9979481579185
2004-10-01,1023.4541202408124
2004-10-04,1027.5583925424646
2004-10-05,1028.9268853275769
2004-10-06,1033.0730397660748
2004-10-07,1026.7743554198762
2004-10-08,1026.1025490706759
2004-10-11,1026.454274411505
2004-10-12,1018.5119805190291
2004-10-13,1013.2968716007647
2004-10-14,1008.7426168163645
2004-10-15,1012.8023277178936
2004-10-18,1014.9284179998053
2004-10-19,1014.2021994017554
2004-10-20,1012.4364263481746
2004-10-21,1016.0138948733168
2004-10-22,1011.8181801531839
2004-10-25,1008.9054105745465
2004-10-26,1017.7088961139044
2004-10-27,1028.9655827925103
2004-10-28,1033.4170906937431
2004-10-29,1033.653235806718
2004-11-01,1036.5042607869068
2004-11-02,1039.8983970000804
2004-11-03,1051.3141156533122
2004-11-04,1062.0980644501483
2004-11-05,1068.4375482707244
2004-11-08,1067.4050696823365
2004-11-09,1065.770789255639
2004-11-10,1065.479227167214
2004-11-11,1072.488713271968
2004-11-12,1082.9003317574877
2004-11-15,1084.9952173321467
2004-11-16,1080.0862772903583
2004-11-17,1089.0842107459596
2004-11-18,1088.1194330703186
2004-11-19,1082.4993622084583
2004-11-22,1081.4078986067914
2004-11-23,1083.1197494776009
2004-11-24,1088.6068693248412
2004-11-25,1094.2285806031125
2004-11-26,1094.2866653795706
2004-11-29,1094.4262898679822
2004-11-30,1090.0072922415102
2004-12-01,1101.392839192451
2004-12-02,1103.1948729571857
2004-12-03,1106.1100623373006
2004-12-06,1104.7973585340264
2004-12-07,1097.6577075387347
2004-12-08,1092.7131161033442
2004-12-09,1091.2224312970366
2004-12-10,1089.5724404002685
2004-12-13,1100.5694725442943
2004-12-14,1104.2273382435185
2004-12-15,1111.860427662218
2004-12-16,1108.1124567183883
2004-12-17,1101.8463599299168
2004-12-20,1108.6335018839884
2004-12-21,1112.5533846887972
2004-12-22,1117.7236744934219
2004-12-23,1121.8319467181575
2004-12-24,1125.0516548109358
2004-12-27,1125.0815672783303
2004-12-28,1129.6952499043791
2004-12-29,1128.275653310161
2004-12-30,1132.4066255544155
2004-12-31,1132.1867349202985
2005-01-03,1125.0871741071478
2005-01-04,1112.4643387078272
2005-01-05,1105.640757598952
2005-01-06,1104.8250929919047
2005-01-07,1102.9014750344008
2005-01-10,1106.9264232676978
2005-01-11,1104.3966111705981
2005-01-12,1108.9044804360076
2005-01-13,1102.6932456160037
2005-01-14,1105.1196507077966
2005-01-17,1107.432399297568
2005-01-18,1110.0776397790476
2005-01-19,1105.6456303319562
2005-01-20,1095.580313252919
2005-01-21,1093.1673373762378
2005-01-24,1093.5304417022996
2005-01-25,1093.8422606202762
2005-01-26,1102.9517944100287
2005-01-27,1103.0875430042045
2005-01-28,1099.2013169321563
2005-01-31,1108.170671494138
2005-02-01,1113.321503774559
2005-02-02,1117.8872664827109
2005-02-03,1113.138526184562
2005-02-04,1123.6685813926872
2005-02-07,1122.2852238187636
2005-02-08,1120.16379956385
2005-02-09,1116.1588817451004
2005-02-10,1122.550700855687
2005-02-11,1129.549683980869
2005-02-14,1135.3179258586454
2005-02-15,1138.9434929167173
2005-02-16,1136.70522640403
2005-02-17,1134.935498849014
2005-02-18,1136.7325898651577
2005-02-21,1137.0577055135414
2005-02-22,1131.5945089227514
2005-02-23,1129.721093277396
2005-02-24,1134.8545999679138
2005-02-25,1146.1383015635965
2005-02-28,1146.5536259560904
2005-03-01,1149.3949037069967
2005-03-02,1147.0880967029257
2005-03-03,1148.1019270190152
2005-03-04,1161.0848647736736
2005-03-07,1161.279780693398
2005-03-08,1161.9232242730718
2005-03-09,1155.3780348282862
2005-03-10,1152.7440806604843
2005-03-11,1151.6157423703496
2005-03-14,1150.0857054956912
2005-03-15,1146.4556061471114
2005-03-16,1141.4275613205498
2005-03-17,1140.048014803007
2005-03-18,1138.5408575707336
2005-03-21,1131.5377274826285
2005-03-22,1126.9918224842706
2005-03-23,1116.924035342208
2005-03-24,1115.8361862750476
2005-03-25,1116.5982272191493
2005-03-28,1115.5136359261114
2005-03-29,1109.7612804436728
2005-03-30,1117.7207838118088
2005-03-31,1121.2949516853341
2005-04-01,1119.4014437985702
2005-04-04,1113.611594989044
2005-04-05,1119.888587567481
2005-04-06,1123.550810811402
2005-04-07,1130.247330140349
2005-04-08,1124.900819871149
2005-04-11,1126.6163463472956
2005-04-12,1125.1291241792242
2005-04-13,1121.0825743457606
2005-04-14,1108.8960053079797
2005-04-15,1095.6535422233985
2005-04-18,1088.498895717769
2005-04-19,1097.9667972708876
2005-04-20,1090.9396129211239
2005-04-21,1101.6266676998334
2005-04-22,1102.0901910214918
2005-04-25,1106.3609915477764
2005-04-26,1099.5141661936273
2005-04-27,1096.7414018615852
2005-04-28,1088.31638214326
2005-04-29,1096.5540649515021
2005-05-02,1098.8889370633437
2005-05-03,1100.7338528870032
2005-05-04,1113.5248314670832
2005-05-05,1114.3719106276196
2005-05-06,1114.956921382862
2005-05-09,1116.1585827797576
2005-05-10,1108.7547413626394
2005-05-11,1107.7127593884356
2005-05-12,1099.7000677734154
2005-05-13,1093.759546906455
2005-05-16,1095.8210027794796
2005-05-17,1099.6009219825833
2005-05-18,1109.9646686142862
2005-05-19,1116.5586267408344
2005-05-20,1113.2188783358954
2005-05-23,1119.4751513188553
2005-05-24,1120.1866360396225
2005-05-25,1116.6509953142358
2005-05-26,1120.5500020361042
2005-05-27,1123.6058500168276
2005-05-30,1125.091915327944
2005-05-31,1117.0424641733175
2005-06-01,1124.7670634206058
2005-06-02,1127.1687457860219
2005-06-03,1123.9395457634234
2005-06-06,1124.769238301245
2005-06-07,1127.5630511685147
2005-06-08,1128.3088386310067
2005-06-09,1125.5277362872168
2005-06-10,1125.0477233859835
2005-06-13,1124.516136395427
2005-06-14,1127.2096587002259
2005-06-15,1130.8136345099576
2005-06-16,1135.4329965278705
2005-06-17,1144.865650519458
2005-06-20,1141.5266101291854
2005-06-21,1142.2656878478108
2005-06-22,1143.7281962847094
2005-06-23,1136.3372282149196
2005-06-24,1129.2323610655833
2005-06-27,1126.6142179725869
2005-06-28,1133.0949483785232
2005-06-29,1132.8964329079952
2005-06-30,1128.3226113409207
2005-07-01,1127.9045933813074
2005-07-04,1127.3373378971974
2005-07-05,1131.2039238661052
2005-07-06,1129.8068635333764
2005-07-07,1125.025728867978
2005-07-08,1135.873193419703
2005-07-11,1147.7666631122033
2005-07-12,1153.7102313991913
2005-07-13,1151.888081855363
2005-07-14,1156.1711311882955
2005-07-15,1154.0238595395042
2005-07-18,1151.38233001538
2005-07-19,1154.1343479052791
2005-07-20,1157.251453317497
2005-07-21,1160.2986458860473
2005-07-22,1163.4662442506917
2005-07-25,1160.3181350534
2005-07-26,1158.929555248523
2005-07-27,1164.4239538568052
2005-07-28,1171.5081322244528
2005-07-29,1170.042211329846
2005-08-01,1174.204358584223
2005-08-02,1183.496110880378
2005-08-03,1187.633951311106
2005-08-04,1181.690032962094
2005-08-05,1171.7881963524353
2005-08-08,1173.749627441774
2005-08-09,1179.8455101419463
2005-08-10,1187.792093041877
2005-08-11,1195.739510607479
2005-08-12,1192.0344058354494
2005-08-15,1191.4296343076471
2005-08-16,1182.6967245615128
2005-08-17,1180.527602409693
2005-08-18,1172.2508519786702
2005-08-19,1174.6120964938798
2005-08-22,1182.7563026349899
2005-08-23,1177.5301474945386
2005-08-24,1172.9897576458593
2005-08-25,1173.11219360244
2005-08-26,1169.0825774906364
2005-08-29,1168.6856370681617
2005-08-30,1165.6660795472364
2005-08-31,1178.9166729632152
2005-09-01,1190.8615746983146
2005-09-02,1192.7258149508752
2005-09-05,1195.2154866129708
2005-09-06,1203.726538124567
2005-09-07,1205.759702470149
2005-09-08,1201.303894599042
2005-09-09,1211.0271451207348
2005-09-12,1208.7396366046721
2005-09-13,1201.0470428789463
2005-09-14,1202.2719301161471
2005-09-15,1201.3228626980215
2005-09-16,1207.848690575227
2005-09-19,1204.4891044390783
2005-09-20,1203.7413679196216
2005-09-21,1197.7424042144132
2005-09-22,1194.5653431464125
2005-09-23,1192.8451661272627
2005-09-26,1199.9011352033358
2005-09-27,1196.9070947680714
2005-09-28,1203.035841432053
2005-09-29,1211.354092999268
2005-09-30,1214.3338538787013
2005-10-03,1211.0724556841762
2005-10-04,1207.3919806425101
2005-10-05,1191.7308453108474
2005-10-06,1183.281845296887
2005-10-07,1183.642954812486
2005-10-10,1178.891252122327
2005-10-11,1179.869471299148
2005-10-12,1173.0623121690683
2005-10-13,1163.2844647181407
2005-10-14,1172.1083176044328
2005-10-17,1172.3357867720265
2005-10-18,1160.6189546964488
2005-10-19,1162.512806722521
2005-10-20,1155.4038594375309
2005-10-21,1156.367594827106
2005-10-24,1168.7956033556313
2005-10-25,1172.5190850516128
2005-10-26,1171.1438591500569
2005-10-27,1163.3118893904311
2005-10-28,1169.8325566251478
2005-10-31,1181.6557533082027
2005-11-01,1183.6104281572395
2005-11-02,1195.0081361402956
2005-11-03,1202.1962126542967
2005-11-04,1196.7387353371998
2005-11-07,1198.9100546287652
2005-11-08,1196.6595835919416
2005-11-09,1196.4571372864307
2005-11-10,1200.8428244232161
2005-11-11,1206.9888672833479
2005-11-14,1204.6129996071652
2005-11-15,1199.352531830465
2005-11-16,1199.6757186404825
2005-11-17,1212.8075789994418
2005-11-18,1218.6292305953375
2005-11-21,1225.3143948900026
2005-11-22,1226.8652768838933
2005-11-23,1235.2493336643547
2005-11-24,1234.8998104740128
2005-11-25,1235.3446295629542
2005-11-28,1231.2684595100898
2005-11-29,1230.186666721748
2005-11-30,1224.6611475963743
2005-12-01,1237.3056457486546
2005-12-02,1243.000996280997
2005-12-05,1243.4564945176178
2005-12-06,1246.8000607868842
2005-12-07,1242.956752876963
2005-12-08,1242.9326368857628
2005-12-09,1246.4467109633656
2005-12-12,1254.4474344803068
2005-12-13,1258.8725022692836
2005-12-14,1264.6545900032856
2005-12-15,1258.6096848699424
2005-12-16,1261.5219128102697
2005-12-19,1258.087796488826
2005-12-20,1256.7709868275867
2005-12-21,1260.273461740083
2005-12-22,1265.0660607687116
2005-12-23,1266.4362760182714
2005-12-26,1267.2139441679615
2005-12-27,1260.3898258200702
2005-12-28,1263.768247309998
2005-12-29,1263.0572363178187
2005-12-30,1254.7889225351212
2006-01-02,1256.1662383547039
2006-01-03,1278.504588538652
2006-01-04,1293.1167617765673
2006-01-05,1293.7592787818312
2006-01-06,1306.5335905766067
2006-01-09,1308.6229059439772
2006-01-10,1303.4520814873383
2006-01-11,1310.9510288738747
2006-01-12,1307.7700368499159
2006-01-13,1306.8814260079118
2006-01-16,1308.1236220891956
2006-01-17,1295.756325148601
2006-01-18,1284.7416739793653
2006-01-19,1297.0870432660843
2006-01-20,1283.4158431275434
2006-01-23,1287.72860171284
2006-01-24,1291.201447388339
2006-01-25,1294.0819803593313
2006-01-26,1303.9885259498903
2006-01-27,1314.5145296543708
2006-01-30,1314.3678265892413
2006-01-31,1316.5065720013017
2006-02-01,1318.157381085013
2006-02-02,1308.02467263511
2006-02-03,1298.88944773923
2006-02-06,1301.9564873616803
2006-02-07,1293.56473049956
2006-02-08,1291.5296367668832
2006-02-09,1297.3390312184144
2006-02-10,1295.2300006540852
2006-02-13,1289.252444195043
2006-02-14,1296.4774141004953
2006-02-15,1298.769471567615
2006-02-16,1306.4036101141887
2006-02-17,1306.409377032376
2006-02-20,1307.770294810909
2006-02-21,1307.7154363666757
2006-02-22,1313.0581247244575
2006-02-23,1316.7557026267646
2006-02-24,1318.3221840736585
2006-02-27,1324.5093284523439
2006-02-28,1314.5840231862571
2006-03-01,1321.9098275186536
2006-03-02,1320.5214643797042
2006-03-03,1317.4480338806216
2006-03-06,1314.3919720118815
2006-03-07,1302.1209982814646
2006-03-08,1298.993134781771
2006-03-09,1302.182440322391
2006-03-10,1306.9453369212215
2006-03-13,1316.6774269536102
2006-03-14,1328.5608050472495
2006-03-15,1334.676172362646
2006-03-16,1339.1042301611146
2006-03-17,1343.4295926594286
2006-03-20,1345.181462086601
2006-03-21,1336.8461050134372
2006-03-22,1341.094710693372
2006-03-23,1334.7246135078806
2006-03-24,1339.9216850255095
2006-03-27,1338.890025677441
2006-03-28,1334.0868624089424
2006-03-29,1337.5945863160462
2006-03-30,1348.9590428273964
2006-03-31,1342.2601292331833
2006-04-03,1351.7171324806488
2006-04-04,1359.4076694875455
2006-04-05,1365.2845194247125
2006-04-06,1368.2481783658654
2006-04-07,1356.4506174048483
2006-04-10,1356.9987648725319
2006-04-11,1347.4179062726255
2006-04-12,1343.5822680991037
2006-04-13,1344.9983581093556
2006-04-14,1345.7326471307529
2006-04-17,1350.6804502602213
2006-04-18,1365.713636970223
2006-04-19,1376.045776800286
2006-04-20,1376.7645331102854
2006-04-21,1383.1154567285637
2006-04-24,1378.7464665793348
2006-04-25,1377.2900610112256
2006-04-26,1383.306439164107
2006-04-27,1387.5923590995696
2006-04-28,1386.876400920671
2006-05-01,1389.0209350078478
2006-05-02,1400.2583076612902
2006-05-03,1393.5821870314114
2006-05-04,1400.4244112502988
2006-05-05,1416.171667134172
2006-05-08,1420.1329676160901
2006-05-09,1423.9992794265963
2006-05-10,1420.9399256615163
2006-05-11,1409.689174431552
2006-05-12,1391.0280537666179
2006-05-15,1377.8482372615329
2006-05-16,1374.6696644743486
2006-05-17,1351.9532239494952
2006-05-18,1338.764144708607
2006-05-19,1335.257495522811
2006-05-22,1318.1476622899202
2006-05-23,1325.4621137584993
2006-05-24,1316.5920123562116
2006-05-25,1329.228493623718
2006-05-26,1343.4857209942127
2006-05-29,1346.1215035216792
2006-05-30,1330.311823619501
2006-05-31,1332.2330357228486
2006-06-01,1341.55189361811
2006-06-02,1353.6819481260645
2006-06-05,1337.2419864493304
2006-06-06,1316.5277202066732
2006-06-07,1307.3517195950233
2006-06-08,1283.084521871468
2006-06-09,1291.5022016946612
2006-06-12,1276.7845449093832
2006-06-13,1249.1020589959924
2006-06-14,1256.664967015526
2006-06-15,1283.163995477039
2006-06-16,1286.4453024306492
2006-06-19,1277.597405098908
2006-06-20,1277.691482673192
2006-06-21,1287.6135188326248
2006-06-22,1287.7570951540586
2006-06-23,1285.3579446574342
2006-06-26,1288.9498029792423
2006-06-27,1283.4187718782819
2006-06-28,1282.9441003936865
2006-06-29,1309.0886400930624
2006-06-30,1331.6180176353002
2006-07-03,1340.8917252153938
2006-07-04,1343.9765750175125
2006-07-05,1326.3075195775637
2006-07-06,1332.5136097721636
2006-07-07,1331.913886104682
2006-07-10,1333.220155484515
2006-07-11,1331.139708005302
2006-07-12,1319.8055431579633
2006-07-13,1302.5677156493182
2006-07-14,1286.7847897096729
2006-07-17,1277.1628085879754
2006-07-18,1272.5474193593375
2006-07-19,1296.5814239322165
2006-07-20,1301.179043540457
2006-07-21,1292.6909601107754
2006-07-24,1307.8551209566824
2006-07-25,1316.5616195959076
2006-07-26,1316.8183747669648
2006-07-27,1327.8789179959174
2006-07-28,1341.4651352500098
2006-07-31,1340.657056928169
2006-08-01,1331.8248759365054
2006-08-02,1344.3593511855504
2006-08-03,1341.2441324980498
2006-08-04,1350.185065024134
2006-08-07,1339.2952867431136
2006-08-08,1339.7135749245806
2006-08-09,1343.6844341969206
2006-08-10,1338.870578634698
2006-08-11,1335.5434126240657
2006-08-14,1339.7668671367703
2006-08-15,1354.8775981346137
2006-08-16,1368.9663497899046
2006-08-17,1372.169481503966
2006-08-18,1371.5199559635782
2006-08-21,1370.380925712009
2006-08-22,1370.819411290676
2006-08-23,1364.8114264184164
2006-08-24,1364.202528124983
2006-08-25,1361.1584122144004
2006-08-28,1366.2718646638107
2006-08-29,1369.95220891363
2006-08-30,1375.7249709208006
2006-08-31,1375.4164681321133
2006-09-01,1382.0609506180938
2006-09-04,1391.0112759355125
2006-09-05,1388.9001122570714
2006-09-06,1373.896992619814
2006-09-07,1360.5709919992141
2006-09-08,1361.8736812701281
2006-09-11,1353.5658164242134
2006-09-12,1365.1244556007375
2006-09-13,1370.2907795306126
2006-09-14,1373.4486511764617
2006-09-15,1372.3719573395595
2006-09-18,1376.1946163458433
2006-09-19,1373.5398520416745
2006-09-20,1377.4115097144472
2006-09-21,1377.7131884647772
2006-09-22,1371.1373600944798
2006-09-25,1373.5183253538985
2006-09-26,1381.8374114563069
2006-09-27,1391.5480131045101
2006-09-28,1394.0327299424875
2006-09-29,1391.4357969890298
2006-10-02,1393.9138364881835
2006-10-03,1391.0690953639378
2006-10-04,1398.5155549968076
2006-10-05,1408.8045310003067
2006-10-06,1402.3075275757922
2006-10-09,1403.7424896415191
2006-10-10,1406.371941332257
2006-10-11,1404.0066426532635
2006-10-12,1413.7978277719997
2006-10-13,1418.5593812482946
2006-10-16,1425.8491503724554
2006-10-17,1418.3596685363236
2006-10-18,1422.4992236616804
2006-10-19,1426.9452220633389
2006-10-20,1429.9037104383021
2006-10-23,1434.1546378477276
2006-10-24,1435.0242350467415
2006-10-25,1441.5549108393827
2006-10-26,1450.5010942488839
2006-10-27,1445.4737999547283
2006-10-30,1440.5149405134055
2006-10-31,1443.6235679457889
2006-11-01,1441.596725144982
2006-11-02,1439.2388281493877
2006-11-03,1437.369959965491
2006-11-06,1450.4469253663267
2006-11-07,1459.6163715644284
2006-11-08,1457.1058822859013
2006-11-09,1453.5858991290945
2006-11-10,1456.9261308877637
2006-11-13,1455.253845052522
2006-11-14,1462.4195408504636
2006-11-15,1466.4807414452998
2006-11-16,1467.9897755874447
2006-11-17,1464.9790592438721
2006-11-20,1461.226711328544
2006-11-21,1465.695109695487
2006-11-22,1476.3396860799567
2006-11-23,1477.0781678263927
2006-11-24,1475.7146588748992
2006-11-27,1461.5233084967476
2006-11-28,1461.145451311398
2006-11-29,1478.8393899937007
2006-11-30,1484.417963497092
2006-12-01,1482.621504498605
2006-12-04,1491.6202026353408
2006-12-05,1498.0630118785227
2006-12-06,1500.2060407870038
2006-12-07,1499.7352549786183
2006-12-08,1499.6644982592725
2006-12-11,1498.7783937641257
2006-12-12,1500.1723603661792
2006-12-13,1503.463223504276
2006-12-14,1513.433113497826
2006-12-15,1514.1320980250346
2006-12-18,1511.068499995939
2006-12-19,1509.189390984226
2006-12-20,1514.3301887015148
2006-12-21,1510.486357801346
2006-12-22,1504.563825080993
2006-12-25,1503.866522661905
2006-12-26,1506.4078815508733
2006-12-27,1519.0397676312202
2006-12-28,1520.0608292988431
2006-12-29,1517.5423190729275
2007-01-01,1517.5575617219245
2007-01-02,1529.5561442552132
2007-01-03,1523.5868512791087
2007-01-04,1517.6596241286488
2007-01-05,1502.2539991065769
2007-01-08,1503.210997985447
2007-01-09,1502.929280672258
2007-01-10,1494.6336713278056
2007-01-11,1505.101167575798
2007-01-12,1517.9243075938543
2007-01-15,1525.044663043987
2007-01-16,1521.8905594537941
2007-01-17,1522.196568468924
2007-01-18,1519.9912155709594
2007-01-19,1525.378217909814
2007-01-22,1523.1166812751126
2007-01-23,1529.4425579449585
2007-01-24,1539.715716014348
2007-01-25,1529.3926749095801
2007-01-26,1520.3713092318437
2007-01-29,1521.0108326160237
2007-01-30,1528.9987007631478
2007-01-31,1532.5943427433247
2007-02-01,1547.2998200567718
2007-02-02,1549.796073856189
2007-02-05,1547.062315041903
2007-02-06,1552.7759865274995
2007-02-07,1557.6344489664148
2007-02-08,1552.0189712236604
2007-02-09,1549.084372035482
2007-02-12,1540.3670724385781
2007-02-13,1551.2657039640621
2007-02-14,1568.8705351566048
2007-02-15,1574.6480952616635
2007-02-16,1572.8435550595161
2007-02-19,1575.678254956099
2007-02-20,1576.2172733279533
2007-02-21,1570.9068652102012
2007-02-22,1573.3534664961144
2007-02-23,1575.7457815719708
2007-02-26,1578.5325176120728
2007-02-27,1538.6515182337337
2007-02-28,1524.4567431052928
2007-03-01,1514.2026306416942
2007-03-02,1502.8769919143322
2007-03-05,1477.1708831824624
2007-03-06,1499.0723992626042
2007-03-07,1502.4997413713918
2007-03-08,1517.3712324849896
2007-03-09,1520.0207889225653
2007-03-12,1525.8217530579475
2007-03-13,1505.434134367736
2007-03-14,1490.8996233437883
2007-03-15,1506.6578221433742
2007-03-16,1505.0841287861256
2007-03-19,1522.3751328860192
2007-03-20,1532.873830462783
2007-03-21,1549.004845051587
2007-03-22,1562.6784097500247
2007-03-23,1564.8363417644896
2007-03-26,1563.447305493039
2007-03-27,1557.5118521572451
2007-03-28,1549.019696391048
2007-03-29,1555.8953591750578
2007-03-30,1555.019269679712
2007-04-02,1558.67836203303
2007-04-03,1573.4374539989028
2007-04-04,1580.4063599837234
2007-04-05,1585.1071966273705
2007-04-06,1584.760784550062
2007-04-09,1584.4261296308584
2007-04-10,1593.5735284733612
2007-04-11,1588.954394818002
2007-04-12,1593.4793378909405
2007-04-13,1598.7327260952165
2007-04-16,1617.395149142725
2007-04-17,1619.740351890904
2007-04-18,1621.0121964299494
2007-04-19,1613.6749377300896
2007-04-20,1628.643945210991
2007-04-23,1625.839241590621
2007-04-24,1622.8610146481765
2007-04-25,1634.1659481388797
2007-04-26,1632.6687444306976
2007-04-27,1630.2910147285709
2007-04-30,1623.9673267828703
2007-05-01,1622.0254385736341
2007-05-02,1632.3990457988928
2007-05-03,1638.1251153580984
2007-05-04,1646.9352407837932
2007-05-07,1655.1502367982978
2007-05-08,1645.6048993488082
2007-05-09,1652.8586932610442
2007-05-10,1635.5240657255565
2007-05-11,1644.0486148217174
2007-05-14,1644.6406298061736
2007-05-15,1645.2526689376182
2007-05-16,1650.8392709453933
2007-05-17,1648.3223487607115
2007-05-18,1657.521701117494
2007-05-21,1660.1152163733902
2007-05-22,1662.2333642465157
2007-05-23,1667.3544541975928
2007-05-24,1651.0663770271274
2007-05-25,1653.7932861174704
2007-05-28,1655.9830566016456
2007-05-29,1660.1435552489356
2007-05-30,1662.1796473974323
2007-05-31,1672.220874734846
2007-06-01,1682.6571563883626
2007-06-04,1687.6982387332012
2007-06-05,1682.7223203709539
2007-06-06,1665.6756421492837
2007-06-07,1643.6056880848785
2007-06-08,1642.9733302515522
2007-06-11,1649.158713392826
2007-06-12,1636.6268021562446
2007-06-13,1647.7319819412266
2007-06-14,1663.7016915131553
2007-06-15,1680.8066411618563
2007-06-18,1682.9384618794465
2007-06-19,1683.3658979502977
2007-06-20,1675.6493349445343
2007-06-21,1675.366883499795
2007-06-22,1663.4447725710893
2007-06-25,1658.1463697767022
2007-06-26,1651.9528114519262
2007-06-27,1651.6738463042018
2007-06-28,1661.0564414775145
2007-06-29,1667.2263272557095
2007-07-02,1682.951110746079
2007-07-03,1692.5213044296331
2007-07-04,1696.370257582615
2007-07-05,1693.692647174856
2007-07-06,1701.8714219345252
2007-07-09,1707.970296648952
2007-07-10,1695.4325532386622
2007-07-11,1697.2619916494523
2007-07-12,1719.6018342891973
2007-07-13,1730.0328383383917
2007-07-16,1728.5040401785432
2007-07-17,1726.4157066659018
2007-07-18,1717.8540806683359
2007-07-19,1729.9919360510085
2007-07-20,1719.0117946460691
2007-07-23,1724.2202911512636
2007-07-24,1701.4426657430795
2007-07-25,1692.7086591504158
2007-07-26,1655.282626773924
2007-07-27,1627.864519067305
2007-07-30,1637.409772393689
2007-07-31,1641.615706675828
2007-08-01,1627.5144648841606
2007-08-02,1636.6576658689064
2007-08-03,1615.1808933154473
2007-08-06,1623.708844521223
2007-08-07,1633.300406125889
2007-08-08,1662.5521854867586
2007-08-09,1627.9701587030597
2007-08-10,1600.648471494176
2007-08-13,1609.8874541398184
2007-08-14,1586.8530217528007
2007-08-15,1562.1040979081858
2007-08-16,1533.8890428685258
2007-08-17,1557.5619028121932
2007-08-20,1571.7217287905637
2007-08-21,1576.9908049085234
2007-08-22,1598.3119942687756
2007-08-23,1608.8329348093664
2007-08-24,1621.407288090061
2007-08-27,1620.387050569963
2007-08-28,1593.018283555957
2007-08-29,1608.0693957489502
2007-08-30,1613.3937187320266
2007-08-31,1637.1547665518622
2007-09-03,1638.9529608750074
2007-09-04,1648.5881411714936
2007-09-05,1632.0198796642662
2007-09-06,1640.2942723049432
2007-09-07,1619.9609096039544
2007-09-10,1609.726355670141
2007-09-11,1632.0870813644508
2007-09-12,1636.5083243666593
2007-09-13,1647.1515263138367
2007-09-14,1645.8641666582078
2007-09-17,1632.8730465205472
2007-09-18,1658.320513651414
2007-09-19,1692.606398912122
2007-09-20,1694.0008982590832
2007-09-21,1699.0160145263633
2007-09-24,1698.8916736613735
2007-09-25,1697.0289329904838
2007-09-26,1705.3214900124976
2007-09-27,1722.451014429213
2007-09-28,1724.9271454570817
2007-10-01,1741.5880130892194
2007-10-02,1746.6202870513628
2007-10-03,1743.3363819483839
2007-10-04,1742.5567256852041
2007-10-05,1759.9519290488888
2007-10-08,1752.501730650731
2007-10-09,1765.5516562914336
2007-10-10,1770.0653857631096
2007-10-11,1777.4015870421192
2007-10-12,1775.588144528877
2007-10-15,1767.7497077046658
2007-10-16,1749.3520040520332
2007-10-17,1755.2089868630546
2007-10-18,1757.5248448517927
2007-10-19,1728.450925191769
2007-10-22,1712.2319956470953
2007-10-23,1735.0841010271113
2007-10-24,1729.3412504482023
2007-10-25,1739.3571648822756
2007-10-26,1765.639720016116
2007-10-29,1782.624086031419
2007-10-30,1773.4430340194633
2007-10-31,1792.1120890408529
2007-11-01,1763.2513550977137
2007-11-02,1754.8850136797246
2007-11-05,1739.7148280425881
2007-11-06,1758.4114344592056
2007-11-07,1738.5049204026031
2007-11-08,1726.7263552711522
2007-11-09,1704.3974348896104
2007-11-12,1676.9834367715926
2007-11-13,1702.5816871210009
2007-11-14,1714.48230677733
2007-11-15,1690.764728422504
2007-11-16,1684.2870072032974
2007-11-19,1657.6119560632578
2007-11-20,1672.0546237560197
2007-11-21,1639.723984711172
2007-11-22,1643.6577894975117
2007-11-23,1662.4771761883133
2007-11-26,1652.0635080686661
2007-11-27,1658.1577151181814
2007-11-28,1689.424354776714
2007-11-29,1701.8102165643907
2007-11-30,1713.0064369932154
2007-12-03,1706.7189046686028
2007-12-04,1696.9131617792957
2007-12-05,1716.5328459458294
2007-12-06,1731.5625558155716
2007-12-07,1737.7090270629412
2007-12-10,1747.3344928147196
2007-12-11,1727.5169316176064
2007-12-12,1729.4519825160835
2007-12-13,1704.5674267167087
2007-12-14,1683.6999626319252
2007-12-17,1649.7554356288188
2007-12-18,1654.4855828137797
2007-12-19,1651.5047379556293
2007-12-20,1655.747193753602
2007-12-21,1681.2761391921122
2007-12-24,1693.1132680861451
2007-12-25,1696.0176404241465
2007-12-26,1702.3794805324064
2007-12-27,1695.6955452566604
2007-12-28,1699.9179046967176
2007-12-31,1694.051038484262
2008-01-01,1694.1062617282726
2008-01-02,1682.527874469183
2008-01-03,1679.7430190377884
2008-01-04,1648.0231085032676
2008-01-07,1639.5107397532342
2008-01-08,1631.9551341479698
2008-01-09,1635.6731705074417
2008-01-10,1635.0216586535525
2008-01-11,1620.7136558446796
2008-01-14,1635.0039283707667
2008-01-15,1597.4827850401043
2008-01-16,1566.8406992114735
2008-01-17,1546.2067203866366
2008-01-18,1535.153788839482
2008-01-21,1484.7822612261818
2008-01-22,1476.7273509749118
2008-01-23,1484.3272861593355
2008-01-24,1529.2068744560654
2008-01-25,1532.5582296670666
2008-01-28,1533.2597943154642
2008-01-29,1549.675583575157
2008-01-30,1539.5504388885297
2008-01-31,1555.256019017214
2008-02-01,1580.2119726199824
2008-02-04,1580.6566463992933
2008-02-05,1532.9295741395506
2008-02-06,1519.2893418019878
2008-02-07,1509.7983260170563
2008-02-08,1507.9427752597726
2008-02-11,1506.1308140615156
2008-02-12,1531.212111114695
2008-02-13,1540.0289711566697
2008-02-14,1544.2774157058427
2008-02-15,1537.8979356666466
2008-02-18,1545.2219004348733
2008-02-19,1554.2474630222293
2008-02-20,1542.5985726319484
2008-02-21,1548.9877411329844
2008-02-22,1549.875804555772
2008-02-25,1573.4402499810121
2008-02-26,1589.9612158321881
2008-02-27,1603.253707469262
2008-02-28,1591.3619562469357
2008-02-29,1559.4785354520907
2008-03-03,1542.9116951473213
2008-03-04,1533.3003185945518
2008-03-05,1546.600155485699
2008-03-06,1532.633347548583
2008-03-07,1511.0250104345962
2008-03-10,1488.0375867744024
2008-03-11,1520.3212243517517
2008-03-12,1532.233804417311
2008-03-13,1525.1849509422418
2008-03-14,1504.5540860954125
2008-03-17,1469.287930564913
2008-03-18,1516.1222609751876
2008-03-19,1493.6713349254533
2008-03-20,1494.4228286543212
2008-03-21,1497.8151780320882
2008-03-24,1510.6629983017003
2008-03-25,1545.5243376469325
2008-03-26,1545.5960486443973
2008-03-27,1542.672797786425
2008-03-28,1536.1494759442253
2008-03-31,1536.6464833440314
2008-04-01,1566.9909971341108
2008-04-02,1583.6537634763463
2008-04-03,1588.5461529626903
2008-04-04,1595.7395037196711
2008-04-07,1603.9699153603895
2008-04-08,1591.914351634391
2008-04-09,1582.189748981904
2008-04-10,1586.4536894298155
2008-04-11,1569.5172401919042
2008-04-14,1557.4964890936005
2008-04-15,1563.8529686678905
2008-04-16,1599.1985344060975
2008-04-17,1597.6719928349014
2008-04-18,1613.794104504787
2008-04-21,1623.4481513815772
2008-04-22,1615.0799990168096
2008-04-23,1616.8351585647756
2008-04-24,1612.8704054425725
2008-04-25,1626.6340932148364
2008-04-28,1631.1065056716068
2008-04-29,1621.3161179014835
2008-04-30,1622.375001048673
2008-05-01,1629.292163806463
2008-05-02,1645.684481822495
2008-05-05,1645.721191735591
2008-05-06,1653.900292936419
2008-05-07,1639.46890542567
2008-05-08,1642.1174565821027
2008-05-09,1628.3597816047563
2008-05-12,1641.6370499159084
2008-05-13,1643.3059485725373
2008-05-14,1648.5048061153884
2008-05-15,1664.9320699373156
2008-05-16,1677.90578551595
2008-05-19,1685.0514457712652
2008-05-20,1670.7540694070642
2008-05-21,1656.488226406933
2008-05-22,1656.529727002804
2008-05-23,1638.4867966727293
2008-05-26,1630.9729872805233
2008-05-27,1632.0341536352516
2008-05-28,1634.8849578396114
2008-05-29,1641.0995978791136
2008-05-30,1647.757069659382
2008-06-02,1638.188752163355
2008-06-03,1629.0729205823152
2008-06-04,1622.5294429085984
2008-06-05,1637.792238048932
2008-06-06,1616.4361608293573
2008-06-09,1606.891852814572
2008-06-10,1583.2798050355445
2008-06-11,1567.17506636168
2008-06-12,1560.377104324189
2008-06-13,1571.9074549668212
2008-06-16,1581.3091367573702
2008-06-17,1584.2046609268402
2008-06-18,1572.0967300329949
2008-06-19,1563.9114753864953
2008-06-20,1542.4894279844173
2008-06-23,1535.1820837756106
2008-06-24,1530.7141780699562
2008-06-25,1540.2426871005384
2008-06-26,1515.5050089397687
2008-06-27,1507.6418984912855
2008-06-30,1512.3846229560495
2008-07-01,1500.4931774658928
2008-07-02,1482.3695410266562
2008-07-03,1476.1656634040448
2008-07-04,1470.126818919383
2008-07-07,1469.522540828271
2008-07-08,1468.1672553175433
2008-07-09,1466.5491153447167
2008-07-10,1464.7938228733772
2008-07-11,1452.1119803556173
2008-07-14,1448.4502889610342
2008-07-15,1427.326440277398
2008-07-16,1440.469726648967
2008-07-17,1464.447244852908
2008-07-18,1465.4479876099451
2008-07-21,1474.9196584031667
2008-07-22,1482.1209194144983
2008-07-23,1491.9735127851995
2008-07-24,1470.726002562295
2008-07-25,1464.3670165816825
2008-07-28,1450.1276119940046
2008-07-29,1455.9164074023024
2008-07-30,1480.5330999925586
2008-07-31,1473.2775202765336
2008-08-01,1457.332761884699
2008-08-04,1441.3191018857747
2008-08-05,1460.9844621023046
2008-08-06,1471.7170177906662
2008-08-07,1454.8705219784663
2008-08-08,1457.37473674542
2008-08-11,1468.9792326571835
2008-08-12,1455.659745429497
2008-08-13,1439.9047342172962
2008-08-14,1446.9939695429634
2008-08-15,1441.0807412056033
2008-08-18,1432.0119904556875
2008-08-19,1409.3168171946602
2008-08-20,1420.5144918656931
2008-08-21,1424.7212190190367
2008-08-22,1434.1067077001514
2008-08-25,1420.4344643331035
2008-08-26,1416.3835976189775
2008-08-27,1427.2073468020963
2008-08-28,1443.9465580500205
2008-08-29,1441.5741806030683
2008-09-01,1429.3190752636258
2008-09-02,1421.6532262526114
2008-09-03,1409.3963035875374
2008-09-04,1371.8238619667338
2008-09-05,1356.3057535035189
2008-09-08,1388.3990194198025
2008-09-09,1351.6716032844454
2008-09-10,1349.6073242977257
2008-09-11,1345.5234890362137
2008-09-12,1367.3150932044775
2008-09-15,1318.2710178657933
2008-09-16,1303.2409615109023
2008-09-17,1265.591865026427
2008-09-18,1289.8644426292885
2008-09-19,1369.1887866794555
2008-09-22,1350.1656505586468
2008-09-23,1331.691952100924
2008-09-24,1326.54832077757
2008-09-25,1345.0831619832147
2008-09-26,1332.4692424414338
2008-09-29,1241.3842707014282
2008-09-30,1261.4393785448585
2008-10-01,1263.1767072571952
2008-10-02,1217.8568329751613
2008-10-03,1212.3784980620474
2008-10-06,1137.9861202709785
2008-10-07,1104.1537681384727
2008-10-08,1061.1585409121512
2008-10-09,1019.5315824773645
2008-10-10,969.4751385954854
2008-10-13,1059.7421572484216
2008-10-14,1090.4775950600715
2008-10-15,1013.0953170318171
2008-10-16,992.7681547590967
2008-10-17,1004.5939876261158
2008-10-20,1045.531018307547
2008-10-21,1027.0752273841374
2008-10-22,960.0301349967991
2008-10-23,957.5663382734213
2008-10-24,913.4521790842726
2008-10-27,874.1865179503015
2008-10-28,935.0915114602096
2008-10-29,969.6888693905596
2008-10-30,1005.2305973955122
2008-10-31,1011.6121895686349
2008-11-03,1017.9436415537741
2008-11-04,1065.2954485281432
2008-11-05,1041.5466471497064
2008-11-06,979.1781658815362
2008-11-07,994.1133143264149
2008-11-10,998.5158384304327
2008-11-11,960.9599113444953
2008-11-12,922.9105931089726
2008-11-13,944.448782360505
2008-11-14,931.6829292496282
2008-11-17,910.2630827004061
2008-11-18,909.7659433611454
2008-11-19,869.8214034690017
2008-11-20,817.625978121109
2008-11-21,840.6684943185793
2008-11-24,896.066763530396
2008-11-25,911.9668963246685
2008-11-26,927.3630993847015
2008-11-27,937.0043409731313
2008-11-28,945.0569112542961
2008-12-01,882.6527456865447
2008-12-02,896.5194706911868
2008-12-03,910.0266066160519
2008-12-04,894.733010365751
2008-12-05,897.7329097870592
2008-12-08,949.0391375251696
2008-12-09,942.1325475760378
2008-12-10,957.2427026207741
2008-12-11,951.8290552969103
2008-12-12,942.3754224738556
2008-12-15,949.8489020255697
2008-12-16,976.2107614502144
2008-12-17,989.1944141674917
2008-12-18,981.5838303934581
2008-12-19,968.1945196586007
2008-12-22,952.1696886717106
2008-12-23,946.1209581094002
2008-12-24,945.6021882919097
2008-12-25,946.6264894229319
2008-12-26,950.6309607010081
2008-12-29,959.1628705187452
2008-12-30,974.9406370431453
2008-12-31,979.2453548391463
2009-01-01,979.4358769634796
2009-01-02,1006.4608822064148
2009-01-05,1008.7104207107441
2009-01-06,1014.3586006614946
2009-01-07,1002.855001838657
2009-01-08,999.1110833190988
2009-01-09,982.6233877225884
2009-01-12,960.4222615005441
2009-01-13,947.3780853879077
2009-01-14,919.9333731689844
2009-01-15,908.7203274558104
2009-01-16,922.5968459181054
2009-01-19,915.9474750276892
2009-01-20,877.6109834538429
2009-01-21,892.5600665689439
2009-01-22,884.7566748421511
2009-01-23,878.7390144946658
2009-01-26,896.1239607316727
2009-01-27,908.7389031122784
2009-01-28,934.7044571648734
2009-01-29,914.4429785358404
2009-01-30,895.5993409074899
2009-02-02,884.1013431924019
2009-02-03,899.8179858695066
2009-02-04,906.0499713584842
2009-02-05,910.9723926259749
2009-02-06,931.6634404398784
2009-02-09,938.8532530067126
2009-02-10,908.870059037397
2009-02-11,906.4398575784948
2009-02-12,897.6290395231867
2009-02-13,898.9188419291245
2009-02-16,892.1058514245858
2009-02-17,854.609583542974
2009-02-18,849.0173168326048
2009-02-19,848.8366235236671
2009-02-20,829.0576025076876
2009-02-23,815.3949033596045
2009-02-24,824.4140754340982
2009-02-25,821.1542468104841
2009-02-26,821.239218612461
2009-02-27,807.8710654039772
2009-03-02,768.1533592049864
2009-03-03,760.1101424986239
2009-03-04,779.5836548473109
2009-03-05,757.5471191397692
2009-03-06,754.8136731839603
2009-03-09,745.8015594716109
2009-03-10,784.1355955802597
2009-03-11,791.4828838365186
2009-03-12,806.2199465562787
2009-03-13,818.7481287957816
2009-03-16,829.3021032816447
2009-03-17,842.6728105839522
2009-03-18,852.978585778226
2009-03-19,869.0487415180331
2009-03-20,855.5869974126455
2009-03-23,898.9196672462976
2009-03-24,893.3261315610481
2009-03-25,899.6972442932223
2009-03-26,914.2386656502009
2009-03-27,896.6125800442479
2009-03-30,860.7382686893054
2009-03-31,874.3205607531826
2009-04-01,888.1687750644678
2009-04-02,927.7101524635054
2009-04-03,930.5287925631113
2009-04-06,925.4067955114551
2009-04-07,909.1913744717161
2009-04-08,911.0078826848095
2009-04-09,939.9282190404695
2009-04-10,941.0770076697719
2009-04-13,946.1291730023513
2009-04-14,942.5787684823771
2009-04-15,943.9377994630192
2009-04-16,956.5528306241835
2009-04-17,961.2663691912622
2009-04-20,928.5421252299546
2009-04-21,934.6396708644716
2009-04-22,936.2781453602001
2009-04-23,944.6776281915148
2009-04-24,963.9120725437981
2009-04-27,955.9357201841807
2009-04-28,944.5778112687194
2009-04-29,967.7302726084421
2009-04-30,977.5952843677698
2009-05-01,980.7316393602594
2009-05-04,1012.1288002208659
2009-05-05,1013.8141681083513
2009-05-06,1027.3202942835899
2009-05-07,1027.269628448879
2009-05-08,1048.1135490342317
2009-05-11,1038.3175524725953
2009-05-12,1036.4250784874375
2009-05-13,1013.6333971872951
2009-05-14,1013.2077321348848
2009-05-15,1014.5923982672763
2009-05-18,1033.4360599211136
2009-05-19,1047.6495259165856
2009-05-20,1055.3517419071452
2009-05-21,1037.4766543989174
2009-05-22,1041.9992962099875
2009-05-25,1043.602800323912
2009-05-26,1057.6646201060912
2009-05-27,1054.2955135680652
2009-05-28,1058.3500958833085
2009-05-29,1074.946800484232
2009-06-01,1103.732719735015
2009-06-02,1108.1850989638447
2009-06-03,1090.0562889424918
2009-06-04,1092.7202547435909
2009-06-05,1089.9980758351774
2009-06-08,1080.6729170991616
2009-06-09,1087.7735103845932
2009-06-10,1095.614819485496
2009-06-11,1105.1506775506582
2009-06-12,1102.6486403339352
2009-06-15,1074.0067549186656
2009-06-16,1064.8708938944258
2009-06-17,1054.9466469696927
2009-06-18,1060.0635605265848
2009-06-19,1067.3803167408926
2009-06-22,1040.237774025246
2009-06-23,1037.243055397964
2009-06-24,1052.8062553536788
2009-06-25,1060.5983212695992
2009-06-26,1068.7329858989303
2009-06-29,1076.0736710186804
2009-06-30,1068.9794696121944
2009-07-01,1079.7136710826378
2009-07-02,1054.054863134518
2009-07-03,1053.2356800917107
2009-07-06,1045.0149905340263
2009-07-07,1034.2324747541502
2009-07-08,1023.9738807794083
2009-07-09,1029.7425248908526
2009-07-10,1023.7358655789378
2009-07-13,1034.6665545748212
2009-07-14,1048.1638267361393
2009-07-15,1078.63098765488
2009-07-16,1088.036636396825
2009-07-17,1091.4815425959466
2009-07-20,1108.441645869986
2009-07-21,1117.9577985341048
2009-07-22,1117.8494147318183
2009-07-23,1139.472627665562
2009-07-24,1142.4888542706603
2009-07-27,1148.8351050640474
2009-07-28,1145.386780680571
2009-07-29,1138.4953534908934
2009-07-30,1155.43734141475
2009-07-31,1163.027253196659
2009-08-03,1187.004696366358
2009-08-04,1187.5011276700927
2009-08-05,1181.8353356632615
2009-08-06,1179.7253825141624
2009-08-07,1183.1794004364062
2009-08-10,1180.5255883777006
2009-08-11,1168.4435919166153
2009-08-12,1177.0115766386039
2009-08-13,1191.83152457551
2009-08-14,1184.4470612479577
2009-08-17,1150.0436418667127
2009-08-18,1161.6390623648192
2009-08-19,1166.9254688335257
2009-08-20,1181.5645554682778
2009-08-21,1200.1289676290444
2009-08-24,1209.9546057100629
2009-08-25,1212.3098077774698
2009-08-26,1207.3856901805668
2009-08-27,1205.2997918321505
2009-08-28,1214.832494193789
2009-08-31,1204.6094456887324
2009-09-01,1186.553571421837
2009-09-02,1177.308755686843
2009-09-03,1184.2181147484894
2009-09-04,1197.2484721358921
2009-09-07,1208.9438775741892
2009-09-08,1224.7291431408983
2009-09-09,1232.2811877414642
2009-09-10,1241.8277343543505
2009-09-11,1247.5090248080242
2009-09-14,1245.089691045663
2009-09-15,1248.2443662537844
2009-09-16,1269.6062004585908
2009-09-17,1274.622010373682
2009-09-18,1271.649533338132
2009-09-21,1261.9705064539417
2009-09-22,1276.203846197824
2009-09-23,1270.2482496146793
2009-09-24,1253.897224001174
2009-09-25,1247.2355763422286
2009-09-28,1258.6875988473867
2009-09-29,1258.184812531248
2009-09-30,1259.7571644984944
2009-10-01,1234.9013859509107
2009-10-02,1220.392090057369
2009-10-05,1231.6738370768333
2009-10-06,1256.624134765263
2009-10-07,1258.6308349178403
2009-10-08,1274.8178961523054
2009-10-09,1278.1275879313246
2009-10-12,1284.8459895060846
2009-10-13,1281.2848691903014
2009-10-14,1304.9612616621725
2009-10-15,1309.6010765161202
2009-10-16,1297.776949691799
2009-10-19,1313.8731050521424
2009-10-20,1308.5520231763603
2009-10-21,1305.4972143315592
2009-10-22,1304.3720641841776
2009-10-23,1295.6073426035439
2009-10-26,1282.0745145824196
2009-10-27,1270.5240143786884
2009-10-28,1243.4427844128945
2009-10-29,1262.7127442089711
2009-10-30,1240.3182834889933
2009-11-02,1242.7986696369346
2009-11-03,1236.3973686366705
2009-11-04,1251.6330757560513
2009-11-05,1265.165588435646
2009-11-06,1270.0566727350792
2009-11-09,1299.2483503817289
2009-11-10,1299.079443228714
2009-11-11,1306.1445256367629
2009-11-12,1294.4785140795107
2009-11-13,1300.9790363703314
2009-11-16,1321.2656799585977
2009-11-17,1315.2323200499338
2009-11-18,1317.7876719942803
2009-11-19,1296.2904569015996
2009-11-20,1289.6540956753438
2009-11-23,1311.5591587566282
2009-11-24,1305.1517321790814
2009-11-25,1316.7068837538
2009-11-26,1297.6361287270904
2009-11-27,1284.7581742689122
2009-11-30,1291.2488244572748
2009-12-01,1317.2608670367988
2009-12-02,1320.6840601801955
2009-12-03,1318.268680934574
2009-12-04,1316.1895652738165
2009-12-07,1312.2704130073937
2009-12-08,1296.7544610939538
2009-12-09,1293.2683983506943
2009-12-10,1298.8143923044295
2009-12-11,1301.6570550363792
2009-12-14,1311.964689474234
2009-12-15,1304.4110400311433
2009-12-16,1311.8768186254797
2009-12-17,1288.797234210679
2009-12-18,1286.7657715900934
2009-12-21,1297.6123836952697
2009-12-22,1302.4236383530792
2009-12-23,1311.2349257956762
2009-12-24,1318.6214967004848
2009-12-25,1318.082780437304
2009-12-28,1324.15902235059
2009-12-29,1325.7607155935802
2009-12-30,1319.2947728063768
2009-12-31,1318.0765904147581
2010-01-01,1318.0765904147581
2010-01-04,1341.2602703338223
2010-01-05,1346.5383956657608
2010-01-06,1348.4394858296416
2010-01-07,1346.5794156557492
2010-01-08,1352.178096333251
2010-01-11,1363.0164301206391
2010-01-12,1354.138349794481
2010-01-13,1354.8353278249788
2010-01-14,1361.3121492474768
2010-01-15,1348.83436620831
2010-01-18,1351.666457730538
2010-01-19,1356.820432256804
2010-01-20,1335.6875832103026
2010-01-21,1315.6673669579468
2010-01-22,1295.9868897441347
2010-01-25,1294.238551382053
2010-01-26,1285.190355993561
2010-01-27,1280.576944638041
2010-01-28,1270.8863836926423
2010-01-29,1261.1821081893481
2010-02-01,1270.8985286757459
2010-02-02,1287.4044092926597
2010-02-03,1283.806612480401
2010-02-04,1247.3992173408005
2010-02-05,1231.7437765005673
2010-02-08,1228.4474442067885
2010-02-09,1239.3819106267977
2010-02-10,1240.6365592460822
2010-02-11,1249.1809682661888
2010-02-12,1248.1392727953964
2010-02-15,1248.8350491324038
2010-02-16,1267.3810209851285
2010-02-17,1278.60190087893
2010-02-18,1283.3412918454528
2010-02-19,1277.2911717786528
2010-02-22,1284.3951851032773
2010-02-23,1272.8380143458849
2010-02-24,1276.453693014773
2010-02-25,1265.7272303968982
2010-02-26,1277.183277669538
2010-03-01,1286.510410627316
2010-03-02,1297.4103874161299
2010-03-03,1306.6688802391234
2010-03-04,1304.2278658577723
2010-03-05,1321.2300288666984
2010-03-08,1327.4479472255375
2010-03-09,1326.9298999893765
2010-03-10,1334.5650598515613
2010-03-11,1336.4286285539863
2010-03-12,1341.5648429413102
2010-03-15,1334.6392091915664
2010-03-16,1347.6535176945795
2010-03-17,1358.923363558849
2010-03-18,1352.501118257384
2010-03-19,1346.0700920279057
2010-03-22,1347.3588582112834
2010-03-23,1355.4463157529337
2010-03-24,1344.7940348237346
2010-03-25,1345.8953253155255
2010-03-26,1348.153934334917
2010-03-29,1358.1613804346212
2010-03-30,1359.7100875900069
2010-03-31,1359.3675196396377
2010-04-01,1373.95399912094
2010-04-02,1374.783650056763
2010-04-05,1380.730245097482
2010-04-06,1381.9575090657968
2010-04-07,1378.1143148358246
2010-04-08,1374.9548399733737
2010-04-09,1388.2146774862997
2010-04-12,1393.7762067910828
2010-04-13,1389.2501067005444
2010-04-14,1404.70824431844
2010-04-15,1407.4234209730926
2010-04-16,1385.6000618211333
2010-04-19,1377.5680077320187
2010-04-20,1390.0637978063592
2010-04-21,1388.1995368314278
2010-04-22,1380.640234464694
2010-04-23,1387.9961490126332
2010-04-26,1393.1623953829837
2010-04-27,1364.8581942961277
2010-04-28,1354.3445204379261
2010-04-29,1369.9148899600045
2010-04-30,1361.6537930154889
2010-05-03,1363.6455534410347
2010-05-04,1330.324507765495
2010-05-05,1313.9944839926434
2010-05-06,1278.4633492809346
2010-05-07,1249.4798764877382
2010-05-10,1309.8837548697354
2010-05-11,1300.2741719658432
2010-05-12,1315.8176004043526
2010-05-13,1311.1935893263592
2010-05-14,1279.9644709252846
2010-05-17,1269.002316072713
2010-05-18,1265.0839386117232
2010-05-19,1244.2319175427215
2010-05-20,1207.7968606749691
2010-05-21,1218.4543100659996
2010-05-24,1210.1227849269242
2010-05-25,1188.4759424604772
2010-05-26,1198.1454950652999
2010-05-27,1233.2991088327249
2010-05-28,1231.2392772003336
2010-05-31,1232.4317137422902
2010-06-01,1218.974080757533
2010-06-02,1229.2192394874876
2010-06-03,1243.7616081504511
2010-06-04,1211.400428841413
2010-06-07,1188.5604838422798
2010-06-08,1192.901447074963
2010-06-09,1198.5415075401943
2010-06-10,1225.420093101482
2010-06-11,1232.648356585568
2010-06-14,1245.5396024794186
2010-06-15,1263.8924944634132
2010-06-16,1267.6795866002487
2010-06-17,1270.0684368214038
2010-06-18,1273.5918870866383
2010-06-21,1283.1612869749424
2010-06-22,1266.077834849184
2010-06-23,1255.542071537311
2010-06-24,1240.8248804804848
2010-06-25,1237.176803938332
2010-06-28,1241.126848856266
2010-06-29,1202.1951824842045
2010-06-30,1194.4358053573146
2010-07-01,1187.8140822379783
2010-07-02,1189.152837524941
2010-07-05,1186.2432024753016
2010-07-06,1207.1117228199698
2010-07-07,1227.3048985488263
2010-07-08,1242.2709535322858
2010-07-09,1250.814243441634
2010-07-12,1250.9210826541896
2010-07-13,1269.2416174827954
2010-07-14,1274.0726033365931
2010-07-15,1273.4152207835077
2010-07-16,1248.8919747158525
2010-07-19,1247.673298931868
2010-07-20,1253.3610657968172
2010-07-21,1250.230997297
2010-07-22,1273.419917256224
2010-07-23,1282.1273581282976
2010-07-26,1295.1018995180414
2010-07-27,1297.2631038446825
2010-07-28,1295.9237045988366
2010-07-29,1295.4392804430895
2010-07-30,1291.6215985476
2010-08-02,1322.6918003010082
2010-08-03,1323.0019056362344
2010-08-04,1323.2418994190994
2010-08-05,1323.8290078775442
2010-08-06,1323.1281776269054
2010-08-09,1329.8394789634383
2010-08-10,1314.6431978968417
2010-08-11,1279.2652675518148
2010-08-12,1271.547755178135
2010-08-13,1269.8320160993744
2010-08-16,1273.460281668463
2010-08-17,1287.7140091427482
2010-08-18,1288.7907499447156
2010-08-19,1276.1312018258643
2010-08-20,1261.98145160415
2010-08-23,1261.2057035612734
2010-08-24,1244.9294058772357
2010-08-25,1237.9153819693488
2010-08-26,1242.024391128912
2010-08-27,1254.7127485853275
2010-08-30,1249.6704438705153
2010-08-31,1246.385312930556
2010-09-01,1280.676295735395
2010-09-02,1289.3165311530386
2010-09-03,1303.1355126038766
2010-09-06,1309.399268814344
2010-09-07,1295.9825213284212
2010-09-08,1300.8840661806028
2010-09-09,1309.8646775804445
2010-09-10,1312.8551718572412
2010-09-13,1332.1173039534772
2010-09-14,1336.1462696621718
2010-09-15,1337.6976808636514
2010-09-16,1334.4087734212535
2010-09-17,1334.3077641019504
2010-09-20,1351.2700100222962
2010-09-21,1349.1786746074515
2010-09-22,1351.020373342434
2010-09-23,1343.6857240698996
2010-09-24,1364.4486583722487
2010-09-27,1363.496057471404
2010-09-28,1367.9590199867225
2010-09-29,1369.4446997790087
2010-09-30,1365.6076733573673
2010-10-01,1372.4696764246619
2010-10-04,1364.4924405386316
2010-10-05,1389.1537836249834
2010-10-06,1397.4135836463781
2010-10-07,1397.779078053663
2010-10-08,1400.9139262367632
2010-10-11,1402.778610193306
2010-10-12,1398.62709179583
2010-10-13,1416.1905276428533
2010-10-14,1421.863334547519
2010-10-15,1418.319515952361
2010-10-18,1421.1694629932847
2010-10-19,1399.6201586766722
2010-10-20,1413.3449830086008
2010-10-21,1417.353541756323
2010-10-22,1415.2300202972954
2010-10-25,1423.7185787026094
2010-10-26,1418.0606837197931
2010-10-27,1405.2024321097906
2010-10-28,1413.397891431952
2010-10-29,1414.7973814430586
2010-11-01,1418.5352756662787
2010-11-02,1429.8135707284223
2010-11-03,1431.4653505777924
2010-11-04,1464.3459751607095
2010-11-05,1466.5221790022294
2010-11-08,1463.1908020787191
2010-11-09,1460.8673826389004
2010-11-10,1451.4966957066563
2010-11-11,1447.6373756276996
2010-11-12,1433.0690229826562
2010-11-15,1431.0579612162833
2010-11-16,1405.8667892283631
2010-11-17,1407.0054003073635
2010-11-18,1429.5853642512077
2010-11-19,1431.0004655446955
2010-11-22,1427.447847776015
2010-11-23,1402.5686358304915
2010-11-24,1415.0444667580414
2010-11-25,1417.2814997729201
2010-11-26,1400.8675439666624
2010-11-29,1391.4352439758952
2010-11-30,1383.3366592507189
2010-12-01,1410.4471477432983
2010-12-02,1434.1206837124776
2010-12-03,1445.2654793439906
2010-12-06,1443.709308063961
2010-12-07,1449.0780551988498
2010-12-08,1443.709564825276
2010-12-09,1448.6759424556976
2010-12-10,1453.673367792326
2010-12-13,1464.017886225529
2010-12-14,1467.5168914861104
2010-12-15,1458.0113896512216
2010-12-16,1456.9381729081554
2010-12-17,1455.403387869126
2010-12-20,1456.6054002014644
2010-12-21,1470.527567065344
2010-12-22,1473.4708938951158
2010-12-23,1473.5614751073902
2010-12-24,1474.3289224324637
2010-12-27,1472.5353652921026
2010-12-28,1475.4139438949771
2010-12-29,1481.0520302117363
2010-12-30,1480.3028857207871
2010-12-31,1484.679419842135
2011-01-03,1494.76312500016
2011-01-04,1496.4271014126768
2011-01-05,1491.6392435496994
2011-01-06,1489.2772731373793
2011-01-07,1485.6518466478735
2011-01-10,1477.9663738682445
2011-01-11,1485.8253561996496
2011-01-12,1505.6760572160044
2011-01-13,1512.5961162099052
2011-01-14,1515.7377425467018
2011-01-17,1513.301742299941
2011-01-18,1522.8374361829383
2011-01-19,1516.0152607120979
2011-01-20,1499.0739962409527
2011-01-21,1505.410186562817
2011-01-24,1515.0978730758884
2011-01-25,1513.7400341505231
2011-01-26,1522.4605898833365
2011-01-27,1525.2385164239472
2011-01-28,1503.4795341059692
2011-01-31,1508.1777148800138
2011-02-01,1532.460872175658
2011-02-02,1536.029543749767
2011-02-03,1532.8637115292818
2011-02-04,1533.996892113339
2011-02-07,1541.5486155013084
2011-02-08,1549.4182872114493
2011-02-09,1541.8415548847665
2011-02-10,1533.6679288460825
2011-02-11,1537.2294125350284
2011-02-14,1543.8674854752876
2011-02-15,1543.1225598686644
2011-02-16,1551.781624452345
2011-02-17,1560.0983904293464
2011-02-18,1564.870530992175
2011-02-21,1560.1071219841997
2011-02-22,1536.8192083549004
2011-02-23,1527.653130538487
2011-02-24,1523.5556387186955
2011-02-25,1540.162251228316
2011-02-28,1552.1194836479624
2011-03-01,1542.1896760140428
2011-03-02,1539.6631470201883
2011-03-03,1556.5589391919434
2011-03-04,1555.0305378589248
2011-03-07,1544.440899491009
2011-03-08,1547.4162501455735
2011-03-09,1546.322926951234
2011-03-10,1516.6781490515007
2011-03-11,1517.0703488469267
2011-03-14,1504.8687251619244
2011-03-15,1471.0086326909325
2011-03-16,1460.1362024679026
2011-03-17,1478.8786319969215
2011-03-18,1487.6385627980324
2011-03-21,1510.1099643027092
2011-03-22,1515.6117979996427
2011-03-23,1516.8867993357533
2011-03-24,1531.4188666682248
2011-03-25,1535.0164032789248
2011-03-28,1529.8808899302908
2011-03-29,1534.1783243301168
2011-03-30,1549.6002291713455
2011-03-31,1550.604514529002
2011-04-01,1559.897897362924
2011-04-04,1565.8688746344494
2011-04-05,1564.1983942518953
2011-04-06,1571.2515725316862
2011-04-07,1567.4944539472115
2011-04-08,1574.5207911207972
2011-04-11,1570.7572395251598
2011-04-12,1551.8412618318625
2011-04-13,1558.383521022838
2011-04-14,1555.8503641869029
2011-04-15,1557.2853308966012
2011-04-18,1532.9278362983187
2011-04-19,1541.3740442300361
2011-04-20,1572.6658298773643
2011-04-21,1585.7704343742064
2011-04-22,1585.8572500789458
2011-04-25,1581.9515242708112
2011-04-26,1591.2840836608093
2011-04-27,1596.123079315829
2011-04-28,1609.552153198162
2011-04-29,1614.1588189864294
2011-05-02,1618.246136593201
2011-05-03,1605.8462668367172
2011-05-04,1591.8561845152922
2011-05-05,1574.5428796868136
2011-05-06,1579.1728352512218
2011-05-09,1573.5836880693246
2011-05-10,1587.2662397674255
2011-05-11,1578.7712191312798
2011-05-12,1569.4427966073658
2011-05-13,1561.2538624541717
2011-05-16,1553.5903545527738
2011-05-17,1545.773712014112
2011-05-18,1560.447035409559
2011-05-19,1563.9423955559246
2011-05-20,1555.1013969541093
2011-05-23,1527.5362942716688
2011-05-24,1531.6535379324366
2011-05-25,1535.0572831673826
2011-05-26,1544.8242747167449
2011-05-27,1559.226509361565
2011-05-30,1559.1890933742177
2011-05-31,1579.4287279201862
2011-06-01,1560.5688853353356
2011-06-02,1549.0264436550704
2011-06-03,1543.1858172219838
2011-06-06,1531.8063265080082
2011-06-07,1534.6997562541192
2011-06-08,1523.3502119048605
2011-06-09,1528.902590873002
2011-06-10,1506.955948812537
2011-06-13,1506.4093305702224
2011-06-14,1525.7471040188866
2011-06-15,1502.5132436038577
2011-06-16,1488.4557881771887
2011-06-17,1494.890977601852
2011-06-20,1494.9991515358236
2011-06-21,1518.172164498235
2011-06-22,1516.5806309761522
2011-06-23,1496.434298941034
2011-06-24,1492.213701500092
2011-06-27,1498.052732534761
2011-06-28,1514.67836127441
2011-06-29,1534.751189786431
2011-06-30,1554.649406616345
2011-07-01,1569.4404019909541
2011-07-04,1576.2608687302193
2011-07-05,1573.4464127633282
2011-07-06,1568.7477252433785
2011-07-07,1580.5711292084911
2011-07-08,1570.5702206944486
2011-07-11,1538.1650932120551
2011-07-12,1526.5796285930576
2011-07-13,1542.94861893321
2011-07-14,1532.911764025313
2011-07-15,1535.2846981467321
2011-07-18,1516.5917252381828
2011-07-19,1537.546328017433
2011-07-20,1546.7709806681016
2011-07-21,1567.8606482263474
2011-07-22,1574.7961947633696
2011-07-25,1566.0492603137943
2011-07-26,1569.1017551829916
2011-07-27,1544.2159434728133
2011-07-28,1537.2604219737007
2011-07-29,1529.2412920163338
2011-08-01,1522.2251464973058
2011-08-02,1490.3663708203117
2011-08-03,1479.7098985234759
2011-08-04,1419.4225627562594
2011-08-05,1399.103811251456
2011-08-08,1328.0033404213864
2011-08-09,1356.3722661341892
2011-08-10,1324.0821055718236
2011-08-11,1362.4890524132286
2011-08-12,1377.0295966475924
2011-08-15,1405.8830676477808
2011-08-16,1398.7421041769007
2011-08-17,1403.9552661858297
2011-08-18,1345.427408999071
2011-08-19,1324.405503109532
2011-08-22,1323.370160476977
2011-08-23,1353.8386198793007
2011-08-24,1363.5227823390528
2011-08-25,1348.5006668691437
2011-08-26,1357.5815185958545
2011-08-29,1391.3371509998817
2011-08-30,1398.4580761062175
2011-08-31,1417.3796935200453
2011-09-01,1410.209291392004
2011-09-02,1379.0225904228416
2011-09-05,1351.3046423364665
2011-09-06,1339.2533573019628
2011-09-07,1375.5149990919076
2011-09-08,1372.4673091549741
2011-09-09,1333.1598691122115
2011-09-12,1317.0403277267067
2011-09-13,1328.2975969831657
2011-09-14,1336.7126358327473
2011-09-15,1363.6097949592747
2011-09-16,1372.7209987336892
2011-09-19,1348.0446522267928
2011-09-20,1353.866155681139
2011-09-21,1326.753375232691
2011-09-22,1267.307788887079
2011-09-23,1269.5078444578057
2011-09-26,1282.3593020658861
2011-09-27,1321.3249276428865
2011-09-28,1304.1899574158458
2011-09-29,1312.2118763166245
2011-09-30,1283.649788940352
2011-10-03,1248.803083335508
2011-10-04,1244.61687180916
2011-10-05,1267.7553221049739
2011-10-06,1301.0249261979807
2011-10-07,1307.079638016394
2011-10-10,1340.6531347814405
2011-10-11,1345.5257839936326
2011-10-12,1364.8748866751366
2011-10-13,1359.7011624506756
2011-10-14,1378.0631567430755
2011-10-17,1364.5128505985426
2011-10-18,1367.3204918612453
2011-10-19,1366.294288890187
2011-10-20,1353.436867915999
2011-10-21,1383.563656536232
2011-10-24,1406.8969146791292
2011-10-25,1391.6817429620157
2011-10-26,1397.3284148319317
2011-10-27,1454.7570653726875
2011-10-28,1461.2807188396182
2011-10-31,1421.1426119195655
2011-11-01,1372.9830030011694
2011-11-02,1389.6061713384663
2011-11-03,1406.8382186699666
2011-11-04,1406.0316503084705
2011-11-07,1408.4482918855308
2011-11-08,1419.6330889207325
2011-11-09,1382.1485670078978
2011-11-10,1375.9432309255405
2011-11-11,1406.1183210168988
2011-11-14,1396.2214214221835
2011-11-15,1391.491689564442
2011-11-16,1377.8060683656379
2011-11-17,1359.8098593107425
2011-11-18,1351.2628791191303
2011-11-21,1319.8746748397398
2011-11-22,1316.0299288412575
2011-11-23,1286.8890483758544
2011-11-24,1284.3500034422025
2011-11-25,1280.344947838229
2011-11-28,1320.2158124064165
2011-11-29,1329.2151579664421
2011-11-30,1378.562896749819
2011-12-01,1384.2499502413375
2011-12-02,1387.8492056251434
2011-12-05,1400.7748762914723
2011-12-06,1392.6550752377004
2011-12-07,1397.614955972478
2011-12-08,1372.3950200259778
2011-12-09,1382.7492621070837
2011-12-12,1362.4196989038408
2011-12-13,1351.3973953596972
2011-12-14,1328.3598128970775
2011-12-15,1330.894202059975
2011-12-16,1335.961695809987
2011-12-19,1321.7847090389282
2011-12-20,1353.2196439135093
2011-12-21,1356.4196734378424
2011-12-22,1366.6693297678164
2011-12-23,1377.144930471414
2011-12-26,1377.7525775763768
2011-12-27,1377.9295966721359
2011-12-28,1360.2300989893654
2011-12-29,1370.2396612613784
2011-12-30,1375.8007956369838
2012-01-02,1379.480407524279
2012-01-03,1404.2578076723792
2012-01-04,1401.3933471586906
2012-01-05,1393.7224466898936
2012-01-06,1387.435700520189
2012-01-09,1389.0063410484227
2012-01-10,1407.7739427239094
2012-01-11,1404.4807533121766
2012-01-12,1408.5231255577858
2012-01-13,1402.000512237886
2012-01-16,1403.3084798696107
2012-01-17,1416.5066155420443
2012-01-18,1428.9764693997583
2012-01-19,1442.0234329555858
2012-01-20,1445.425413554432
2012-01-23,1453.47123893704
2012-01-24,1447.4718203058105
2012-01-25,1454.3457541980313
2012-01-26,1464.6896704078836
2012-01-27,1460.3506005163188
2012-01-30,1451.1591955918627
2012-01-31,1455.7427411302783
2012-02-01,1474.8264812513132
2012-02-02,1479.9167005352338
2012-02-03,1494.8957238169312
2012-02-06,1494.4264672652268
2012-02-07,1499.5994119122904
2012-02-08,1505.0934613660345
2012-02-09,1508.3881231146947
2012-02-10,1489.8623169226998
2012-02-13,1501.8151598654144
2012-02-14,1495.3802180805544
2012-02-15,1498.9149350878292
2012-02-16,1502.9085206373975
2012-02-17,1513.5104520640064
2012-02-20,1522.989245760897
2012-02-21,1520.8000593906215
2012-02-22,1515.188105909568
2012-02-23,1519.7571930922998
2012-02-24,1527.7557105538167
2012-02-27,1523.6386507465538
2012-02-28,1531.0955356955587
2012-02-29,1529.0614744374939
2012-03-01,1534.4700414865608
2012-03-02,1529.08859696279
2012-03-05,1519.8430062370066
2012-03-06,1488.2031731527848
2012-03-07,1493.3385491268498
2012-03-08,1516.4408712168693
2012-03-09,1519.3901878535507
2012-03-12,1515.3643729449575
2012-03-13,1537.9894173427197
2012-03-14,1535.3166060038382
2012-03-15,1544.0306185326442
2012-03-16,1550.301069801345
2012-03-19,1554.8225458153452
2012-03-20,1543.5402910613698
2012-03-21,1538.8355257026856
2012-03-22,1529.3401371879738
2012-03-23,1533.6427667622002
2012-03-26,1549.6551056980259
2012-03-27,1550.7517563614988
2012-03-28,1539.986155513166
2012-03-29,1530.6977205850358
2012-03-30,1539.1873117347254
2012-04-02,1553.1431779792931
2012-04-03,1547.244533538264
2012-04-04,1518.201505836127
2012-04-05,1516.772355149239
2012-04-06,1515.5931739606933
2012-04-09,1504.526417289461
2012-04-10,1481.35469992978
2012-04-11,1488.9110005345583
2012-04-12,1508.6789276199584
2012-04-13,1493.109849777013
2012-04-16,1490.4812753385331
2012-04-17,1511.2006310395643
2012-04-18,1508.7452504214061
2012-04-19,1502.5320978808725
2012-04-20,1506.4570473598199
2012-04-23,1486.3341041474744
2012-04-24,1494.7516210147699
2012-04-25,1509.2627852622104
2012-04-26,1518.3489129097136
2012-04-27,1524.6939488253008
2012-04-30,1521.5494769800127
2012-05-01,1524.5558215215017
2012-05-02,1520.0191098229113
2012-05-03,1511.889673715797
2012-05-04,1490.1705491451826
2012-05-07,1484.0796857547414
2012-05-08,1471.8554686624625
2012-05-09,1459.6967073013313
2012-05-10,1465.118115409906
2012-05-11,1460.7666539640627
2012-05-14,1438.9135036514158
2012-05-15,1427.4744781831391
2012-05-16,1414.0416355962655
2012-05-17,1400.0548433448766
2012-05-18,1384.1946835832466
2012-05-21,1399.2175231494139
2012-05-22,1409.1189193161513
2012-05-23,1392.0412789676946
2012-05-24,1397.4372606875938
2012-05-25,1394.6530235969462
2012-05-28,1397.712455632501
2012-05-29,1411.9159775666328
2012-05-30,1388.9969931019268
2012-05-31,1385.0952105232666
2012-06-01,1357.4264389407929
2012-06-04,1353.4658832970483
2012-06-05,1361.5774271187245
2012-06-06,1391.349668831853
2012-06-07,1400.807750992296
2012-06-08,1397.428377040934
2012-06-11,1394.5086398546475
2012-06-12,1402.2344635526738
2012-06-13,1401.9458718852409
2012-06-14,1406.9542665297663
2012-06-15,1422.1145995084319
2012-06-18,1427.2695839821422
2012-06-19,1444.8066479291247
2012-06-20,1448.4677730413835
2012-06-21,1422.2248124367943
2012-06-22,1418.0776861182387
2012-06-25,1397.748981267081
2012-06-26,1400.5600168257106
2012-06-27,1413.7295854517906
2012-06-28,1410.7710606359872
2012-06-29,1453.5495172757433
2012-07-02,1459.2972598573954
2012-07-03,1473.6622801335225
2012-07-04,1472.5181356903108
2012-07-05,1464.3612443531815
2012-07-06,1449.341526230093
2012-07-09,1442.0247442557677
2012-07-10,1436.3024167598016
2012-07-11,1436.0429673556002
2012-07-12,1420.8837557313161
2012-07-13,1441.9286954420897
2012-07-16,1441.877256000187
2012-07-17,1447.0722600911433
2012-07-18,1457.006404634986
2012-07-19,1468.0779873648453
2012-07-20,1450.3080787259946
2012-07-23,1425.7021991199688
2012-07-24,1415.7289614682252
2012-07-25,1413.917418409164
2012-07-26,1442.9329898102105
2012-07-27,1470.7755920096104
2012-07-30,1476.2119320317554
2012-07-31,1473.5102129430852
2012-08-01,1471.396247881911
2012-08-02,1456.1969917724407
2012-08-03,1483.245813391417
2012-08-06,1494.622297200342
2012-08-07,1503.547340469583
2012-08-08,1504.5155185767571
2012-08-09,1508.2268499803135
2012-08-10,1508.8488163107634
2012-08-13,1505.5497816604473
2012-08-14,1507.869121035975
2012-08-15,1507.0767571855388
2012-08-16,1518.585426980042
2012-08-17,1520.379098598129
2012-08-20,1519.815442840527
2012-08-21,1524.9173663462152
2012-08-22,1518.1001055395523
2012-08-23,1516.3844977993854
2012-08-24,1515.3890872190877
2012-08-27,1515.350889550306
2012-08-28,1512.2607016270783
2012-08-29,1510.685088411764
2012-08-30,1497.583465504337
2012-08-31,1505.582037499787
2012-09-03,1508.4318881050801
2012-09-04,1501.1193833233087
2012-09-05,1498.4289872716133
2012-09-06,1525.9369393246911
2012-09-07,1544.548737839152
2012-09-10,1538.944300046213
2012-09-11,1545.1698423507876
2012-09-12,1551.571270335445
2012-09-13,1565.5199658062313
2012-09-14,1590.5142011567073
2012-09-17,1584.8368960570267
2012-09-18,1578.4101128273676
2012-09-19,1583.4661908328173
2012-09-20,1574.140638137237
2012-09-21,1579.4886180842002
2012-09-24,1572.779752686225
2012-09-25,1567.711684644667
2012-09-26,1548.3091955266868
2012-09-27,1561.0666645631702
2012-09-28,1552.9574298684136
2012-10-01,1561.1282995602107
2012-10-02,1562.103935671034
2012-10-03,1560.8778306462218
2012-10-04,1571.9177647269196
2012-10-05,1578.6384484006298
2012-10-08,1567.9516205791858
2012-10-09,1554.3419333413726
2012-10-10,1544.9554725674125
2012-10-11,1549.625001633813
2012-10-12,1546.8920944672707
2012-10-15,1553.6074595350196
2012-10-16,1572.4438261706573
2012-10-17,1584.7531935769987
2012-10-18,1585.1779357447565
2012-10-19,1565.8770122658877
2012-10-22,1564.674817832359
2012-10-23,1541.0424576983291
2012-10-24,1539.4661312478925
2012-10-25,1544.514359082723
2012-10-26,1540.2392830711597
2012-10-29,1536.7779577106032
2012-10-30,1542.785829293835
2012-10-31,1542.5898725116224
2012-11-01,1555.5717091262845
2012-11-02,1548.9111311805407
2012-11-05,1545.7246566495733
2012-11-06,1555.1664884887814
2012-11-07,1532.8681015990473
2012-11-08,1517.7726329328161
2012-11-09,1516.481644868501
2012-11-12,1514.4123517420253
2012-11-13,1510.6875297828374
2012-11-14,1495.5483104857199
2012-11-15,1490.9965461533304
2012-11-16,1489.6021794627184
2012-11-19,1519.9019594232068
2012-11-20,1520.7123610422248
2012-11-21,1524.2838547157742
2012-11-22,1531.6676671423304
2012-11-23,1548.63238754584
2012-11-26,1546.208573411481
2012-11-27,1543.1384381090086
2012-11-28,1547.018741438518
2012-11-29,1560.8160484945124
2012-11-30,1562.3193145316488
2012-12-03,1561.3309518961612
2012-12-04,1560.9403299416429
2012-12-05,1564.5779651547318
2012-12-06,1569.2956413940374
2012-12-07,1571.5842076688482
2012-12-10,1573.8959831375812
2012-12-11,1583.2611535338226
2012-12-12,1587.2326335612777
2012-12-13,1582.8278355909074
2012-12-14,1580.7118976120662
2012-12-17,1590.3068693648963
2012-12-18,1604.731227429645
2012-12-19,1607.1555348007817
2012-12-20,1610.2347451419007
2012-12-21,1597.2311003369796
2012-12-24,1594.6751502239688
2012-12-25,1595.7407793312868
2012-12-26,1593.0880441187555
2012-12-27,1594.1490400020436
2012-12-28,1585.5567512101177
2012-12-31,1597.662731911954
2013-01-01,1597.8294105623916
2013-01-02,1632.3239789358352
2013-01-03,1630.1590394597804
2013-01-04,1635.144981435651
2013-01-07,1631.4143274348937
2013-01-08,1625.5915426029678
2013-01-09,1631.3224736774011
2013-01-10,1643.8842796949007
2013-01-11,1646.754699399315
2013-01-14,1646.4684849857977
2013-01-15,1647.7676633905505
2013-01-16,1643.459200784114
2013-01-17,1651.3645392012415
2013-01-18,1654.9093150908782
2013-01-21,1655.9194427763186
2013-01-22,1660.3897473930797
2013-01-23,1659.3576130242652
2013-01-24,1661.90620104551
2013-01-25,1670.9747363107945
2013-01-28,1667.1195826256758
2013-01-29,1676.6921890252058
2013-01-30,1675.2835351570243
2013-01-31,1671.334960588927
2013-02-01,1683.866621265511
2013-02-04,1666.1289650146437
2013-02-05,1670.9008794800984
2013-02-06,1673.5560935205574
2013-02-07,1666.2687920875242
2013-02-08,1675.4243178341103
2013-02-11,1670.1239475877567
2013-02-12,1678.729224579208
2013-02-13,1680.48124102396
2013-02-14,1678.4435247365454
2013-02-15,1673.798728403583
2013-02-18,1675.165340075712
2013-02-19,1687.046225543615
2013-02-20,1677.980285914524
2013-02-21,1656.4741958073982
2013-02-22,1666.9443464589417
2013-02-25,1655.9592653119782
2013-02-26,1648.614642950169
2013-02-27,1663.479458759558
2013-02-28,1671.1493789709523
2013-03-01,1667.3402716925784
2013-03-04,1668.4827815631236
2013-03-05,1686.180971086203
2013-03-06,1690.615625568027
2013-03-07,1693.2334169279538
2013-03-08,1698.9032985955496
2013-03-11,1704.8533216250348
2013-03-12,1702.1028206982924
2013-03-13,1697.301630315674
2013-03-14,1707.8546500994382
2013-03-15,1711.261842494386
2013-03-18,1694.9382701933332
2013-03-19,1689.5446859877502
2013-03-20,1697.9952926303397
2013-03-21,1689.3596951516577
2013-03-22,1693.9941882140115
2013-03-25,1689.5386203180685
2013-03-26,1697.2542536005717
2013-03-27,1695.261022398228
2013-03-28,1701.3134154759446
2013-03-29,1701.6650174187716
2013-04-01,1694.2621393324737
2013-04-02,1701.597820038229
2013-04-03,1690.7721145238477
2013-04-04,1685.750121824206
2013-04-05,1680.7853477749418
2013-04-08,1688.6628510702046
2013-04-09,1697.3256154815622
2013-04-10,1719.437336624269
2013-04-11,1731.4253066930657
2013-04-12,1723.2504063879003
2013-04-15,1693.768204193461
2013-04-16,1702.9829708718796
2013-04-17,1682.7762612965362
2013-04-18,1674.7932035318952
2013-04-19,1686.6925468117302
2013-04-22,1692.0267406346898
2013-04-23,1709.2100847133063
2013-04-24,1718.3894889116984
2013-04-25,1729.2958984326885
2013-04-26,1727.1479346450635
2013-04-29,1739.722533693742
2013-04-30,1750.458054985584
2013-05-01,1740.2562643204653
2013-05-02,1743.7632634822855
2013-05-03,1758.1912669493756
2013-05-06,1758.535561735505
2013-05-07,1770.674996073311
2013-05-08,1785.182208783493
2013-05-09,1777.4571181247713
2013-05-10,1775.7011760416585
2013-05-13,1775.893751690817
2013-05-14,1786.1929977547443
2013-05-15,1791.829357084008
2013-05-16,1789.045510049131
2013-05-17,1794.3114381697167
2013-05-20,1800.7729289106262
2013-05-21,1803.2439720837222
2013-05-22,1795.4261845503684
2013-05-23,1770.6918755082584
2013-05-24,1770.2852751946948
2013-05-27,1767.38138802793
2013-05-28,1775.818303918006
2013-05-29,1765.9169526797118
2013-05-30,1767.8868797770765
2013-05-31,1745.74877448406
2013-06-03,1744.5780098793575
2013-06-04,1746.6188871123268
2013-06-05,1720.8165044978143
2013-06-06,1723.8148827905454
2013-06-07,1739.105280760134
2013-06-10,1740.6766111920667
2013-06-11,1726.7746563285748
2013-06-12,1721.213100719434
2013-06-13,1726.2175546744927
2013-06-14,1727.9036868443777
2013-06-17,1742.5185900718516
2013-06-18,1748.1875595070087
2013-06-19,1738.364288702523
2013-06-20,1677.254479168231
2013-06-21,1672.8525036178573
2013-06-24,1648.3870039781948
2013-06-25,1661.0940642021671
2013-06-26,1678.3610184425995
2013-06-27,1693.0893280491994
2013-06-28,1694.7932093509864
2013-07-01,1706.5425753132117
2013-07-02,1705.2432952612646
2013-07-03,1696.8734924155558
2013-07-04,1706.9385673015931
2013-07-05,1706.924963065119
2013-07-08,1713.6781523956085
2013-07-09,1726.5731866302199
2013-07-10,1732.3685985410937
2013-07-11,1762.4613216844166
2013-07-12,1764.6955782019422
2013-07-15,1768.8775958587714
2013-07-16,1768.657538516822
2013-07-17,1773.1136448405932
2013-07-18,1780.9385315174377
2013-07-19,1782.0685571333981
2013-07-22,1790.2404228011744
2013-07-23,1792.4601457863535
2013-07-24,1790.5291656064458
2013-07-25,1789.0436211045649
2013-07-26,1787.286513433966
2013-07-29,1778.0661187476687
2013-07-30,1779.6447893060333
2013-07-31,1776.02349106163
2013-08-01,1795.3287530002426
2013-08-02,1804.9836713344084
2013-08-05,1801.7443111803004
2013-08-06,1797.2045179868924
2013-08-07,1786.886516150279
2013-08-08,1797.719368119102
2013-08-09,1797.8976646430258
2013-08-12,1796.2445942312447
2013-08-13,1801.3874764327531
2013-08-14,1802.2106759991589
2013-08-15,1780.970226021294
2013-08-16,1781.2960740474464
2013-08-19,1771.0585702777544
2013-08-20,1767.7171976649531
2013-08-21,1754.918478918132
2013-08-22,1763.1073683984334
2013-08-23,1776.6158377286524
2013-08-26,1772.4401165983445
2013-08-27,1747.9340717736718
2013-08-28,1742.4239057856742
2013-08-29,1745.9432786708985
2013-08-30,1738.991026845387
2013-09-02,1749.8864957889605
2013-09-03,1754.2136819617658
2013-09-04,1766.0321932863233
2013-09-05,1769.6204564974862
2013-09-06,1776.4360665436948
2013-09-09,1794.5148649429616
2013-09-10,1812.064435661571
2013-09-11,1819.2872924120018
2013-09-12,1816.2484784263015
2013-09-13,1816.3765071289693
2013-09-16,1832.9821783871955
2013-09-17,1833.9145268915531
2013-09-18,1848.6677940851753
2013-09-19,1865.405897326733
2013-09-20,1853.1213570650655
2013-09-23,1848.1842414836005
2013-09-24,1844.7440252873707
2013-09-25,1842.3009776147098
2013-09-26,1845.6406667644037
2013-09-27,1843.277021861851
2013-09-30,1828.848466197108
2013-10-01,1841.1236942415273
2013-10-02,1838.94275032025
2013-10-03,1831.792975106326
2013-10-04,1837.324295948174
2013-10-07,1825.0082256640721
2013-10-08,1812.0649506118573
2013-10-09,1808.0146369749666
2013-10-10,1837.3939003131334
2013-10-11,1851.337721138581
2013-10-14,1856.9395273015616
2013-10-15,1853.58472801476
2013-10-16,1866.760148448808
2013-10-17,1884.5103773515934
2013-10-18,1898.3859799937966
2013-10-21,1900.2029330313
2013-10-22,1912.31778138921
2013-10-23,1900.5736236894697
2013-10-24,1906.6500437884695
2013-10-25,1905.9872354149406
2013-10-28,1909.8255323074875
2013-10-29,1914.71422699585
2013-10-30,1913.4288931721478
2013-10-31,1902.3164491890368
2013-11-01,1895.7294943174984
2013-11-04,1901.8809019232356
2013-11-05,1895.1457494998403
2013-11-06,1904.4711144794337
2013-11-07,1883.3385483984107
2013-11-08,1888.7604515894802
2013-11-11,1893.1345196632599
2013-11-12,1890.5033900824515
2013-11-13,1891.7787777245412
2013-11-14,1906.2808040458963
2013-11-15,1918.2343314606983
2013-11-18,1923.9035743464292
2013-11-19,1917.1598319194784
2013-11-20,1911.0019410430468
2013-11-21,1913.2059329618237
2013-11-22,1921.5014720066229
2013-11-25,1922.4138444674688
2013-11-26,1919.5455482126235
2013-11-27,1923.5055443796562
2013-11-28,1928.488375883383
2013-11-29,1929.3573436062675
2013-12-02,1920.959837647598
2013-12-03,1910.3490891339795
2013-12-04,1900.1065395514827
2013-12-05,1894.5113813067996
2013-12-06,1909.8999223483152
2013-12-09,1917.3939456601142
2013-12-10,1913.7524485143658
2013-12-11,1896.9519914421132
2013-12-12,1882.8264600370385
2013-12-13,1881.5746636934514
2013-12-16,1892.7358012213454
2013-12-17,1887.0284234892822
2013-12-18,1909.6632379277594
2013-12-19,1914.2542053914508
2013-12-20,1922.4993590506247
2013-12-23,1934.9047220733155
2013-12-24,1938.033580489933
2013-12-25,1938.0159233253064
2013-12-26,1944.72148487383
2013-12-27,1954.1614997302308
2013-12-30,1957.2376358488573
2013-12-31,1962.618241676899
2014-01-01,1962.6390913245625
2014-01-02,1943.5375861905097
2014-01-03,1942.1323666624453
2014-01-06,1935.5188309258197
2014-01-07,1942.1862178683812
2014-01-08,1945.4026272845344
2014-01-09,1939.3139484402286
2014-01-10,1949.9971596016317
2014-01-13,1941.3335432493398
2014-01-14,1947.5794908327603
2014-01-15,1956.9858170470454
2014-01-16,1955.622756338117
2014-01-17,1953.0111052957134
2014-01-20,1952.5108098040364
2014-01-21,1955.0282006326559
2014-01-22,1958.708215352382
2014-01-23,1944.2195055141906
2014-01-24,1907.3993735905642
2014-01-27,1889.4789619612568
2014-01-28,1896.8776314270324
2014-01-29,1889.5366138989277
2014-01-30,1893.5459184387378
2014-01-31,1884.0721389415703
2014-02-03,1854.0423078861413
2014-02-04,1850.096617721615
2014-02-05,1852.6788988049693
2014-02-06,1877.2477036619307
2014-02-07,1899.024368259858
2014-02-10,1903.9556948165666
2014-02-11,1924.649617489845
2014-02-12,1930.4379308128794
2014-02-13,1934.7791120523748
2014-02-14,1944.549455691092
2014-02-17,1949.807274032908
2014-02-18,1956.2229933656076
2014-02-19,1950.885734360711
2014-02-20,1950.276647734204
2014-02-21,1956.2474027183514
2014-02-24,1965.180229888703
2014-02-25,1965.8134042002148
2014-02-26,1961.390679998686
2014-02-27,1966.9923595738003
2014-02-28,1975.1140069721387
2014-03-03,1950.8593964730974
2014-03-04,1975.7880746442013
2014-03-05,1978.0624115153685
2014-03-06,1988.2160626962207
2014-03-07,1982.3801958615702
2014-03-10,1975.0991990322273
2014-03-11,1970.7486652533476
2014-03-12,1962.076979373928
2014-03-13,1947.1816179398404
2014-03-14,1934.8715967997919
2014-03-17,1949.6935840254182
2014-03-18,1963.913128991064
2014-03-19,1955.7356881306825
2014-03-20,1949.7860002345287
2014-03-21,1949.8494219871102
2014-03-24,1944.0647248050543
2014-03-25,1955.392498952745
2014-03-26,1956.1908143114224
2014-03-27,1957.6827436722406
2014-03-28,1969.004556147837
2014-03-31,1983.8803498028497
2014-04-01,1995.6947776787179
2014-04-02,2000.782064419405
2014-04-03,1997.5433944387096
2014-04-04,1988.699223289113
2014-04-07,1971.2527063702055
2014-04-08,1977.7813614755244
2014-04-09,1990.9302782208542
2014-04-10,1972.1025549339713
2014-04-11,1952.1817284087847
2014-04-14,1958.0624711212881
2014-04-15,1958.2031659764205
2014-04-16,1978.1400357969567
2014-04-17,1984.9250796481074
2014-04-18,1986.3257156063944
2014-04-21,1988.0348666392954
2014-04-22,1997.9804077964102
2014-04-23,1994.3612572064476
2014-04-24,1996.6068646941906
2014-04-25,1983.398243675732
2014-04-28,1985.5047221169948
2014-04-29,1997.4872178199023
2014-04-30,2002.705923263113
2014-05-01,2005.7404172827448
2014-05-02,2006.2178357119485
2014-05-05,2006.9668473027396
2014-05-06,2000.991733874442
2014-05-07,2002.3143757330215
2014-05-08,2006.545792197459
2014-05-09,2002.8015224129815
2014-05-12,2017.387091597155
2014-05-13,2022.4340301617299
2014-05-14,2022.0302209189579
2014-05-15,2008.3419875519035
2014-05-16,2010.700999098611
2014-05-19,2014.08663222363
2014-05-20,2004.7508836713346
2014-05-21,2014.5039603643118
2014-05-22,2022.945474666113
2014-05-23,2029.4000672647512
2014-05-26,2034.8408021729474
2014-05-27,2037.8857466912891
2014-05-28,2037.691180069428
2014-05-29,2045.543431489762
2014-05-30,2045.324594832848
2014-06-02,2048.168150729287
2014-06-03,2048.1179725668203
2014-06-04,2049.457589737156
2014-06-05,2058.7714517415952
2014-06-06,2070.5358497641764
2014-06-09,2073.0688681308006
2014-06-10,2074.2788669715706
2014-06-11,2069.947611200011
2014-06-12,2063.9660261858007
2014-06-13,2064.628623507981
2014-06-16,2063.9277761009166
2014-06-17,2065.242789623095
2014-06-18,2075.23462092697
2014-06-19,2087.944869031576
2014-06-20,2085.6153746386135
2014-06-23,2084.1508849734137
2014-06-24,2076.511097081895
2014-06-25,2075.73408073658
2014-06-26,2076.2357653229947
2014-06-27,2080.0553896658666
2014-06-30,2083.8400707232463
2014-07-01,2096.2298336222307
2014-07-02,2100.847310650359
2014-07-03,2108.9547524949376
2014-07-04,2108.3882826128006
2014-07-07,2099.688702868422
2014-07-08,2085.951057174078
2014-07-09,2089.983385389059
2014-07-10,2078.034799093162
2014-07-11,2078.936758541619
2014-07-14,2091.952713327854
2014-07-15,2086.6580926336146
2014-07-16,2097.751964302615
2014-07-17,2079.4673503103304
2014-07-18,2089.438335209192
2014-07-21,2085.003286138604
2014-07-22,2098.838444078118
2014-07-23,2103.1678960805343
2014-07-24,2106.1679416243974
2014-07-25,2097.1608687200437
2014-07-28,2097.317999819912
2014-07-29,2093.3851307669365
2014-07-30,2088.881244631531
2014-07-31,2058.5603694784836
2014-08-01,2048.2053297379775
2014-08-04,2054.919716628438
2014-08-05,2040.9482792922972
2014-08-06,2034.7565464327492
2014-08-07,2024.764821889585
2014-08-08,2029.8229933232901
2014-08-11,2045.1850016571511
2014-08-12,2043.4899591623941
2014-08-13,2055.7139361387967
2014-08-14,2063.593965249179
2014-08-15,2062.5883111843555
2014-08-18,2077.2383673169543
2014-08-19,2087.2436543148347
2014-08-20,2088.684231815934
2014-08-21,2094.5816200114427
2014-08-22,2088.5788221516364
2014-08-25,2099.0930688395088
2014-08-26,2103.840155862778
2014-08-27,2107.133479986162
2014-08-28,2099.051771224944
2014-08-29,2104.0000441352963
2014-09-01,2104.2652809664664
2014-09-02,2102.3387521938494
2014-09-03,2110.947273835867
2014-09-04,2107.2988928244044
2014-09-05,2108.76288648747
2014-09-08,2101.8454190027455
2014-09-09,2088.390971829858
2014-09-10,2088.670186156198
2014-09-11,2089.004402192586
2014-09-12,2079.3033326729637
2014-09-15,2075.330385272416
2014-09-16,2081.053066197097
2014-09-17,2085.915961815947
2014-09-18,2092.6226304687366
2014-09-19,2089.551666158721
2014-09-22,2071.894003785703
2014-09-23,2059.4691033414188
2014-09-24,2068.0212681399635
2014-09-25,2043.9627524866094
2014-09-26,2049.826658608905
2014-09-29,2040.6887601613957
2014-09-30,2035.8001726980806
2014-10-01,2013.5077402477543
2014-10-02,2000.6549356208036
2014-10-03,2009.5498953296717
2014-10-06,2017.3146731026154
2014-10-07,1997.6996621518513
2014-10-08,2008.2398508126275
2014-10-09,1988.4542970577836
2014-10-10,1956.4122925441548
2014-10-13,1942.8121199912293
2014-10-14,1939.86621914395
2014-10-15,1921.2616142170575
2014-10-16,1915.8986901438163
2014-10-17,1939.7301266285465
2014-10-20,1954.1593717033277
2014-10-21,1981.0802664245753
2014-10-22,1978.1300527298474
2014-10-23,1990.8603536246196
2014-10-24,1999.9112135700382
2014-10-27,1997.3678124502326
2014-10-28,2019.5873098787376
2014-10-29,2024.326203705581
2014-10-30,2028.0713545204321
2014-10-31,2050.14890611252
2014-11-03,2039.286772882548
2014-11-04,2037.6696408567288
2014-11-05,2044.9264500499696
2014-11-06,2044.9359359831612
2014-11-07,2043.952846605408
2014-11-10,2054.4725508950805
2014-11-11,2056.0440291802324
2014-11-12,2054.9120795629196
2014-11-13,2055.7406826049455
2014-11-14,2056.4460072772526
2014-11-17,2053.0221028821934
2014-11-18,2068.0483498737085
2014-11-19,2064.639017706605
2014-11-20,2065.6557433455037
2014-11-21,2081.482015886211
2014-11-24,2086.106931440011
2014-11-25,2088.682649798801
2014-11-26,2095.0487897835537
2014-11-27,2091.6852642478207
2014-11-28,2084.430837896349
2014-12-01,2069.889633234766
2014-12-02,2076.366458706429
2014-12-03,2080.864782319967
2014-12-04,2077.8282532435164
2014-12-05,2079.6186798642293
2014-12-08,2064.9130919451177
2014-12-09,2057.581660053698
2014-12-10,2030.963938919636
2014-12-11,2029.1487859218528
2014-12-12,2001.7897013209574
2014-12-15,1976.7893773360117
2014-12-16,1974.7532134604032
2014-12-17,1994.6715125494843
2014-12-18,2034.8024275336074
2014-12-19,2048.414791749035
2014-12-22,2058.104121569918
2014-12-23,2057.838952723169
2014-12-24,2059.9974302697055
2014-12-25,2059.423075810051
2014-12-26,2063.8827598669577
2014-12-29,2068.271832823982
2014-12-30,2055.9931829052302
2014-12-31,2044.2144562774042
2015-01-01,2044.2173725402622
2015-01-02,2038.5193154720096
2015-01-05,1999.8272344322227
2015-01-06,1980.4030496257885
2015-01-07,1990.4580497607064
2015-01-08,2028.676295092659
2015-01-09,2018.1111778875086
2015-01-12,2009.2400525176513
2015-01-13,2011.8940859370043
2015-01-14,1997.283071283064
2015-01-15,1995.1565796085692
2015-01-16,2008.2509821759543
2015-01-19,2014.3973302143636
2015-01-20,2019.1004198085295
2015-01-21,2033.064601146925
2015-01-22,2052.1055828933186
2015-01-23,2050.8138767175647
2015-01-26,2055.5036873639347
2015-01-27,2048.3005887147883
2015-01-28,2029.788952318382
2015-01-29,2032.2960720823496
2015-01-30,2012.2961536240311
2015-02-02,2030.890608260129
2015-02-03,2056.0970217947183
2015-02-04,2057.1737071132848
2015-02-05,2071.0196882852774
2015-02-06,2062.9877669881057
2015-02-09,2054.9613676865843
2015-02-10,2066.185310133048
2015-02-11,2060.7505622936783
2015-02-12,2084.4888288234333
2015-02-13,2099.7717338320913
2015-02-16,2100.0020146480656
2015-02-17,2102.07393225231
2015-02-18,2107.1457234772415
2015-02-19,2109.4518669079785
2015-02-20,2117.2370342535555
2015-02-23,2119.505948929358
2015-02-24,2125.5224347564917
2015-02-25,2128.9699100431294
2015-02-26,2126.3146846938484
2015-02-27,2124.3447881978254
2015-03-02,2128.0850955357428
2015-03-03,2119.2448597547536
2015-03-04,2109.000217040673
2015-03-05,2112.262586472939
2015-03-06,2088.2905089267074
2015-03-09,2085.5754968856536
2015-03-10,2050.760986070743
2015-03-11,2048.974987245771
2015-03-12,2069.7768731977762
2015-03-13,2058.352529514388
2015-03-16,2080.471768530255
2015-03-17,2078.6599344955225
2015-03-18,2099.2469737384895
2015-03-19,2098.3441947970387
2015-03-20,2124.5429148200437
2015-03-23,2129.726088916357
2015-03-24,2124.45794734825
2015-03-25,2106.9162305323935
2015-03-26,2091.6309897532014
2015-03-27,2091.9272512896446
2015-03-30,2107.8638556528863
2015-03-31,2091.4452873042123
2015-04-01,2090.5443535194745
2015-04-02,2105.0983899640155
2015-04-03,2106.4110564194607
2015-04-06,2124.3522099445763
2015-04-07,2124.3842938792113
2015-04-08,2130.3842522846935
2015-04-09,2138.0264826228445
2015-04-10,2147.6291340326907
2015-04-13,2141.3169114801585
2015-04-14,2148.664163236139
2015-04-15,2153.0412538673972
2015-04-16,2159.654142309414
2015-04-17,2138.7118565988376
2015-04-20,2147.9699742157186
2015-04-21,2153.0594475128673
2015-04-22,2159.525206679332
2015-04-23,2167.4133896740473
2015-04-24,2177.214286119839
2015-04-27,2180.301075428852
2015-04-28,2182.6974951013626
2015-04-29,2173.112520390379
2015-04-30,2152.064554314713
2015-05-01,2161.3772273145464
2015-05-04,2165.9313157440515
2015-05-05,2147.3287202178367
2015-05-06,2145.398664896452
2015-05-07,2138.665211640243
2015-05-08,2168.6765876056616
2015-05-11,2163.435266007034
2015-05-12,2157.609596012768
2015-05-13,2164.596144294842
2015-05-14,2180.0502834558724
2015-05-15,2185.946177071704
2015-05-18,2187.5732009852586
2015-05-19,2182.4117081602035
2015-05-20,2181.789813791977
2015-05-21,2188.789932217017
2015-05-22,2182.2346406005895
2015-05-25,2182.0820709363506
2015-05-26,2155.7126710082302
2015-05-27,2167.7330609493847
2015-05-28,2163.496574926376
2015-05-29,2149.3212374235036
2015-06-01,2148.0880697308157
2015-06-02,2151.927160478238
2015-06-03,2159.3528342445143
2015-06-04,2142.2548624820893
2015-06-05,2124.7705249106884
2015-06-08,2114.962795265536
2015-06-09,2113.0482074298357
2015-06-10,2141.7916631368357
2015-06-11,2144.9647784742992
2015-06-12,2135.634440804495
2015-06-15,2119.5212630079754
2015-06-16,2125.5193606042444
2015-06-17,2124.795097004273
2015-06-18,2146.8490267118705
2015-06-19,2139.9913665830923
2015-06-22,2165.9669095934482
2015-06-23,2166.89355969464
2015-06-24,2156.435469565424
2015-06-25,2150.987305434156
2015-06-26,2143.976884300846
2015-06-29,2097.799872944521
2015-06-30,2098.7201293460553
2015-07-01,2111.3824387341238
2015-07-02,2111.543844916645
2015-07-03,2106.9719829104683
2015-07-06,2085.8830506792615
2015-07-07,2077.9837439297094
2015-07-08,2052.7897507504454
2015-07-09,2067.796887147459
2015-07-10,2098.7543833015147
2015-07-13,2117.8088078708197
2015-07-14,2128.9786788231527
2015-07-15,2127.165016515619
2015-07-16,2143.03748809079
2015-07-17,2141.880234956399
2015-07-20,2141.9658057869524
2015-07-21,2138.319263591722
2015-07-22,2124.275372713166
2015-07-23,2118.567962359442
2015-07-24,2096.86188332555
2015-07-27,2079.9367980673546
2015-07-28,2094.2189394133256
2015-07-29,2111.1680404526123
2015-07-30,2108.9103019425684
2015-07-31,2117.029741066171
2015-08-03,2109.8212714176325
2015-08-04,2107.876927967001
2015-08-05,2112.113445719674
2015-08-06,2100.0848348041577
2015-08-07,2094.439177503615
2015-08-10,2115.9632378215933
2015-08-11,2095.6255634002896
2015-08-12,2084.25306577525
2015-08-13,2084.9045840234517
2015-08-14,2087.403316071654
2015-08-17,2091.1114487248797
2015-08-18,2084.6366851619823
2015-08-19,2063.225889523725
2015-08-20,2029.8707044000328
2015-08-21,1975.7467243799879
2015-08-24,1899.8931749527687
2015-08-25,1897.794811777587
2015-08-26,1932.986404267967
2015-08-27,1975.9593219090636
2015-08-28,1985.8782622077856
2015-08-31,1971.9512022772815
2015-09-01,1919.5119319401053
2015-09-02,1934.850837350295
2015-09-03,1943.9697404155424
2015-09-04,1911.560082400761
2015-09-07,1912.4677973345529
2015-09-08,1946.2522654022775
2015-09-09,1952.0999318381384
2015-09-10,1948.1025566608032
2015-09-11,1949.6723995603213
2015-09-14,1943.698769121891
2015-09-15,1958.4204379542837
2015-09-16,1983.6184876927864
2015-09-17,1983.8657420509144
2015-09-18,1960.4422253687799
2015-09-21,1955.2926249515222
2015-09-22,1923.1213662686964
2015-09-23,1914.9321095621153
2015-09-24,1903.4894637902908
2015-09-25,1912.2594954335927
2015-09-28,1874.2307853831699
2015-09-29,1862.6387701787005
2015-09-30,1900.5006790794007
2015-10-01,1908.450027172916
2015-10-02,1930.861045749246
2015-10-05,1967.8791550334058
2015-10-06,1973.412341680511
2015-10-07,1992.35779377529
2015-10-08,2002.8701458255873
2015-10-09,2016.499531417792
2015-10-12,2018.5657124880597
2015-10-13,2001.6675666413228
2015-10-14,1991.8215538395832
2015-10-15,2020.136749434566
2015-10-16,2028.7606048228192
2015-10-19,2025.3015092189726
2015-10-20,2022.0697238083285
2015-10-21,2015.8860035167402
2015-10-22,2033.785156302965
2015-10-23,2054.9784371908304
2015-10-26,2053.0116631426977
2015-10-27,2042.3866305228057
2015-10-28,2061.3551141135817
2015-10-29,2050.1254462698585
2015-10-30,2049.6706936460746
2015-11-02,2060.425069811231
2015-11-03,2065.3205854527623
2015-11-04,2063.4907684324057
2015-11-05,2059.58149844398
2015-11-06,2050.1387569184076
2015-11-09,2034.4204483843223
2015-11-10,2031.0851775710526
2015-11-11,2032.6851804278447
2015-11-12,2011.078564497064
2015-11-13,1989.4724925493208
2015-11-16,2002.1543824937355
2015-11-17,2014.234584674974
2015-11-18,2030.8037174918425
2015-11-19,2044.1317150878376
2015-11-20,2048.2179886635568
2015-11-23,2041.7327522831633
2015-11-24,2039.3492609476016
2015-11-25,2041.3121492153643
2015-11-26,2048.389943926128
2015-11-27,2041.9798392452706
2015-11-30,2032.8068206379157
2015-12-01,2052.63578442307
2015-12-02,2036.891200027407
2015-12-03,2016.818097585785
2015-12-04,2033.060280566745
2015-12-07,2023.1777040856293
2015-12-08,2003.0604237142993
2015-12-09,1996.2380083353107
2015-12-10,1994.3390151077901
2015-12-11,1962.5075141001598
2015-12-14,1955.9986528506197
2015-12-15,1973.627707694981
2015-12-16,2000.2290859674106
2015-12-17,1987.7391184850164
2015-12-18,1962.350586821514
2015-12-21,1968.5378126516716
2015-12-22,1981.5972635550609
2015-12-23,2006.8699117145304
2015-12-24,2009.8371517991848
2015-12-25,2009.134408242422
2015-12-28,2005.2059916688197
2015-12-29,2022.162673440467
2015-12-30,2010.281095891828
2015-12-31,1996.1696398650884
2016-01-01,1996.1875390104785
2016-01-04,1955.3524611826888
2016-01-05,1955.256365630473
2016-01-06,1931.227947384833
2016-01-07,1889.4755106658642
2016-01-08,1873.6683559325181
2016-01-11,1865.4243314972182
2016-01-12,1869.8640892723633
2016-01-13,1852.6094426307172
2016-01-14,1856.2552430342448
2016-01-15,1822.459393471158
2016-01-18,1813.5175491369466
2016-01-19,1823.184801298538
2016-01-20,1786.8128448823227
2016-01-21,1792.5300572208225
2016-01-22,1840.1693120124546
2016-01-25,1824.5197051488767
2016-01-26,1838.4846964909648
2016-01-27,1835.8038418481833
2016-01-28,1838.8261890939214
2016-01-29,1875.7296670955386
2016-02-01,1880.7098135696997
2016-02-02,1847.3645595037842
2016-02-03,1847.9671084146714
2016-02-04,1861.2201494549706
2016-02-05,1834.1531869206765
2016-02-08,1805.393539836018
2016-02-09,1793.6466098968594
2016-02-10,1792.094236810863
2016-02-11,1768.7169176703917
2016-02-12,1787.3970395078447
2016-02-15,1810.2234843768138
2016-02-16,1829.0609811577442
2016-02-17,1856.7314553917283
2016-02-18,1858.9676740795342
2016-02-19,1852.0411064316504
2016-02-22,1875.7111258315454
2016-02-23,1855.8338035576282
2016-02-24,1847.3842522241368
2016-02-25,1868.5789196557307
2016-02-26,1870.4470618032826
2016-02-29,1862.7581825631275
2016-03-01,1896.446913445994
2016-03-02,1914.4596294188002
2016-03-03,1928.7845129069617
2016-03-04,1942.035696348304
2016-03-07,1942.7184853729607
2016-03-08,1925.9962400248824
2016-03-09,1931.2678373613198
2016-03-10,1930.7643752138363
2016-03-11,1965.1340654863882
2016-03-14,1967.2832772688223
2016-03-15,1955.1410136775564
2016-03-16,1957.8781166910442
2016-03-17,1987.8393655852944
2016-03-18,1993.1897681996072
2016-03-21,1991.8880495413111
2016-03-22,1992.2749158690563
2016-03-23,1976.8560940079717
2016-03-24,1965.2254066250086
2016-03-25,1966.5436968995064
2016-03-28,1971.0114543619602
2016-03-29,1981.8558522748863
2016-03-30,2005.1697718118749
2016-03-31,2000.7508700618177
2016-04-01,1989.7210938054557
2016-04-04,1990.7450647291298
2016-04-05,1963.1670849783786
2016-04-06,1978.80237732107
2016-04-07,1966.5049289695176
2016-04-08,1979.9129922601958
2016-04-11,1981.8371393325872
2016-04-12,1996.713743746189
2016-04-13,2024.1005675260983
2016-04-14,2030.9832272299582
2016-04-15,2029.7236137825284
2016-04-18,2034.3693835214272
2016-04-19,2055.8105731469036
2016-04-20,2057.3840216553062
2016-04-21,2053.6053551933787
2016-04-22,2046.9652320984421
2016-04-25,2041.7768751259835
2016-04-26,2046.050660315873
2016-04-27,2046.7297060755832
2016-04-28,2038.0819364395027
2016-04-29,2030.1851631194781
2016-05-02,2034.663296955525
2016-05-03,2012.701812179947
2016-05-04,1995.1822313222435
2016-05-05,1991.7015093498271
2016-05-06,1993.1241129407117
2016-05-09,1991.9019073509992
2016-05-10,2014.8426492269948
2016-05-11,2005.7738311687997
2016-05-12,2002.318323467448
2016-05-13,1984.6663001392064
2016-05-16,1998.9818882030063
2016-05-17,1993.026535064498
2016-05-18,1990.9174664070276
2016-05-19,1973.567449030986
2016-05-20,1987.9945361916398
2016-05-23,1984.6166132722785
2016-05-24,2004.9977320191754
2016-05-25,2023.896387571536
2016-05-26,2028.507082071909
2016-05-27,2034.411473429343
2016-05-30,2035.1809179619615
2016-05-31,2032.8095429096613
2016-06-01,2031.003060201112
2016-06-02,2032.9231582474335
2016-06-03,2039.928957812032
2016-06-06,2050.417827358831
2016-06-07,2062.3442837856755
2016-06-08,2069.6936763908143
2016-06-09,2057.0268925147857
2016-06-10,2028.165301208245
2016-06-13,2003.3887776362285
2016-06-14,1985.2358315836816
2016-06-15,1990.257957847733
2016-06-16,1982.2060799940532
2016-06-17,1992.269953447943
2016-06-20,2027.214141271055
2016-06-21,2033.4971365709737
2016-06-22,2033.7877788581288
2016-06-23,2061.5206708191527
2016-06-24,1963.3394250353542
2016-06-27,1920.255157916525
2016-06-28,1953.330598207135
2016-06-29,1996.5582640330801
2016-06-30,2020.406467554379
2016-07-01,2029.5822691976514
2016-07-04,2031.3593373706183
2016-07-05,2011.7211183611053
2016-07-06,2003.6275084862086
2016-07-07,2009.263059542251
2016-07-08,2029.8420804792572
2016-07-11,2049.677295586891
2016-07-12,2067.534518389058
2016-07-13,2072.2542887531645
2016-07-14,2084.4245807368907
2016-07-15,2082.1037465114073
2016-07-18,2086.3976829164067
2016-07-19,2080.3026427295654
2016-07-20,2090.491105017433
2016-07-21,2088.5537995258564
2016-07-22,2089.822980906246
2016-07-25,2086.4886011267727
2016-07-26,2089.191320721756
2016-07-27,2090.536565867907
2016-07-28,2092.4020501975538
2016-07-29,2107.4681301332316
2016-08-01,2105.2869560075787
2016-08-02,2091.701292804533
2016-08-03,2086.408065664112
2016-08-04,2093.5206088378322
2016-08-05,2105.8498247899206
2016-08-08,2112.0529020434215
2016-08-09,2122.628958655452
2016-08-10,2122.610175163113
2016-08-11,2133.7357903613183
2016-08-12,2134.871223435213
2016-08-15,2140.19770470222
2016-08-16,2130.9799093455963
2016-08-17,2130.6184740905633
2016-08-18,2138.2328158220844
2016-08-19,2131.353888327788
2016-08-22,2130.674732560869
2016-08-23,2137.8489046903537
2016-08-24,2127.407876544899
2016-08-25,2123.5765155233316
2016-08-26,2123.141143548152
2016-08-29,2121.449942661775
2016-08-30,2120.2467048328444
2016-08-31,2114.597574589702
2016-09-01,2118.485970710419
2016-09-02,2132.9438927705155
2016-09-05,2138.593611057918
2016-09-06,2151.535160453026
2016-09-07,2154.207133151048
2016-09-08,2151.345244854006
2016-09-09,2106.7759250351946
2016-09-12,2110.278141777714
2016-09-13,2086.7524051808464
2016-09-14,2084.095216896539
2016-09-15,2098.7585105457583
2016-09-16,2088.5189103227963
2016-09-19,2099.1939549813465
2016-09-20,2099.6790060134804
2016-09-21,2121.757205090802
2016-09-22,2146.494850442827
2016-09-23,2133.742441332136
2016-09-26,2114.460450648243
2016-09-27,2121.5561568132166
2016-09-28,2129.6768793601996
2016-09-29,2123.609604821043
2016-09-30,2127.5613519862
2016-10-03,2126.679626794275
2016-10-04,2122.3187973343715
2016-10-05,2126.2410684050915
2016-10-06,2123.8074351901723
2016-10-07,2116.6654425074416
2016-10-10,2125.229934723956
2016-10-11,2101.0309939529666
2016-10-12,2095.1382865820974
2016-10-13,2085.559152813901
2016-10-14,2091.709833883654
2016-10-17,2084.680959884088
2016-10-18,2102.8036293400883
2016-10-19,2110.3428647433925
2016-10-20,2107.5682853344356
2016-10-21,2103.8803872559592
2016-10-24,2111.3840181367177
2016-10-25,2105.826810461865
2016-10-26,2102.4497865213443
2016-10-27,2095.483059414237
2016-10-28,2091.050670319572
2016-10-31,2091.445542336523
2016-11-01,2083.173356392918
2016-11-02,2067.8588729188723
2016-11-03,2060.4647894727555
2016-11-04,2051.745386643951
2016-11-07,2083.5465233768955
2016-11-08,2092.676275890006
2016-11-09,2092.141114085665
2016-11-10,2096.6816219100183
2016-11-11,2085.106864584018
2016-11-14,2077.7310690928152
2016-11-15,2089.1035554216687
2016-11-16,2087.0892267347003
2016-11-17,2096.6336893756734
2016-11-18,2085.4683925279924
2016-11-21,2100.7119845790385
2016-11-22,2106.2135722124453
2016-11-23,2102.1865150553585
2016-11-24,2105.2338957660286
2016-11-25,2114.5537627624863
2016-11-28,2107.9743396149083
2016-11-29,2109.655281640919
2016-11-30,2107.316203569753
2016-12-01,2102.4247608377955
2016-12-02,2101.3876444571383
2016-12-05,2111.798089686087
2016-12-06,2124.4835368708036
2016-12-07,2149.9092993275954
2016-12-08,2157.09016943739
2016-12-09,2164.6069818445585
2016-12-12,2163.352579981395
2016-12-13,2179.941673511066
2016-12-14,2167.5455770168583
2016-12-15,2153.7847934117626
2016-12-16,2153.4875993656196
2016-12-19,2156.673739484599
2016-12-20,2159.708688675695
2016-12-21,2158.296614045699
2016-12-22,2153.7536200708955
2016-12-23,2155.085109398977
2016-12-26,2154.5770000473167
2016-12-27,2157.4779507454823
2016-12-28,2148.894007975606
2016-12-29,2153.7249277108535
2016-12-30,2152.855581284922
2017-01-02,2154.818303667555
2017-01-03,2161.9287850134892
2017-01-04,2180.468491003958
2017-01-05,2192.5286880382673
2017-01-06,2193.3540953133743
2017-01-09,2185.884016623133
2017-01-10,2190.7611342629384
2017-01-11,2189.5162394825693
2017-01-12,2197.9331673379934
2017-01-13,2203.044482807707
2017-01-16,2196.3304198941323
2017-01-17,2196.852394193645
2017-01-18,2200.893738729296
2017-01-19,2189.433144840651
2017-01-20,2196.499434417106
2017-01-23,2197.4462934550015
2017-01-24,2209.253890579126
2017-01-25,2226.964163399055
2017-01-26,2225.9336975694027
2017-01-27,2225.383515272038
2017-01-30,2212.2920249805675
2017-01-31,2211.6644639555993
2017-02-01,2213.9292410752887
2017-02-02,2216.5917145605968
2017-02-03,2229.085314072262
2017-02-06,2222.149239671665
2017-02-07,2220.3692582491735
2017-02-08,2226.5875455448436
2017-02-09,2233.6457786783403
2017-02-10,2242.78258349824
2017-02-13,2253.9649678605724
2017-02-14,2254.171483627701
2017-02-15,2267.267989247315
2017-02-16,2272.1978173151483
2017-02-17,2270.4615331459304
2017-02-20,2272.0265747161093
2017-02-21,2279.549343717306
2017-02-22,2280.46166221285
2017-02-23,2284.67371243304
2017-02-24,2277.70165662737
2017-02-27,2277.87422787526
2017-02-28,2273.752316618986
2017-03-01,2294.037447283813
2017-03-02,2285.670344769417
2017-03-03,2284.455898376617
2017-03-06,2281.7914093875297
2017-03-07,2276.775144031185
2017-03-08,2270.236830186514
2017-03-09,2268.637446485216
2017-03-10,2280.5284849081977
2017-03-13,2288.6562713898306
2017-03-14,2281.342578552649
2017-03-15,2294.6981405434653
2017-03-16,2311.338581373237
2017-03-17,2310.9532495223702
2017-03-20,2310.036562084986
2017-03-21,2294.737616724357
2017-03-22,2289.0646869091274
2017-03-23,2291.9675207714254
2017-03-24,2293.3005130210436
2017-03-27,2291.734520824392
2017-03-28,2308.1365711395724
2017-03-29,2307.927995701367
2017-03-30,2311.205522759303
2017-03-31,2301.591788819732
2017-04-03,2298.2401389164074
2017-04-04,2299.55404300073
2017-04-05,2296.3362085033677
2017-04-06,2296.04268139989
2017-04-07,2294.442564914887
2017-04-10,2295.2729518379133
2017-04-11,2295.7291775252093
2017-04-12,2291.3413657085853
2017-04-13,2281.7674676735915
2017-04-14,2280.1959170722594
2017-04-17,2296.132035837354
2017-04-18,2285.2528604832414
2017-04-19,2281.6639375651466
2017-04-20,2296.065122137755
2017-04-21,2291.991865624686
2017-04-24,2327.506669281666
2017-04-25,2342.110624864268
2017-04-26,2342.6283076375157
2017-04-27,2340.947285051029
2017-04-28,2337.500828866611
2017-05-01,2342.6595343660774
2017-05-02,2349.3373581603196
2017-05-03,2345.5997070176
2017-05-04,2348.215825290674
2017-05-05,2359.307038210804
2017-05-08,2362.354749326103
2017-05-09,2359.6315260518386
2017-05-10,2364.0313239334196
2017-05-11,2360.993170039727
2017-05-12,2363.662839015593
2017-05-15,2375.810582835681
2017-05-16,2382.8681391459236
2017-05-17,2355.3005979831714
2017-05-18,2348.6846021984034
2017-05-19,2366.048131923937
2017-05-22,2379.716789606827
2017-05-23,2382.0016990076947
2017-05-24,2383.548602481041
2017-05-25,2393.7839086465005
2017-05-26,2391.9896083852555
2017-05-29,2391.0356396470565
2017-05-30,2388.456767083837
2017-05-31,2389.0820876204857
2017-06-01,2402.9693509673007
2017-06-02,2418.2945764157294
2017-06-05,2415.2387023871643
2017-06-06,2408.5381584325414
2017-06-07,2409.8506985620943
2017-06-08,2407.8818291992475
2017-06-09,2406.1076674445317
2017-06-12,2399.2634531525723
2017-06-13,2410.9864832677704
2017-06-14,2414.1439135846426
2017-06-15,2396.1464615301147
2017-06-16,2403.495860828444
2017-06-19,2420.9353824298064
2017-06-20,2404.347471248192
2017-06-21,2401.065814871188
2017-06-22,2403.7079592476966
2017-06-23,2408.350395119865
2017-06-26,2413.466795164157
2017-06-27,2401.8975262305303
2017-06-28,2416.9047875941187
2017-06-29,2404.220392827059
2017-06-30,2399.9163452377984
2017-07-03,2405.7566146139193
2017-07-04,2401.9235506778036
2017-07-05,2404.480507801132
2017-07-06,2391.520099896614
2017-07-07,2395.237897522495
2017-07-10,2401.4704193552675
2017-07-11,2402.3241660716103
2017-07-12,2424.7065753187094
2017-07-13,2432.332494405393
2017-07-14,2446.4509754188352
2017-07-17,2448.280168014495
2017-07-18,2449.991803531944
2017-07-19,2461.925277106135
2017-07-20,2467.091315329729
2017-07-21,2462.283699676536
2017-07-24,2459.1200050051707
2017-07-25,2464.849957535935
2017-07-26,2466.490178107386
2017-07-27,2470.2957891015235
2017-07-28,2465.174261024327
2017-07-31,2466.9601081690066
2017-08-01,2478.092728179191
2017-08-02,2478.5155963931925
2017-08-03,2475.602120695067
2017-08-04,2475.501125891564
2017-08-07,2482.173363160371
2017-08-08,2477.6165322038755
2017-08-09,2469.655457153163
2017-08-10,2443.4205786329044
2017-08-11,2437.1461267250975
2017-08-14,2456.6844944998065
2017-08-15,2452.8908714484483
2017-08-16,2460.7997383465868
2017-08-17,2442.158632475757
2017-08-18,2434.6425134994033
2017-08-21,2437.806245055895
2017-08-22,2454.750021111632
2017-08-23,2452.375909899283
2017-08-24,2451.5528359270425
2017-08-25,2457.9197846213633
2017-08-28,2459.8217148575136
2017-08-29,2457.635878971546
2017-08-30,2462.5128361145044
2017-08-31,2476.3254311046
2017-09-01,2484.1779102320224
2017-09-04,2479.3421110783324
2017-09-05,2470.1379441133754
2017-09-06,2474.7631686499562
2017-09-07,2483.2131043798695
2017-09-08,2483.504776579274
2017-09-11,2505.180304958919
2017-09-12,2513.133247113607
2017-09-13,2510.7460802475093
2017-09-14,2507.5519871429788
2017-09-15,2513.088716475466
2017-09-18,2519.317630946301
2017-09-19,2524.6318722263027
2017-09-20,2528.2587936481254
2017-09-21,2517.9610427377197
2017-09-22,2521.1567767038773
2017-09-25,2511.3315050994715
2017-09-26,2502.7117872461067
2017-09-27,2508.936567099167
2017-09-28,2512.474403110756
2017-09-29,2524.1934216701115
2017-10-02,2529.1584597890246
2017-10-03,2538.51880116234
2017-10-04,2541.376953340041
2017-10-05,2547.6984185540286
2017-10-06,2545.749264499264
2017-10-09,2544.0405458136197
2017-10-10,2556.774344189613
2017-10-11,2561.4518908382042
2017-10-12,2561.821597915398
2017-10-13,2567.852323519156
2017-10-16,2571.562986763784
2017-10-17,2567.095412583877
2017-10-18,2570.914737605085
2017-10-19,2571.518487096083
2017-10-20,2574.9070294840785
2017-10-23,2567.7578386780415
2017-10-24,2568.5616422414596
2017-10-25,2560.004710902251
2017-10-26,2560.9229137021107
2017-10-27,2571.474944757559
2017-10-30,2573.004498478837
2017-10-31,2576.58867226806
2017-11-01,2584.1548805675757
2017-11-02,2586.2158128980113
2017-11-03,2588.500900089684
2017-11-06,2591.354148183417
2017-11-07,2592.3648805588873
2017-11-08,2596.822789417037
2017-11-09,2587.8031692855666
2017-11-10,2584.3768244890525
2017-11-13,2578.2365117497693
2017-11-14,2572.8592441809446
2017-11-15,2559.012251431482
2017-11-16,2579.9530542376533
2017-11-17,2580.03226203343
2017-11-20,2582.882715847029
2017-11-21,2599.739414975945
2017-11-22,2604.6311185393924
2017-11-23,2607.243344100181
2017-11-24,2614.787938570001
2017-11-27,2608.0071543597687
2017-11-28,2620.7122158524594
2017-11-29,2619.1383424560618
2017-11-30,2626.4648632719586
2017-12-01,2616.252168216236
2017-12-04,2618.639264094797
2017-12-05,2610.503714544043
2017-12-06,2600.0071948332557
2017-12-07,2606.023931447559
2017-12-08,2619.9663804569113
2017-12-11,2631.195496361969
2017-12-12,2631.6599842237633
2017-12-13,2634.4976450429203
2017-12-14,2627.7988008575185
2017-12-15,2636.0816130676985
2017-12-18,2660.033566801692
2017-12-19,2652.0601340288117
2017-12-20,2651.371073503885
2017-12-21,2657.84705915636
2017-12-22,2658.3736789450477
2017-12-25,2658.7713227589297
2017-12-26,2657.4927652698757
2017-12-27,2664.121164109575
2017-12-28,2671.240564248779
2017-12-29,2668.8137181191073
2018-01-01,2668.591139106629
2018-01-02,2688.2765042760752
2018-01-03,2700.7294608158386
2018-01-04,2722.353273730916
2018-01-05,2740.14927397226
2018-01-08,2743.3142424864473
2018-01-09,2747.449318424445
2018-01-10,2745.953735683825
2018-01-11,2756.5189217025745
2018-01-12,2774.704248761847
2018-01-15,2785.0506768844634
2018-01-16,2780.827223679111
2018-01-17,2795.0466548844706
2018-01-18,2792.9398920426725
2018-01-19,2806.2917037512625
2018-01-22,2823.2142421188455
2018-01-23,2837.161889795699
2018-01-24,2841.4450611950006
2018-01-25,2845.069921397508
2018-01-26,2864.0020347894074
2018-01-29,2846.2313202014293
2018-01-30,2818.3207594303717
2018-01-31,2819.3314705341963
2018-02-01,2817.343708745863
2018-02-02,2766.6989802707126
2018-02-05,2684.8192574032732
2018-02-06,2670.49576885621
2018-02-07,2672.281911284289
2018-02-08,2606.9167179845163
2018-02-09,2608.2696978666345
2018-02-12,2639.2199290121102
2018-02-13,2647.668410969912
2018-02-14,2682.018101841472
2018-02-15,2715.6171540314035
2018-02-16,2722.8759434327712
2018-02-19,2721.0465652889334
2018-02-20,2708.482169104073
2018-02-21,2703.8907038213324
2018-02-22,2700.727110768332
2018-02-23,2731.728015496161
2018-02-26,2754.290583176002
2018-02-27,2730.7302379107073
2018-02-28,2700.905106370262
2018-03-01,2669.1188000887537
2018-03-02,2666.297393846596
2018-03-05,2683.4701971987192
2018-03-06,2701.269010532267
2018-03-07,2698.1266938106105
2018-03-08,2710.815974977607
2018-03-09,2741.1397074937595
2018-03-12,2750.835245567857
2018-03-13,2740.5560046622986
2018-03-14,2728.2001658736617
2018-03-15,2726.6266269941866
2018-03-16,2726.7892960111617
2018-03-19,2697.725141350452
2018-03-20,2700.090349433685
2018-03-21,2698.261183016828
2018-03-22,2654.371004400762
2018-03-23,2606.9243343641065
2018-03-26,2646.2957490976974
2018-03-27,2632.0312925679864
2018-03-28,2618.9786330881443
2018-03-29,2641.0927682250135
2018-03-30,2643.014428186613
2018-04-02,2610.875396259545
2018-04-03,2622.652046923132
2018-04-04,2632.882285573613
2018-04-05,2657.970313799245
2018-04-06,2625.8902291714685
2018-04-09,2635.9709193223916
2018-04-10,2671.9071673568837
2018-04-11,2663.6606360071896
2018-04-12,2673.631886801931
2018-04-13,2669.7927044419757
2018-04-16,2680.4946308049157
2018-04-17,2699.577742963064
2018-04-18,2711.0933016800855
2018-04-19,2704.823795494489
2018-04-20,2682.409741515423
2018-04-23,2676.9570313474237
2018-04-24,2658.4011202783568
2018-04-25,2649.5524660167616
2018-04-26,2668.722161991565
2018-04-27,2676.3912786723918
2018-04-30,2668.2265871821987
2018-05-01,2664.6829993088604
2018-05-02,2653.847847603255
2018-05-03,2644.6598985314827
2018-05-04,2664.9331884081407
2018-05-07,2674.647403409122
2018-05-08,2673.6090581819285
2018-05-09,2690.773724577804
2018-05-10,2710.7018351728143
2018-05-11,2723.0420450792403
2018-05-14,2729.2593602444217
2018-05-15,2706.2233161313384
2018-05-16,2711.263275513618
2018-05-17,2711.8222650776447
2018-05-18,2705.222357372682
2018-05-21,2716.416982924112
2018-05-22,2715.9863928956834
2018-05-23,2707.0202019584817
2018-05-24,2701.945113027851
2018-05-25,2694.806935383022
2018-05-28,2691.0427435591755
2018-05-29,2661.3547061911104
2018-05-30,2677.420892701729
2018-05-31,2671.626810749298
2018-06-01,2692.792839685806
2018-06-04,2711.8617545204565
2018-06-05,2708.5591350763907
2018-06-06,2729.779968238636
2018-06-07,2731.185278605172
2018-06-08,2727.372180752099
2018-06-11,2735.92708774142
2018-06-12,2737.628469238453
2018-06-13,2730.5888147783216
2018-06-14,2730.2910125278427
2018-06-15,2718.1678668497657
2018-06-18,2706.651509683581
2018-06-19,2684.601261524498
2018-06-20,2694.1497313662453
2018-06-21,2677.3351385200917
2018-06-22,2689.7019526488357
2018-06-25,2652.3077996384986
2018-06-26,2654.5961677110686
2018-06-27,2636.8040024288216
2018-06-28,2639.581694817251
2018-06-29,2657.166506836192
2018-07-02,2646.190092895266
2018-07-03,2645.7384435789936
2018-07-04,2645.525590694706
2018-07-05,2661.412609451667
2018-07-06,2682.8773062089826
2018-07-09,2707.6174505841545
2018-07-10,2713.2234690403275
2018-07-11,2689.0956404299277
2018-07-12,2706.15141807462
2018-07-13,2711.9440388278654
2018-07-16,2708.433672708617
2018-07-17,2714.686547988853
2018-07-18,2718.7626005496
2018-07-19,2708.261413538435
2018-07-20,2715.8864557496313
2018-07-23,2716.1247955387844
2018-07-24,2732.406415848926
2018-07-25,2746.973451519271
2018-07-26,2747.4356258544162
2018-07-27,2741.8193712932757
2018-07-30,2732.526184698996
2018-07-31,2737.3082610388856
2018-08-01,2732.9825540269767
2018-08-02,2725.6384076315885
2018-08-03,2736.329265618432
2018-08-06,2738.0194521614585
2018-08-07,2751.2965659940323
2018-08-08,2750.582745251451
2018-08-09,2748.604587191607
2018-08-10,2717.408517459879
2018-08-13,2697.9927311878014
2018-08-14,2709.129336516899
2018-08-15,2679.6776012858613
2018-08-16,2697.1031924340227
2018-08-17,2705.5840157210687
2018-08-20,2716.910964658883
2018-08-21,2727.5334097030436
2018-08-22,2734.1798946346735
2018-08-23,2726.07133742403
2018-08-24,2740.6525754996983
2018-08-27,2766.9633867471966
2018-08-28,2770.3588666223445
2018-08-29,2779.827484386455
2018-08-30,2766.1354621499186
2018-08-31,2758.905488091142
2018-09-03,2754.058689766461
2018-09-04,2740.2680482593382
2018-09-05,2723.644655974661
2018-09-06,2713.5117530876746
2018-09-07,2707.7722959601083
2018-09-10,2710.0828224005973
2018-09-11,2713.5832102383265
2018-09-12,2719.6773490153446
2018-09-13,2735.1750504807064
2018-09-14,2742.9287335109907
2018-09-17,2732.6154437936557
2018-09-18,2746.9290440547106
2018-09-19,2756.4991179633175
2018-09-20,2778.507858341729
2018-09-21,2787.6731838855417
2018-09-24,2777.230148796245
2018-09-25,2778.5486636219375
2018-09-26,2775.77409189422
2018-09-27,2777.0409117151
2018-09-28,2770.8917553235065
2018-10-01,2775.193982179505
2018-10-02,2766.2391748093673
2018-10-03,2766.7840367288904
2018-10-04,2739.433008166303
2018-10-05,2720.839066118323
2018-10-08,2710.497927488603
2018-10-09,2704.637713602168
2018-10-10,2646.523965964765
2018-10-11,2587.832005913358
2018-10-12,2616.272995897137
2018-10-15,2604.42772854042
2018-10-16,2649.0078305274965
2018-10-17,2646.862874278693
2018-10-18,2615.0078960963165
2018-10-19,2612.8214402301314
2018-10-22,2606.1424077230286
2018-10-23,2577.57278504818
2018-10-24,2524.342761466384
2018-10-25,2543.1325694242882
2018-10-26,2512.8534782646357
2018-10-29,2504.499188058633
2018-10-30,2529.331260194667
2018-10-31,2563.159195899686
2018-11-01,2589.227671107391
2018-11-02,2591.9485137254505
2018-11-05,2595.2158928037525
2018-11-06,2606.5544490041557
2018-11-07,2646.426699405743
2018-11-08,2643.7208921660895
2018-11-09,2617.0059842112896
2018-11-12,2575.3268751135197
2018-11-13,2573.0095547148458
2018-11-14,2561.0897663570786
2018-11-15,2578.0292262077223
2018-11-16,2585.878376098195
2018-11-19,2561.502783571169
2018-11-20,2520.042990501196
2018-11-21,2529.7099945600776
2018-11-22,2529.4279454905877
2018-11-23,2517.422183340134
2018-11-26,2546.9868724377734
2018-11-27,2549.123898408363
2018-11-28,2586.1895574497325
2018-11-29,2594.1392325886054
2018-11-30,2600.709309648487
2018-12-03,2635.822220898549
2018-12-04,2578.9754809656683
2018-12-05,2566.0042960438295
2018-12-06,2539.4679113164298
2018-12-07,2511.421643849864
2018-12-10,2491.930252457293
2018-12-11,2494.6186276392514
2018-12-12,2522.842914039171
2018-12-13,2523.372019097585
2018-12-14,2483.4400486587374
2018-12-17,2450.4100854444446
2018-12-18,2442.215261556633
2018-12-19,2426.2435659629587
2018-12-20,2390.175786703338
2018-12-21,2357.973466849302
2018-12-24,2320.5105167781758
2018-12-25,2311.0680784649817
2018-12-26,2374.0688888023997
2018-12-27,2388.6270878489304
2018-12-28,2401.5402961217565
2018-12-31,2417.4271659353317
2019-01-01,2417.5344612939016
2019-01-02,2411.3368047420877
2019-01-03,2378.1094936800764
2019-01-04,2440.3773489036616
2019-01-07,2461.88049279498
2019-01-08,2479.3599055618074
2019-01-09,2502.51047770464
2019-01-10,2511.6665710853445
2019-01-11,2511.801660281688
2019-01-14,2499.2417384104706
2019-01-15,2520.490235933711
2019-01-16,2525.0417385903556
2019-01-17,2535.3825915024704
2019-01-18,2566.5698430533434
2019-01-21,2566.788837579668
2019-01-22,2539.6619504251175
2019-01-23,2541.4776222893984
2019-01-24,2547.3578157016304
2019-01-25,2572.3140732840934
2019-01-28,2556.6867718920544
2019-01-29,2557.665851928592
2019-01-30,2584.1137609037346
2019-01-31,2608.3090716397373
2019-02-01,2609.727078570044
2019-02-04,2618.3998493275794
2019-02-05,2634.948754058847
2019-02-06,2629.239708674256
2019-02-07,2604.655939233718
2019-02-08,2595.9553173499653
2019-02-11,2597.056491014947
2019-02-12,2625.809557246377
2019-02-13,2634.6517853311543
2019-02-14,2628.7929482448417
2019-02-15,2647.882342123386
2019-02-18,2656.5566737162508
2019-02-19,2660.431453133539
2019-02-20,2673.066162775296
2019-02-21,2667.0460525045182
2019-02-22,2680.413176565382
2019-02-25,2688.7662353147207
2019-02-26,2687.9985931890806
2019-02-27,2687.6024804510403
2019-02-28,2678.0828919798637
2019-03-01,2690.322622236071
2019-03-04,2684.495748797746
2019-03-05,2681.741253499444
2019-03-06,2672.077677081056
2019-03-07,2650.039482107502
2019-03-08,2634.469029193638
2019-03-11,2664.4686536289114
2019-03-12,2677.5869149748746
2019-03-13,2691.3025651155385
2019-03-14,2691.914467083831
2019-03-15,2708.8329655031653
2019-03-18,2722.912146435568
2019-03-19,2726.368381797782
2019-03-20,2716.1639491638934
2019-03-21,2734.841459694326
2019-03-22,2694.414013701362
2019-03-25,2682.1414754606444
2019-03-26,2700.646537207083
2019-03-27,2690.9968438711244
2019-03-28,2693.209708774547
2019-03-29,2711.7646189129878
2019-04-01,2742.7656294785497
2019-04-02,2743.07361059443
2019-04-03,2758.598671968501
2019-04-04,2759.140144261506
2019-04-05,2768.7151802467633
2019-04-08,2773.263415026891
2019-04-09,2764.155363456245
2019-04-10,2770.6401803274566
2019-04-11,2767.8898788561532
2019-04-12,2781.9902235831532
2019-04-15,2783.548164008543
2019-04-16,2788.008547979126
2019-04-17,2786.596822093739
2019-04-18,2784.727500200644
2019-04-19,2784.905799091988
2019-04-22,2785.27692129933
2019-04-23,2800.3997361611678
2019-04-24,2792.57553103968
2019-04-25,2786.655871291384
2019-04-26,2796.8821861061133
2019-04-29,2800.759154583953
2019-04-30,2803.379927166063
2019-05-01,2793.9543888466087
2019-05-02,2783.9211703272445
2019-05-03,2804.275173332671
2019-05-06,2786.1161454074927
2019-05-07,2749.203023251165
2019-05-08,2743.4423264921534
2019-05-09,2723.3085477863724
2019-05-10,2733.27990106837
2019-05-13,2683.1046420549624
2019-05-14,2696.830009549326
2019-05-15,2710.86463340378
2019-05-16,2728.3164281937184
2019-05-17,2713.2780541581546
2019-05-20,2699.6519507208372
2019-05-21,2716.381316579814
2019-05-22,2709.5040526631165
2019-05-23,2678.3409675111197
2019-05-24,2687.808913672182
2019-05-27,2690.4098067322625
2019-05-28,2676.6463847695727
2019-05-29,2653.572767355902
2019-05-30,2658.8024371274873
2019-05-31,2637.0912835459144
2019-06-03,2639.121101199417
2019-06-04,2675.396076596471
2019-06-05,2696.086064119787
2019-06-06,2705.4016623326447
2019-06-07,2732.76637739406
2019-06-10,2747.2437084002713
2019-06-11,2755.472842247706
2019-06-12,2747.7380861274455
2019-06-13,2749.8701550037017
2019-06-14,2741.026073643515
2019-06-17,2739.7049999340334
2019-06-18,2766.7286390931454
2019-06-19,2783.492970584011
2019-06-20,2813.3374187015943
2019-06-21,2807.3154015763807
2019-06-24,2807.6482284966137
2019-06-25,2789.0055372368556
2019-06-26,2784.102332703413
2019-06-27,2796.140323362116
2019-06-28,2809.7843965315496
2019-07-01,2828.566861471328
2019-07-02,2835.975459834027
2019-07-03,2851.901405012244
2019-07-04,2855.7183702408743
2019-07-05,2843.429875182423
2019-07-08,2826.83849480032
2019-07-09,2824.9383234581255
2019-07-10,2835.5565842445917
2019-07-11,2842.3972806592637
2019-07-12,2849.512577901252
2019-07-15,2853.648969865802
2019-07-16,2847.41042179022
2019-07-17,2834.361968033019
2019-07-18,2834.0023877003864
2019-07-19,2831.6270795398927
2019-07-22,2834.068160912824
2019-07-23,2848.2009311791576
2019-07-24,2857.561399334021
2019-07-25,2845.128101069731
2019-07-26,2853.4446668231913
2019-07-29,2848.9333075166437
2019-07-30,2837.943940308461
2019-07-31,2818.1001855093436
2019-08-01,2797.956945373
2019-08-02,2765.1249305749147
2019-08-05,2695.580478779672
2019-08-06,2709.1061898961484
2019-08-07,2714.65569529979
2019-08-08,2756.855009494967
2019-08-09,2742.945580209671
2019-08-12,2720.9214599227125
2019-08-13,2738.517691846278
2019-08-14,2682.6899269320797
2019-08-15,2679.2227614060275
2019-08-16,2710.914800939623
2019-08-19,2740.0102594236755
2019-08-20,2726.9016423661947
2019-08-21,2746.1553835918985
2019-08-22,2739.6456169756734
2019-08-23,2696.8048249869594
2019-08-26,2705.0433321735304
2019-08-27,2705.903284525455
2019-08-28,2714.3131937602207
2019-08-29,2740.2693572002627
2019-08-30,2751.282001070076
2019-09-02,2748.9619721357058
2019-09-03,2734.7472702902596
2019-09-04,2766.549157579597
2019-09-05,2799.0346249656595
2019-09-06,2806.0169568501124
2019-09-09,2806.4605168121193
2019-09-10,2806.921967320673
2019-09-11,2827.0202710566787
2019-09-12,2837.4251582334928
2019-09-13,2843.6939137787467
2019-09-16,2832.6084108500613
2019-09-17,2836.771274308056
2019-09-18,2836.7958613315645
2019-09-19,2839.5908217046854
2019-09-20,2833.044454080302
2019-09-23,2826.83014582144
2019-09-24,2812.383631717194
2019-09-25,2813.400327543048
2019-09-26,2813.5034011042785
2019-09-27,2804.1098585531563
2019-09-30,2809.181058783489
2019-10-01,2783.866302301313
2019-10-02,2738.6864112510925
2019-10-03,2751.3640908263874
2019-10-04,2778.4422448962905
2019-10-07,2775.406294707754
2019-10-08,2743.791544041968
2019-10-09,2759.27672410684
2019-10-10,2774.985804182778
2019-10-11,2813.2617171080747
2019-10-14,2810.5596731471946
2019-10-15,2835.503712607752
2019-10-16,2835.702688541486
2019-10-17,2844.7448074844383
2019-10-18,2835.8589782571785
2019-10-21,2853.406462560803
2019-10-22,2849.479322640054
2019-10-23,2853.1378000096256
2019-10-24,2863.6621935348317
2019-10-25,2871.3179750551003
2019-10-28,2883.4966359960185
2019-10-29,2884.9565621127535
2019-10-30,2890.0025271112977
2019-10-31,2886.0559218485946
2019-11-01,2909.6459477027543
2019-11-04,2925.3750896484476
2019-11-05,2925.0829351814186
2019-11-06,2926.8304035019232
2019-11-07,2935.092399720638
2019-11-08,2934.993561688045
2019-11-11,2928.498388326721
2019-11-12,2933.8436319888797
2019-11-13,2928.0685884731697
2019-11-14,2924.8192899895935
2019-11-15,2947.130479159574
2019-11-18,2951.7084017832617
2019-11-19,2952.4079315459057
2019-11-20,2939.6174330456383
2019-11-21,2932.193652710282
2019-11-22,2937.5265585438333
2019-11-25,2958.4481099265286
2019-11-26,2961.4022820648775
2019-11-27,2972.2576098898817
2019-11-28,2970.5846540935527
2019-11-29,2956.535833485969
2019-12-02,2938.6535346037385
2019-12-03,2922.6528074518296
2019-12-04,2936.5938257951602
2019-12-05,2942.6488956066732
2019-12-06,2965.0358839285404
2019-12-09,2961.5151912538336
2019-12-10,2957.7414287694482
2019-12-11,2966.773277859329
2019-12-12,2987.469103181363
2019-12-13,3004.929400580695
2019-12-16,3025.5156325921394
2019-12-17,3029.5202773591823
2019-12-18,3028.0406260467626
2019-12-19,3035.841963928283
2019-12-20,3046.814035270303
2019-12-23,3049.1458183152204
2019-12-24,3049.7805990781353
2019-12-25,3049.0968264404337
2019-12-26,3060.4672818832382
2019-12-27,3068.9140022279166
2019-12-30,3055.902576161904
2019-12-31,3060.667917428551
2020-01-01,3060.6697780400755
2020-01-02,3085.213959165205
2020-01-03,3069.3633939311444
2020-01-06,3067.257795067769
2020-01-07,3066.161712516119
2020-01-08,3069.845702048401
2020-01-09,3090.983131166297
2020-01-10,3089.8772162129285
2020-01-13,3105.4752791141636
2020-01-14,3105.8399430669515
2020-01-15,3107.9599017057876
2020-01-16,3125.0357960093293
2020-01-17,3137.81718861456
2020-01-20,3136.964795679433
2020-01-21,3124.1240096540837
2020-01-22,3127.4341724603855
2020-01-23,3119.105064510185
2020-01-24,3105.9223522683856
2020-01-27,3055.7392743487376
2020-01-28,3074.064868110869
2020-01-29,3073.810713220732
2020-01-30,3064.037078461336
2020-01-31,3026.9253017533056
2020-02-03,3036.432609952398
2020-02-04,3081.1404015079875
2020-02-05,3107.2098185793334
2020-02-06,3125.1206989230977
2020-02-07,3108.4183898426472
2020-02-10,3116.5741049528574
2020-02-11,3130.147466382988
2020-02-12,3149.2606443961517
2020-02-13,3143.0998956024177
2020-02-14,3145.093558119398
2020-02-17,3144.9221793919805
2020-02-18,3130.375413099685
2020-02-19,3144.5586840121787
2020-02-20,3129.456202991872
2020-02-21,3106.0174970161256
2020-02-24,3014.3522060921955
2020-02-25,2944.858729102443
2020-02-26,2928.1367934486607
2020-02-27,2831.962176848764
2020-02-28,2782.4910110072497
2020-03-02,2867.7472727869954
2020-03-03,2834.2867220925436
2020-03-04,2910.363669122756
2020-03-05,2853.8145617526666
2020-03-06,2795.5150762494136
2020-03-09,2598.1299877067836
2020-03-10,2668.523906564686
2020-03-11,2571.5172269972304
2020-03-12,2327.212751682299
2020-03-13,2450.17961853472
2020-03-16,2226.4650508442496
2020-03-17,2304.3712804020056
2020-03-18,2187.7277349573365
2020-03-19,2194.9064538695925
2020-03-20,2157.9112810819365
2020-03-23,2086.933113672591
2020-03-24,2262.3254118279215
2020-03-25,2323.7366946781053
2020-03-26,2431.3754846778206
2020-03-27,2373.2596048430346
2020-03-30,2421.538359597114
2020-03-31,2406.9353880744825
2020-04-01,2318.127906430737
2020-04-02,2346.7149779106744
2020-04-03,2314.7677645965236
2020-04-06,2441.968999488535
2020-04-07,2465.8502710093007
2020-04-08,2516.203720304919
2020-04-09,2556.030667103202
2020-04-10,2557.717097167773
2020-04-13,2538.6433049564116
2020-04-14,2600.509168869507
2020-04-15,2544.537591491427
2020-04-16,2548.2492915827193
2020-04-17,2614.753301807809
2020-04-20,2587.2281473334465
2020-04-21,2509.5393097555116
2020-04-22,2554.438122474897
2020-04-23,2562.7035388560053
2020-04-24,2573.809320236688
2020-04-27,2619.506540222682
2020-04-28,2623.0148213803513
2020-04-29,2683.2628966951147
2020-04-30,2664.7799777713317
2020-05-01,2607.179918380208
2020-05-04,2589.422788678117
2020-05-05,2615.572548254303
2020-05-06,2604.636671300323
2020-05-07,2625.98149421454
2020-05-08,2672.247775981243
2020-05-11,2672.456077728644
2020-05-12,2639.9922819363237
2020-05-13,2599.3603363677803
2020-05-14,2598.646783329177
2020-05-15,2608.851528944393
2020-05-18,2682.4618192594958
2020-05-19,2678.2792205625847
2020-05-20,2715.7970379769063
2020-05-21,2694.982766539844
2020-05-22,2684.300661670174
2020-05-25,2697.9050381973843
2020-05-26,2740.3623406201596
2020-05-27,2766.569930713539
2020-05-28,2779.2152780453957
2020-05-29,2780.7325551186964
2020-06-01,2806.6300174941657
2020-06-02,2838.83501591984
2020-06-03,2886.8058702193002
2020-06-04,2882.7935047281985
2020-06-05,2942.853263415064
2020-06-08,2968.9578781540217
2020-06-09,2955.260819044488
2020-06-10,2947.294218090186
2020-06-11,2811.846507551227
2020-06-12,2821.3753832988077
2020-06-15,2822.237713153797
2020-06-16,2885.0571474640933
2020-06-17,2885.4104619239893
2020-06-18,2883.3201796104004
2020-06-19,2878.232865322345
2020-06-22,2888.337350014618
2020-06-23,2914.355210291558
2020-06-24,2849.105170908934
2020-06-25,2862.193365512672
2020-06-26,2818.8687424275518
2020-06-29,2840.0122561142557
2020-06-30,2869.5935379820166
2020-07-01,2882.752809936005
2020-07-02,2910.2035642200694
2020-07-03,2912.2052567138016
2020-07-06,2965.3551335030734
2020-07-07,2938.729172736506
2020-07-08,2955.8457993864135
2020-07-09,2946.220755172725
2020-07-10,2964.2032763166517
2020-07-13,2958.332444684253
2020-07-14,2973.810854668611
2020-07-15,3008.5859645253727
2020-07-16,2990.1355712296804
2020-07-17,2999.2947247170873
2020-07-20,3024.5086005470716
2020-07-21,3041.8768170416124
2020-07-22,3046.203164843101
2020-07-23,3023.8914985604247
2020-07-24,2999.010190932553
2020-07-27,3026.442157943847
2020-07-28,3016.164283181724
2020-07-29,3040.5102022314836
2020-07-30,3021.1674797813
2020-07-31,3021.3747699564187
2020-08-03,3042.97415866914
2020-08-04,3061.728732126764
2020-08-05,3088.386202105864
2020-08-06,3094.5844488517846
2020-08-07,3084.316810023962
2020-08-10,3088.9791477778085
2020-08-11,3089.08531049778
2020-08-12,3127.3354777027207
2020-08-13,3127.033623656966
2020-08-14,3119.3973474998634
2020-08-17,3133.0581316225744
2020-08-18,3141.229335351205
2020-08-19,3133.9508234711907
2020-08-20,3121.470963641982
2020-08-21,3128.984049547338
2020-08-24,3163.5930124166034
2020-08-25,3172.755551546231
2020-08-26,3200.9730872925534
2020-08-27,3196.6716740168235
2020-08-28,3214.6519938992756
2020-08-31,3206.2862597062763
2020-09-01,3226.435332009265
2020-09-02,3257.0087224370277
2020-09-03,3175.593301756316
2020-09-04,3142.264219618769
2020-09-07,3150.326648806491
2020-09-08,3086.427632197174
2020-09-09,3131.049624782568
2020-09-10,3101.2694924779958
2020-09-11,3104.0265604098713
2020-09-14,3141.2478266765033
2020-09-15,3157.577888135756
2020-09-16,3154.119541162784
2020-09-17,3127.768874327725
2020-09-18,3110.5924909424903
2020-09-21,3060.057585467947
2020-09-22,3073.470517089088
2020-09-23,3028.350167056694
2020-09-24,3015.2790290196235
2020-09-25,3046.419803882382
2020-09-28,3095.739273094167
2020-09-29,3089.419196804485
2020-09-30,3102.9395425290786
2020-10-01,3118.917098247524
2020-10-02,3097.7269003115434
2020-10-05,3148.5491802678252
2020-10-06,3128.511281930367
2020-10-07,3161.291246237707
2020-10-08,3185.7737395516406
2020-10-09,3211.054711102383
2020-10-12,3250.9384805039654
2020-10-13,3234.9004714564467
2020-10-14,3222.61581314843
2020-10-15,3197.0254542398056
2020-10-16,3203.1502470146374
2020-10-19,3178.7831047114614
2020-10-20,3186.663244454259
2020-10-21,3182.487688590291
2020-10-22,3185.8027394612172
2020-10-23,3196.8545116174255
2020-10-26,3148.3226140645947
2020-10-27,3139.8493489917428
2020-10-28,3048.999437858682
2020-10-29,3062.550991725581
2020-10-30,3027.490730921198
2020-11-02,3065.1052102509843
2020-11-03,3121.4889173395686
2020-11-04,3181.0514504213115
2020-11-05,3249.8169332961384
2020-11-06,3257.610004361183
2020-11-09,3300.277167967839
2020-11-10,3301.9774112623572
2020-11-11,3325.9400878856186
2020-11-12,3305.8368341631553
2020-11-13,3331.2199492491777
2020-11-16,3373.534095821821
2020-11-17,3369.614092854735
2020-11-18,3354.712221185993
2020-11-19,3355.7072635199615
2020-11-20,3351.6602664658703
2020-11-23,3363.7571542463793
2020-11-24,3412.1263018328086
2020-11-25,3412.2751820228414
2020-11-26,3416.992834993232
2020-11-27,3430.5654156639844
2020-11-30,3400.594498839327
2020-12-01,3437.4226471582497
2020-12-02,3444.9296984339126
2020-12-03,3457.5990567958597
2020-12-04,3482.9857364933687
2020-12-07,3479.5879368016363
2020-12-08,3487.03790820014
2020-12-09,3471.0969397370354
2020-12-10,3472.131209292667
2020-12-11,3465.490066808696
2020-12-14,3460.2965548000534
2020-12-15,3488.0896941301726
2020-12-16,3505.760408293439
2020-12-17,3532.5459227465967
2020-12-18,3521.1798716279773
2020-12-21,3492.629357722403
2020-12-22,3487.517386683405
2020-12-23,3500.580663072664
2020-12-24,3507.8334103406864
2020-12-25,3508.711563963385
2020-12-28,3527.770175471773
2020-12-29,3540.01893594702
2020-12-30,3552.9489778658044
2020-12-31,3558.447551245939
2021-01-01,3558.6270634720568
2021-01-04,3540.5663185616672
2021-01-05,3562.661692857375
2021-01-06,3578.553310969398
2021-01-07,3621.263093262607
2021-01-08,3654.823925470036
2021-01-11,3626.685279997294
2021-01-12,3633.127392637694
2021-01-13,3643.295874172938
2021-01-14,3643.8927701292805
2021-01-15,3612.5704877295766
2021-01-18,3611.4790377296536
2021-01-19,3641.4908505019066
2021-01-20,3681.99618778049
2021-01-21,3688.674552413104
2021-01-22,3672.496627206214
2021-01-25,3680.2742702072087
2021-01-26,3669.3004516561755
2021-01-27,3594.425631775804
2021-01-28,3605.580407941677
2021-01-29,3542.333366147382
2021-02-01,3595.4207644266535
2021-02-02,3641.927797772707
2021-02-03,3652.9725815315296
2021-02-04,3674.1055564861354
2021-02-05,3695.2426419031262
2021-02-08,3722.69138199981
2021-02-09,3729.374685442573
2021-02-10,3736.8839813703985
2021-02-11,3746.5284730753024
2021-02-12,3760.411973560608
2021-02-15,3776.123532382858
2021-02-16,3776.369449809439
2021-02-17,3763.5863167181924
2021-02-18,3741.738001098238
2021-02-19,3747.6760918056034
2021-02-22,3714.905577088219
2021-02-23,3716.4760990570617
2021-02-24,3723.9243286445385
2021-02-25,3678.672079100981
2021-02-26,3624.3321856282164
2021-03-01,3698.285255259864
2021-03-02,3679.5387979804796
2021-03-03,3655.912596498503
2021-03-04,3605.1841746162
2021-03-05,3628.2276952056977
2021-03-08,3610.0148554550033
2021-03-09,3658.9500006157577
2021-03-10,3677.24062404625
2021-03-11,3724.890467056972
2021-03-12,3723.1468448311944
2021-03-15,3737.1604642967877
2021-03-16,3742.607910812964
2021-03-17,3744.0751505120916
2021-03-18,3718.0826860773614
2021-03-19,3707.3331370771634
2021-03-22,3722.709578534952
2021-03-23,3693.324302989704
2021-03-24,3660.3320399582653
2021-03-25,3666.148960120204
2021-03-26,3719.109769021984
2021-03-29,3716.363105327168
2021-03-30,3714.591076852837
2021-03-31,3721.2927717439666
2021-04-01,3761.2514477094787
2021-04-02,3764.312926767189
2021-04-05,3800.527816360493
2021-04-06,3807.5044120029233
2021-04-07,3810.2617807082665
2021-04-08,3829.1057234366776
2021-04-09,3841.2001619561647
2021-04-12,3835.016538169532
2021-04-13,3848.312128697721
2021-04-14,3847.863194053734
2021-04-15,3882.26994791223
2021-04-16,3898.5702178702495
2021-04-19,3888.3833358226757
2021-04-20,3855.773334636318
2021-04-21,3871.7124695460643
2021-04-22,3863.3381969096818
2021-04-23,3893.292780836664
2021-04-26,3907.7171201775495
2021-04-27,3903.609560963197
2021-04-28,3904.8167353645636
2021-04-29,3918.204281734639
2021-04-30,3884.108238229142
2021-05-03,3892.41449962412
2021-05-04,3860.9429732806525
2021-05-05,3872.390806509003
2021-05-06,3898.177876331963
2021-05-07,3933.192194994271
2021-05-10,3912.2023625766283
2021-05-11,3867.671331124907
2021-05-12,3803.3336416361453
2021-05-13,3813.949644442588
2021-05-14,3872.7966967526286
2021-05-17,3869.2949781797156
2021-05-18,3871.3582751143667
2021-05-19,3849.0927957951167
2021-05-20,3886.462529403958
2021-05-21,3887.936953118388
2021-05-24,3914.165582436309
2021-05-25,3920.315358186922
2021-05-26,3927.386139684412
2021-05-27,3929.9311923612936
2021-05-28,3942.66463284669
2021-05-31,3944.4673309135533
2021-06-01,3957.3223836750203
2021-06-02,3961.299427511493
2021-06-03,3944.823325045642
2021-06-04,3972.345169705386
2021-06-07,3976.3187633178964
2021-06-08,3976.235410107305
2021-06-09,3968.742071539768
2021-06-10,3983.6303845503185
2021-06-11,3990.9339896238575
2021-06-14,4000.123405842088
2021-06-15,3995.4427095274486
2021-06-16,3982.283431575821
2021-06-17,3966.07046092537
2021-06-18,3916.802572804254
2021-06-21,3945.1356793752675
2021-06-22,3965.724539692724
2021-06-23,3967.3520548852034
2021-06-24,3988.1882406996106
2021-06-25,4006.201149740607
2021-06-28,4007.1448489976847
2021-06-29,4005.56252125762
2021-06-30,3996.5849035765204
2021-07-01,4007.036847216835
2021-07-02,4023.1366934183516
2021-07-05,4027.3201049359814
2021-07-06,4016.278166113265
2021-07-07,4022.5443946493897
2021-07-08,3982.254663310474
2021-07-09,4018.6871843958916
2021-07-12,4039.4416136736277
2021-07-13,4033.905027339367
2021-07-14,4032.9219987258243
2021-07-15,4019.5487534223766
2021-07-16,3994.645427636169
2021-07-19,3929.5347245801577
2021-07-20,3962.2536129756854
2021-07-21,3998.2918413177317
2021-07-22,4015.338682871777
2021-07-23,4039.6367147587553
2021-07-26,4037.2508590161037
2021-07-27,4013.5794012750052
2021-07-28,4020.2969975423875
2021-07-29,4054.27756819527
2021-07-30,4024.2164043065777
2021-08-02,4039.1281630072294
2021-08-03,4057.327016580902
2021-08-04,4053.3764746296033
2021-08-05,4071.1941940217757
2021-08-06,4063.756235743341
2021-08-09,4063.3994228249903
2021-08-10,4068.5593872345953
2021-08-11,4079.7534429180637
2021-08-12,4085.368891699182
2021-08-13,4092.6475904411486
2021-08-16,4086.0275117877777
2021-08-17,4055.0968452506486
2021-08-18,4032.1077847859374
2021-08-19,4004.66450351789
2021-08-20,4019.8185576059414
2021-08-23,4063.9220304876585
2021-08-24,4087.109208153492
2021-08-25,4093.6439215427295
2021-08-26,4072.4781999066504
2021-08-27,4102.048227509853
2021-08-30,4122.051250115132
2021-08-31,4124.958943071498
2021-09-01,4138.504442239433
2021-09-02,4150.751563305314
2021-09-03,4155.261144772065
2021-09-06,4165.251220127655
2021-09-07,4153.491498254765
2021-09-08,4135.275910040442
2021-09-09,4117.781001715678
2021-09-10,4105.117330215781
2021-09-13,4107.028354623381
2021-09-14,4093.8874573824028
2021-09-15,4104.656409752744
2021-09-16,4094.4806868442424
2021-09-17,4065.4159597578628
2021-09-20,3999.231619437933
2021-09-21,4004.3559982260404
2021-09-22,4033.445664454336
2021-09-23,4074.707364058384
2021-09-24,4068.6017500327903
2021-09-27,4060.281106323973
2021-09-28,3985.4058906510804
2021-09-29,3979.2337352852533
2021-09-30,3954.542931006631
2021-10-01,3970.9083150861957
2021-10-04,3932.7840520999475
2021-10-05,3959.999397570085
2021-10-06,3956.170311424279
2021-10-07,4001.9293119087365
2021-10-08,4000.164674559042
2021-10-11,3989.3228670605395
2021-10-12,3976.8423648156836
2021-10-13,3995.9611558839856
2021-10-14,4051.402744344598
2021-10-15,4086.6220683285983
2021-10-18,4091.790621444397
2021-10-19,4121.87847119785
2021-10-20,4137.723913975079
2021-10-21,4140.183144172068
2021-10-22,4138.939576559815
2021-10-25,4150.6740728217055
2021-10-26,4159.042042439616
2021-10-27,4136.303392499266
2021-10-28,4165.637280479535
2021-10-29,4156.328452765594
2021-11-01,4174.594670083337
2021-11-02,4180.382323777476
2021-11-03,4199.185536985485
2021-11-04,4216.043397142724
2021-11-05,4223.514054746172
2021-11-08,4231.779839368052
2021-11-09,4222.075939009435
2021-11-10,4192.626347232675
2021-11-11,4195.94893884739
2021-11-12,4223.052835847685
2021-11-15,4226.863345670017
2021-11-16,4234.790997830215
2021-11-17,4221.130961661852
2021-11-18,4222.688263059127
2021-11-19,4213.488605676737
2021-11-22,4189.617416624265
2021-11-23,4181.978681009879
2021-11-24,4182.652261398909
2021-11-25,4188.394004188452
2021-11-26,4094.826331207363
2021-11-29,4120.971442101338
2021-11-30,4056.277254524817
2021-12-01,4045.9692492770823
2021-12-02,4077.073648691734
2021-12-03,4044.100198616143
2021-12-06,4075.8427305595687
2021-12-07,4161.628175239367
2021-12-08,4177.9557383394485
2021-12-09,4153.083778800387
2021-12-10,4167.878662012859
2021-12-13,4134.519906193418
2021-12-14,4103.838581968646
2021-12-15,4143.9318104198865
2021-12-16,4138.721426721282
2021-12-17,4103.986344176895
2021-12-20,4048.617704271412
2021-12-21,4114.015707531254
2021-12-22,4152.8904223294985
2021-12-23,4182.7840466484095
2021-12-24,4184.08860751086
2021-12-27,4220.354543778492
2021-12-28,4224.252250311274
2021-12-29,4226.819950123387
2021-12-30,4221.050001221755
2021-12-31,4218.5321848694975
2022-01-03,4230.451636188883
2022-01-04,4238.864900221369
2022-01-05,4182.035292724527
2022-01-06,4158.676289554921
2022-01-07,4154.281109796198
2022-01-10,4143.432418106715
2022-01-11,4179.12814896224
2022-01-12,4212.602416149769
2022-01-13,4174.121220862712
2022-01-14,4161.485040232999
2022-01-17,4163.8798960009635
2022-01-18,4098.700483978613
2022-01-19,4068.375642722336
2022-01-20,4055.664459835574
2022-01-21,3985.0225248160923
2022-01-24,3953.945950913159
2022-01-25,3914.6842051476287
2022-01-26,3919.988109714317
2022-01-27,3884.414436024915
2022-01-28,3942.630226040726
2022-01-31,4011.19835593298
2022-02-01,4045.4293793298375
2022-02-02,4076.7396491428567
2022-02-03,4004.57589526949
2022-02-04,4019.451462425134
2022-02-07,4016.452125766475
2022-02-08,4037.127972868403
2022-02-09,4100.425927712552
2022-02-10,4062.138271468277
2022-02-11,4001.6847722854964
2022-02-14,3962.111372015481
2022-02-15,4015.3033215881724
2022-02-16,4028.472184227793
2022-02-17,3969.018519272921
2022-02-18,3935.3976334257823
2022-02-21,3921.799244678137
2022-02-22,3886.4950689165626
2022-02-23,3839.8229983159586
2022-02-24,3817.036352376197
2022-02-25,3910.085614733883
2022-02-28,3907.4848586967555
2022-03-01,3854.7532159449424
2022-03-02,3890.6335136010666
2022-03-03,3867.2706815778038
2022-03-04,3803.439484742449
2022-03-07,3699.71317974237
2022-03-08,3670.3344420746066
2022-03-09,3766.4600368882543
2022-03-10,3760.1150769691926
2022-03-11,3717.1506280459275
2022-03-14,3690.018166783847
2022-03-15,3724.9733674365666
2022-03-16,3828.121836765434
2022-03-17,3896.48026537288
2022-03-18,3931.3416559222774
2022-03-21,3927.87834098528
2022-03-22,3969.4084432465866
2022-03-23,3941.1468073135075
2022-03-24,3973.4164467287756
2022-03-25,3977.977438950745
2022-03-28,3992.6050727707157
2022-03-29,4054.3448476223616
2022-03-30,4045.3674491014335
2022-03-31,3992.0215668366413
2022-04-01,3998.2789231426486
2022-04-04,4032.760967099715
2022-04-05,3993.992118776374
2022-04-06,3945.4408991277155
2022-04-07,3941.8437786505874
2022-04-08,3940.761061177764
2022-04-11,3888.587033022752
2022-04-12,3873.5232332395803
2022-04-13,3906.7619665212646
2022-04-14,3878.013339668614
2022-04-15,3875.159588631821
2022-04-18,3866.377612038415
2022-04-19,3898.267691306215
2022-04-20,3909.7395586118787
2022-04-21,3866.3130943556826
2022-04-22,3771.9248649084125
2022-04-25,3755.2005850403275
2022-04-26,3679.127354510261
2022-04-27,3673.1489799720684
2022-04-28,3740.414139569648
2022-04-29,3672.606855280269
2022-05-02,3672.671146157241
2022-05-03,3687.279952988896
2022-05-04,3748.9092745984617
2022-05-05,3653.8794060791784
2022-05-06,3618.471669016791
2022-05-09,3507.0484898094724
2022-05-10,3510.6120647014704
2022-05-11,3483.750448952912
2022-05-12,3460.6705436693055
2022-05-13,3539.31833844177
2022-05-16,3532.18595877181
2022-05-17,3603.1152293398886
2022-05-18,3509.0475112051977
2022-05-19,3486.9980134293323
2022-05-20,3500.176732801163
2022-05-23,3554.6621697049495
2022-05-24,3523.0986438627065
2022-05-25,3547.146256604679
2022-05-26,3599.8385344606736
2022-05-27,3676.4686581683454
2022-05-30,3699.3699265487185
2022-05-31,3676.8901582922053
2022-06-01,3649.5571418969644
2022-06-02,3698.177275545214
2022-06-03,3657.3544485997604
2022-06-06,3674.1932644802373
2022-06-07,3688.3928202747616
2022-06-08,3667.848461057799
2022-06-09,3593.8696622071943
2022-06-10,3495.5838369447415
2022-06-13,3367.8816718115636
2022-06-14,3346.607757993666
2022-06-15,3383.545808323135
2022-06-16,3302.1162643994558
2022-06-17,3295.2695936100827
2022-06-20,3304.4995964589198
2022-06-21,3367.6922243744348
2022-06-22,3351.5247192918273
2022-06-23,3366.3942019427373
2022-06-24,3454.8759776076076
2022-06-27,3465.8449295169935
2022-06-28,3421.458035043324
2022-06-29,3404.613933386331
2022-06-30,3367.0298105988145
2022-07-01,3380.050794429521
2022-07-04,3389.779588406372
2022-07-05,3373.4820383140473
2022-07-06,3378.0137132924074
2022-07-07,3431.571715189329
2022-07-08,3435.65333998278
2022-07-11,3391.9155796909467
2022-07-12,3365.3646410208567
2022-07-13,3355.560827436217
2022-07-14,3326.167837206838
2022-07-15,3380.5679336672056
2022-07-18,3386.8813276878755
2022-07-19,3457.5857848263254
2022-07-20,3478.4913564822277
2022-07-21,3503.5518054435215
2022-07-22,3488.2461670707908
2022-07-25,3487.479547967624
2022-07-26,3457.4607716796004
2022-07-27,3516.6631337374693
2022-07-28,3560.5948839874286
2022-07-29,3602.192306436186
2022-08-01,3606.1673249809714
2022-08-02,3577.465881839999
2022-08-03,3609.6360699462857
2022-08-04,3621.04436237872
2022-08-05,3613.3103809777203
2022-08-08,3620.7940961268578
2022-08-09,3603.1986148485
2022-08-10,3671.4335212501323
2022-08-11,3677.9208863949643
2022-08-12,3717.936639116551
2022-08-15,3726.6817175508836
2022-08-16,3728.7662621532704
2022-08-17,3704.564469812135
2022-08-18,3707.0646921844104
2022-08-19,3658.6526790960515
2022-08-22,3594.7549333715297
2022-08-23,3587.172237948596
2022-08-24,3592.1436787042862
2022-08-25,3637.62509758023
2022-08-26,3552.4414275787126
2022-08-29,3516.4489614549843
2022-08-30,3489.748177936749
2022-08-31,3469.559419805975
2022-09-01,3443.499409749351
2022-09-02,3436.117602777707
2022-09-05,3424.6226542484205
2022-09-06,3410.01827786024
2022-09-07,3440.7846901288676
2022-09-08,3467.273989088688
2022-09-09,3527.3860491241767
2022-09-12,3573.22364218997
2022-09-13,3457.09711009887
2022-09-14,3448.738663258634
2022-09-15,3417.248871755064
2022-09-16,3384.9322054088207
2022-09-19,3395.9492129197515
2022-09-20,3367.992523377222
2022-09-21,3318.839847615114
2022-09-22,3283.257986818196
2022-09-23,3217.0808898096293
2022-09-26,3175.020962722597
2022-09-27,3171.1011467348703
2022-09-28,3205.7807537676526
2022-09-29,3162.8817200093854
2022-09-30,3137.3567024847
2022-10-03,3197.6328823045947
2022-10-04,3300.6235152016716
2022-10-05,3293.4656855014437
2022-10-06,3268.932490253428
2022-10-07,3192.7272416003575
2022-10-10,3161.6628526128893
2022-10-11,3130.9788186431056
2022-10-12,3121.252081390322
2022-10-13,3168.751771934691
2022-10-14,3131.253666970005
2022-10-17,3196.9508950485065
2022-10-18,3232.804447385106
2022-10-19,3205.810564172048
2022-10-20,3193.7632809889274
2022-10-21,3232.7887442531946
2022-10-24,3259.8444570666243
2022-10-25,3312.747845537656
2022-10-26,3313.5346516360146
2022-10-27,3302.4840911884526
2022-10-28,3341.0485068488983
2022-10-31,3326.6219874934172
2022-11-01,3332.837174024739
2022-11-02,3280.411821340579
2022-11-03,3238.3832800818163
2022-11-04,3294.4072341447436
2022-11-07,3330.5546234581793
2022-11-08,3356.5706995280634
2022-11-09,3304.097130392924
2022-11-10,3448.8620312269436
2022-11-11,3511.3985001142364
2022-11-14,3489.8157951714916
2022-11-15,3526.9264521162945
2022-11-16,3500.5212181922916
2022-11-17,3478.4416853425814
2022-11-18,3498.2394926188376
2022-11-21,3472.1557035530145
2022-11-22,3512.2002382332557
2022-11-23,3539.9881994627535
2022-11-24,3555.6296063988766
2022-11-25,3551.195168688699
2022-11-28,3505.788567292157
2022-11-29,3508.747780553707
2022-11-30,3584.5985220854814
2022-12-01,3611.130370827798
2022-12-02,3600.031793085343
2022-12-05,3561.1958451119567
2022-12-06,3516.69497712794
2022-12-07,3501.996012967748
2022-12-08,3525.1348925145708
2022-12-09,3520.194515865968
2022-12-12,3538.6441591496455
2022-12-13,3576.9239120485327
2022-12-14,3568.7496999605146
2022-12-15,3483.2992575025246
2022-12-16,3445.947473675099
2022-12-19,3422.5119526546414
2022-12-20,3428.129858824815
2022-12-21,3469.0769981480516
2022-12-22,3436.5084333767454
2022-12-23,3444.51696261111
2022-12-26,3445.551879469217
2022-12-27,3441.514977305771
2022-12-28,3412.067676277794
2022-12-29,3454.8480574279256
2022-12-30,3443.5889356592497
2023-01-02,3448.9420329374066
2023-01-03,3444.1838776575178
2023-01-04,3476.5058383028627
2023-01-05,3445.8999868355327
2023-01-06,3512.5003302440145
2023-01-09,3538.6761482981806
2023-01-10,3548.3235340974675
2023-01-11,3584.2336357734007
2023-01-12,3607.7336726751
2023-01-13,3630.8130012437036
2023-01-16,3631.4905536901256
2023-01-17,3630.7755209068814
2023-01-18,3604.9424757172796
2023-01-19,3571.117555973063
2023-01-20,3621.6445530182577
2023-01-23,3657.495254695614
2023-01-24,3658.917145500272
2023-01-25,3660.742623660708
2023-01-26,3689.918485264219
2023-01-27,3699.149619366336
2023-01-30,3665.270124798678
2023-01-31,3690.407160768118
2023-02-01,3724.2919843753875
2023-02-02,3770.044971911663
2023-02-03,3735.5394097534386
2023-02-06,3693.9461840055146
2023-02-07,3726.015561154953
2023-02-08,3706.366627708379
2023-02-09,3694.7891334813353
2023-02-10,3683.132381896678
2023-02-13,3714.011440775261
2023-02-14,3717.631249607609
2023-02-15,3717.6174400251525
2023-02-16,3691.3912657041765
2023-02-17,3674.308768809395
2023-02-20,3680.685841577066
2023-02-21,3626.219063230857
2023-02-22,3609.9212738195192
2023-02-23,3620.462882443749
2023-02-24,3578.246642490987
2023-02-27,3594.075364539262
2023-02-28,3584.6487007782484
2023-03-01,3583.8153519171246
2023-03-02,3597.9907291149498
2023-03-03,3646.441088398881
2023-03-06,3656.74626007916
2023-03-07,3607.7752415225004
2023-03-08,3604.4727512795007
2023-03-09,3561.6282323890646
2023-03-10,3516.703908454244
2023-03-13,3503.135401895789
2023-03-14,3533.135939457158
2023-03-15,3491.7713572148514
2023-03-16,3537.0415082281875
2023-03-17,3515.6242913575525
2023-03-20,3538.219599711665
2023-03-21,3581.749679453025
2023-03-22,3555.4357234909617
2023-03-23,3575.0309841692642
2023-03-24,3568.0258612341936
2023-03-27,3576.498689556052
2023-03-28,3582.0462629624353
2023-03-29,3626.8866929556966
2023-03-30,3655.7947161277793
2023-03-31,3695.161741038018
2023-04-03,3709.293261274644
2023-04-04,3700.8739864301397
2023-04-05,3686.4003848261896
2023-04-06,3692.771114330222
2023-04-07,3694.1793418442967
2023-04-10,3690.032256972507
2023-04-11,3705.9500364082487
2023-04-12,3703.306589546662
2023-04-13,3744.873786318682
2023-04-14,3742.416176750924
2023-04-17,3745.5808480041255
2023-04-18,3754.497513684738
2023-04-19,3747.4375014247908
2023-04-20,3734.66205890855
2023-04-21,3731.7123592570624
2023-04-24,3735.601704746576
2023-04-25,3687.145339503524
2023-04-26,3676.756870375387
2023-04-27,3721.440035998262
2023-04-28,3748.283549203831
2023-05-01,3745.411834522693
2023-05-02,3708.4879899766274
2023-05-03,3698.9370091799965
2023-05-04,3682.1793313930843
2023-05-05,3735.3003261667495
2023-05-08,3745.248053114463
2023-05-09,3728.526893943013
2023-05-10,3736.349010490132
2023-05-11,3727.4252332520005
2023-05-12,3719.7125452231976
2023-05-15,3734.086659571156
2023-05-16,3714.854466850667
2023-05-17,3735.786334492078
2023-05-18,3760.2360529568946
2023-05-19,3763.2242097260137
2023-05-22,3769.9141478568517
2023-05-23,3734.15051909234
2023-05-24,3697.896265291417
2023-05-25,3704.74622898078
2023-05-26,3745.32126695148
2023-05-29,3747.8986803078355
2023-05-30,3742.2750584284436
2023-05-31,3708.1741189603167
2023-06-01,3746.7422611193133
2023-06-02,3805.6762784805173
2023-06-05,3803.10533554877
2023-06-06,3813.0802900062076
2023-06-07,3802.633423787083
2023-06-08,3820.885135052614
2023-06-09,3828.624421483827
2023-06-12,3853.192936616835
2023-06-13,3885.7595918228703
2023-06-14,3898.707506309508
2023-06-15,3934.599019572247
2023-06-16,3932.5086242684315
2023-06-19,3921.2962929448945
2023-06-20,3898.915475609359
2023-06-21,3881.4933817013016
2023-06-22,3883.578071363855
2023-06-23,3846.6408449323762
2023-06-26,3836.923054877201
2023-06-27,3870.5535433000864
2023-06-28,3873.789828597012
2023-06-29,3883.2304454418413
2023-06-30,3923.4219709505073
2023-07-03,3936.4620001364765
2023-07-04,3937.6367401341085
2023-07-05,3922.203154910399
2023-07-06,3873.230493224447
2023-07-07,3871.450534583819
2023-07-10,3880.155255942315
2023-07-11,3911.8415653017546
2023-07-12,3956.7117435510845
2023-07-13,4001.8140462464808
2023-07-14,4003.150070783265
2023-07-17,4007.652602218062
2023-07-18,4029.666775404209
2023-07-19,4035.130029832101
2023-07-20,4013.0297367421754
2023-07-21,4010.4404688177037
2023-07-24,4020.4746160661375
2023-07-25,4037.8433640732906
2023-07-26,4036.9450859425997
2023-07-27,4026.358763688568
2023-07-28,4057.689481417266
2023-07-31,4066.9635338126122
2023-08-01,4046.925635197548
2023-08-02,3980.4784629521787
2023-08-03,3966.715191835616
2023-08-04,3963.6259391761128
2023-08-07,3983.4821481831555
2023-08-08,3959.6882675076513
2023-08-09,3947.920679987405
2023-08-10,3958.952014692967
2023-08-11,3940.5884907653694
2023-08-14,3941.1416829317636
2023-08-15,3905.605307349162
2023-08-16,3876.7535388076203
2023-08-17,3848.292267571594
2023-08-18,3839.4402670692066
2023-08-21,3852.98813393629
2023-08-22,3854.4760531059633
2023-08-23,3889.813814298627
2023-08-24,3857.8616852430514
2023-08-25,3860.182831877232
2023-08-28,3891.348926430694
2023-08-29,3942.670887372069
2023-08-30,3962.4095845131487
2023-08-31,3953.3674170871086
2023-09-01,3959.8770152921857
2023-09-04,3964.953061813309
2023-09-05,3941.20894708594
2023-09-06,3918.554944223025
2023-09-07,3905.5116927107524
2023-09-08,3907.7593614810817
2023-09-11,3933.9520629611575
2023-09-12,3917.2076766855125
2023-09-13,3918.0530250424986
2023-09-14,3952.6475876133377
2023-09-15,3928.214136481598
2023-09-18,3918.802537756394
2023-09-19,3912.250283571705
2023-09-20,3893.4620460033034
2023-09-21,3827.686828001688
2023-09-22,3823.784422472884
2023-09-25,3820.8481681303147
2023-09-26,3775.3000224527136
2023-09-27,3771.089143640475
2023-09-28,3789.2403832513023
2023-09-29,3789.930561512977
2023-10-02,3772.263543063347
2023-10-03,3720.7024983000033
2023-10-04,3729.2662550551067
2023-10-05,3737.268890100041
2023-10-06,3774.7001453681073
2023-10-09,3789.936260810758
2023-10-10,3828.4985987347336
2023-10-11,3847.619135959096
2023-10-12,3832.0882244997974
2023-10-13,3801.2533619298806
2023-10-16,3826.6669240149845
2023-10-17,3832.6822326970037
2023-10-18,3785.6774966074895
2023-10-19,3748.07877784897
2023-10-20,3706.5087001065313
2023-10-23,3697.8453551124844
2023-10-24,3717.15900271531
2023-10-25,3681.9702536915847
2023-10-26,3640.820668419564
2023-10-27,3634.0427945418533
2023-10-30,3665.4962818393233
2023-10-31,3675.989153495243
2023-11-01,3710.6509080007945
2023-11-02,3782.399595511192
2023-11-03,3827.1514742771146
2023-11-06,3842.785417409893
2023-11-07,3836.9028679548205
2023-11-08,3837.0308542211856
2023-11-09,3825.784474024406
2023-11-10,3848.556433547
2023-11-13,3855.047837099055
2023-11-14,3928.2889028861837
2023-11-15,3953.0645161051134
2023-11-16,3950.784946653871
2023-11-17,3962.9408409362754
2023-11-20,3990.525816734638
2023-11-21,3985.976904825679
2023-11-22,3990.052370491655
2023-11-23,3996.892273416609
2023-11-24,4001.330796954828
2023-11-27,3991.677600053995
2023-11-28,4000.522255774224
2023-11-29,4001.445473773159
2023-11-30,4015.3281765728398
2023-12-01,4033.569030366945
2023-12-04,4016.1690095171452
2023-12-05,4008.7487581886107
2023-12-06,4007.461971165283
2023-12-07,4025.2781937211653
2023-12-08,4039.037399215222
2023-12-11,4049.229034887444
2023-12-12,4063.904938
2023-12-13,4102.512328
2023-12-14,4144.349038
2023-12-15,4144.716029
2023-12-18,4149.636534105107
2023-12-19,4176.191580944138
2023-12-20,4138.640026566586
2023-12-21,4166.81759612527
2023-12-22,4172.800474907592
2023-12-25,4173.497486047739
2023-12-26,4187.864352870732
2023-12-27,4208.912664187726
2023-12-28,4218.07251454157
2023-12-29,4207.995212979618
2024-01-01,4208.4826379474625
2024-01-02,4176.808196089589
2024-01-03,4135.839504507764
2024-01-04,4134.788939702395
2024-01-05,4141.490670521801
2024-01-08,4178.524091604985
2024-01-09,4169.36854868057
2024-01-10,4184.938930629558
2024-01-11,4182.569508425767
2024-01-12,4196.447912368671
2024-01-15,4192.20571987411
2024-01-16,4162.878088362572
2024-01-17,4123.292522010347
2024-01-18,4151.814298401636
2024-01-19,4194.3001504813155
2024-01-22,4207.82120600419
2024-01-23,4212.515006951251
2024-01-24,4233.004707499949
2024-01-25,4246.110579389209
2024-01-26,4249.370457764238
2024-01-29,4275.52669494657
2024-01-30,4272.086887378467
2024-01-31,4232.699650366839
2024-02-01,4261.047503868121
2024-02-02,4288.580759255078
2024-02-05,4269.748095412136
2024-02-06,4290.0014130708605
2024-02-07,4315.647939218525
2024-02-08,4315.046095622127
2024-02-09,4332.736460714707
2024-02-12,4332.53302217441
2024-02-13,4284.672376422838
2024-02-14,4316.207989767515
2024-02-15,4349.371306515674
2024-02-16,4347.864940318433
2024-02-19,4350.030336032536
2024-02-20,4336.398367912852
2024-02-21,4334.791012345343
2024-02-22,4407.780856483453
2024-02-23,4412.348527855885
2024-02-26,4400.876232053105
2024-02-27,4409.809289917332
2024-02-28,4395.426958794139
2024-02-29,4414.301556174051
2024-03-01,4448.117714211185
2024-03-04,4448.573458159346
2024-03-05,4415.063865774154
2024-03-06,4441.594936302346
2024-03-07,4484.919099001339
2024-03-08,4474.833794586459
2024-03-11,4460.202087019242
